method_cls,method_name,grid_seed,reward,done
baseline,random,0,0.0,0
baseline,random,1,0.0,0
baseline,random,2,0.0,0
baseline,random,3,0.0,0
baseline,random,4,0.0,0
baseline,random,5,0.0,0
baseline,random,6,0.0,0
baseline,random,7,0.0,0
baseline,random,8,0.0,0
baseline,random,9,0.0,0
baseline,random,10,0.0,0
baseline,random,11,0.0,0
baseline,random,12,0.0,0
baseline,random,13,0.0,0
baseline,random,14,0.0,0
baseline,random,15,0.0,0
baseline,random,16,0.0,0
baseline,random,17,0.0,0
baseline,random,18,0.0,0
baseline,random,19,0.0,0
baseline,random,20,0.0,0
baseline,random,21,0.0,0
baseline,random,22,0.0,0
baseline,random,23,0.0,0
baseline,random,24,0.0,0
baseline,random,25,0.0,0
baseline,random,26,0.0,0
baseline,random,27,0.0,0
baseline,random,28,0.0,0
baseline,random,29,0.0,0
baseline,random,30,0.0,0
baseline,random,31,0.0,0
baseline,random,32,0.0,0
baseline,random,33,0.0,0
baseline,random,34,0.0,0
baseline,random,35,0.0,0
baseline,random,36,0.0,0
baseline,random,37,0.0,0
baseline,random,38,0.0,0
baseline,random,39,0.0,0
baseline,random,40,0.0,0
baseline,random,41,0.0,0
baseline,random,42,0.0,0
baseline,random,43,0.0,0
baseline,random,44,0.0,0
baseline,random,45,0.0,0
baseline,random,46,0.0,0
baseline,random,47,0.0,0
baseline,random,48,0.0,0
baseline,random,49,0.0,0
baseline,random,50,0.0,0
baseline,random,51,0.0,0
baseline,random,52,0.0,0
baseline,random,53,0.0,0
baseline,random,54,0.0,0
baseline,random,55,0.0,0
baseline,random,56,0.0,0
baseline,random,57,0.0,0
baseline,random,58,0.0,0
baseline,random,59,0.0,0
baseline,random,60,0.0,0
baseline,random,61,0.0,0
baseline,random,62,0.0,0
baseline,random,63,0.0,0
baseline,random,64,0.0,0
baseline,random,65,0.0,0
baseline,random,66,0.0,0
baseline,random,67,0.0,0
baseline,random,68,0.0,0
baseline,random,69,0.0,0
baseline,random,70,0.0,0
baseline,random,71,0.0,0
baseline,random,72,0.0,0
baseline,random,73,0.0,0
baseline,random,74,0.0,0
baseline,random,75,0.0,0
baseline,random,76,0.0,0
baseline,random,77,0.0,0
baseline,random,78,0.0,0
baseline,random,79,0.0,0
baseline,random,80,0.0,0
baseline,random,81,0.0,0
baseline,random,82,0.0,0
baseline,random,83,0.0,0
baseline,random,84,0.0,0
baseline,random,85,0.0,0
baseline,random,86,0.0,0
baseline,random,87,0.0,0
baseline,random,88,0.0,0
baseline,random,89,0.0,0
baseline,random,90,0.0,0
baseline,random,91,0.0,0
baseline,random,92,0.0,0
baseline,random,93,0.0,0
baseline,random,94,0.0,0
baseline,random,95,0.0,0
baseline,random,96,0.0,0
baseline,random,97,0.0,0
baseline,random,98,0.0,0
baseline,random,99,0.0,0
baseline,random,100,0.0,0
baseline,random,101,0.0,0
baseline,random,102,0.0,0
baseline,random,103,0.0,0
baseline,random,104,0.0,0
baseline,random,105,0.0,0
baseline,random,106,0.0,0
baseline,random,107,0.0,0
baseline,random,108,0.0,0
baseline,random,109,0.0,0
baseline,random,110,0.0,0
baseline,random,111,0.0,0
baseline,random,112,0.0,0
baseline,random,113,0.0,0
baseline,random,114,0.0,0
baseline,random,115,0.0,0
baseline,random,116,0.0,0
baseline,random,117,0.0,0
baseline,random,118,0.0,0
baseline,random,119,0.0,0
baseline,random,120,0.0,0
baseline,random,121,0.0,0
baseline,random,122,0.0,0
baseline,random,123,0.0,0
baseline,random,124,0.0,0
baseline,random,125,0.0,0
baseline,random,126,0.0,0
baseline,random,127,0.0,0
baseline,random,128,0.0,0
baseline,random,129,0.0,0
baseline,random,130,0.0,0
baseline,random,131,0.0,0
baseline,random,132,0.0,0
baseline,random,133,0.0,0
baseline,random,134,0.0,0
baseline,random,135,0.0,0
baseline,random,136,0.0,0
baseline,random,137,0.0,0
baseline,random,138,0.0,0
baseline,random,139,0.0,0
baseline,random,140,0.0,0
baseline,random,141,0.0,0
baseline,random,142,0.0,0
baseline,random,143,0.0,0
baseline,random,144,0.0,0
baseline,random,145,0.0,0
baseline,random,146,0.0,0
baseline,random,147,0.0,0
baseline,random,148,0.0,0
baseline,random,149,0.0,0
baseline,random,150,0.0,0
baseline,random,151,0.0,0
baseline,random,152,0.0,0
baseline,random,153,0.0,0
baseline,random,154,0.0,0
baseline,random,155,0.0,0
baseline,random,156,0.0,0
baseline,random,157,0.0,0
baseline,random,158,0.0,0
baseline,random,159,0.0,0
baseline,random,160,0.0,0
baseline,random,161,0.0,0
baseline,random,162,0.0,0
baseline,random,163,0.0,0
baseline,random,164,0.0,0
baseline,random,165,0.0,0
baseline,random,166,0.0,0
baseline,random,167,0.0,0
baseline,random,168,0.0,0
baseline,random,169,0.0,0
baseline,random,170,0.0,0
baseline,random,171,0.0,0
baseline,random,172,0.0,0
baseline,random,173,0.0,0
baseline,random,174,0.0,0
baseline,random,175,0.0,0
baseline,random,176,0.0,0
baseline,random,177,0.0,0
baseline,random,178,0.0,0
baseline,random,179,0.0,0
baseline,random,180,0.0,0
baseline,random,181,0.0,0
baseline,random,182,0.0,0
baseline,random,183,0.0,0
baseline,random,184,0.0,0
baseline,random,185,0.0,0
baseline,random,186,0.0,0
baseline,random,187,0.0,0
baseline,random,188,0.0,0
baseline,random,189,0.0,0
baseline,random,190,0.0,0
baseline,random,191,0.0,0
baseline,random,192,0.0,0
baseline,random,193,0.0,0
baseline,random,194,0.0,0
baseline,random,195,0.0,0
baseline,random,196,0.0,0
baseline,random,197,0.0,0
baseline,random,198,0.0,0
baseline,random,199,0.0,0
baseline,random,200,0.0,0
baseline,random,201,0.0,0
baseline,random,202,0.0,0
baseline,random,203,0.0,0
baseline,random,204,0.0,0
baseline,random,205,0.0,0
baseline,random,206,0.0,0
baseline,random,207,0.0,0
baseline,random,208,0.0,0
baseline,random,209,0.0,0
baseline,random,210,0.0,0
baseline,random,211,0.0,0
baseline,random,212,0.0,0
baseline,random,213,0.0,0
baseline,random,214,0.0,0
baseline,random,215,0.0,0
baseline,random,216,0.0,0
baseline,random,217,0.0,0
baseline,random,218,0.0,0
baseline,random,219,0.0,0
baseline,random,220,0.0,0
baseline,random,221,0.0,0
baseline,random,222,0.0,0
baseline,random,223,0.0,0
baseline,random,224,0.0,0
baseline,random,225,0.0,0
baseline,random,226,0.0,0
baseline,random,227,0.0,0
baseline,random,228,0.0,0
baseline,random,229,0.0,0
baseline,random,230,0.0,0
baseline,random,231,0.0,0
baseline,random,232,0.0,0
baseline,random,233,0.0,0
baseline,random,234,0.0,0
baseline,random,235,0.0,0
baseline,random,236,0.0,0
baseline,random,237,0.0,0
baseline,random,238,0.0,0
baseline,random,239,0.0,0
baseline,random,240,0.0,0
baseline,random,241,0.0,0
baseline,random,242,0.0,0
baseline,random,243,0.0,0
baseline,random,244,0.0,0
baseline,random,245,0.0,0
baseline,random,246,0.0,0
baseline,random,247,0.0,0
baseline,random,248,0.0,0
baseline,random,249,0.0,0
baseline,random,250,0.0,0
baseline,random,251,0.0,0
baseline,random,252,0.0,0
baseline,random,253,0.0,0
baseline,random,254,0.0,0
baseline,random,255,0.0,0
baseline,random,256,0.0,0
baseline,random,257,0.0,0
baseline,random,258,0.0,0
baseline,random,259,0.0,0
baseline,random,260,0.0,0
baseline,random,261,0.0,0
baseline,random,262,0.0,0
baseline,random,263,0.0,0
baseline,random,264,0.0,0
baseline,random,265,0.0,0
baseline,random,266,0.0,0
baseline,random,267,0.0,0
baseline,random,268,0.0,0
baseline,random,269,0.0,0
baseline,random,270,0.0,0
baseline,random,271,0.0,0
baseline,random,272,0.0,0
baseline,random,273,0.0,0
baseline,random,274,0.0,0
baseline,random,275,0.0,0
baseline,random,276,0.0,0
baseline,random,277,0.0,0
baseline,random,278,0.0,0
baseline,random,279,0.0,0
baseline,random,280,0.0,0
baseline,random,281,0.0,0
baseline,random,282,0.0,0
baseline,random,283,0.0,0
baseline,random,284,0.0,0
baseline,random,285,0.0,0
baseline,random,286,0.0,0
baseline,random,287,0.0,0
baseline,random,288,0.0,0
baseline,random,289,0.0,0
baseline,random,290,0.0,0
baseline,random,291,0.0,0
baseline,random,292,0.0,0
baseline,random,293,0.0,0
baseline,random,294,0.0,0
baseline,random,295,0.0,0
baseline,random,296,0.0,0
baseline,random,297,0.0,0
baseline,random,298,0.0,0
baseline,random,299,0.0,0
baseline,random,300,0.0,0
baseline,random,301,0.0,0
baseline,random,302,0.0,0
baseline,random,303,0.0,0
baseline,random,304,0.0,0
baseline,random,305,0.0,0
baseline,random,306,0.0,0
baseline,random,307,0.0,0
baseline,random,308,0.0,0
baseline,random,309,0.0,0
baseline,random,310,0.0,0
baseline,random,311,0.0,0
baseline,random,312,0.0,0
baseline,random,313,0.0,0
baseline,random,314,0.0,0
baseline,random,315,0.0,0
baseline,random,316,0.0,0
baseline,random,317,0.0,0
baseline,random,318,0.0,0
baseline,random,319,0.0,0
baseline,random,320,0.0,0
baseline,random,321,0.0,0
baseline,random,322,0.0,0
baseline,random,323,0.0,0
baseline,random,324,0.0,0
baseline,random,325,0.0,0
baseline,random,326,0.0,0
baseline,random,327,0.0,0
baseline,random,328,0.0,0
baseline,random,329,0.0,0
baseline,random,330,0.0,0
baseline,random,331,0.0,0
baseline,random,332,0.0,0
baseline,random,333,0.0,0
baseline,random,334,0.0,0
baseline,random,335,0.0,0
baseline,random,336,0.0,0
baseline,random,337,0.0,0
baseline,random,338,0.0,0
baseline,random,339,0.0,0
baseline,random,340,0.0,0
baseline,random,341,0.0,0
baseline,random,342,0.0,0
baseline,random,343,0.0,0
baseline,random,344,0.0,0
baseline,random,345,0.0,0
baseline,random,346,0.0,0
baseline,random,347,0.0,0
baseline,random,348,0.0,0
baseline,random,349,0.0,0
baseline,random,350,0.0,0
baseline,random,351,0.0,0
baseline,random,352,0.0,0
baseline,random,353,0.0,0
baseline,random,354,0.0,0
baseline,random,355,0.0,0
baseline,random,356,0.0,0
baseline,random,357,0.0,0
baseline,random,358,0.0,0
baseline,random,359,0.0,0
baseline,random,360,0.0,0
baseline,random,361,0.0,0
baseline,random,362,0.0,0
baseline,random,363,0.0,0
baseline,random,364,0.0,0
baseline,random,365,0.0,0
baseline,random,366,0.0,0
baseline,random,367,0.0,0
baseline,random,368,0.0,0
baseline,random,369,0.0,0
baseline,random,370,0.0,0
baseline,random,371,0.0,0
baseline,random,372,0.0,0
baseline,random,373,0.0,0
baseline,random,374,0.0,0
baseline,random,375,0.0,0
baseline,random,376,0.0,0
baseline,random,377,0.0,0
baseline,random,378,0.0,0
baseline,random,379,0.0,0
baseline,random,380,0.0,0
baseline,random,381,0.0,0
baseline,random,382,0.0,0
baseline,random,383,0.0,0
baseline,random,384,0.0,0
baseline,random,385,0.0,0
baseline,random,386,0.0,0
baseline,random,387,0.0,0
baseline,random,388,0.0,0
baseline,random,389,0.0,0
baseline,random,390,0.0,0
baseline,random,391,0.0,0
baseline,random,392,0.0,0
baseline,random,393,0.0,0
baseline,random,394,0.0,0
baseline,random,395,0.0,0
baseline,random,396,0.0,0
baseline,random,397,0.0,0
baseline,random,398,0.0,0
baseline,random,399,0.0,0
baseline,random,400,0.0,0
baseline,random,401,0.0,0
baseline,random,402,0.0,0
baseline,random,403,0.0,0
baseline,random,404,0.0,0
baseline,random,405,0.0,0
baseline,random,406,0.0,0
baseline,random,407,0.0,0
baseline,random,408,0.0,0
baseline,random,409,0.0,0
baseline,random,410,0.0,0
baseline,random,411,0.0,0
baseline,random,412,0.0,0
baseline,random,413,0.0,0
baseline,random,414,0.0,0
baseline,random,415,0.0,0
baseline,random,416,0.0,0
baseline,random,417,0.0,0
baseline,random,418,0.0,0
baseline,random,419,0.0,0
baseline,random,420,0.0,0
baseline,random,421,0.0,0
baseline,random,422,0.0,0
baseline,random,423,0.0,0
baseline,random,424,0.0,0
baseline,random,425,0.0,0
baseline,random,426,0.0,0
baseline,random,427,0.0,0
baseline,random,428,0.0,0
baseline,random,429,0.0,0
baseline,random,430,0.0,0
baseline,random,431,0.0,0
baseline,random,432,0.0,0
baseline,random,433,0.0,0
baseline,random,434,0.0,0
baseline,random,435,0.0,0
baseline,random,436,0.0,0
baseline,random,437,0.0,0
baseline,random,438,0.0,0
baseline,random,439,0.0,0
baseline,random,440,0.0,0
baseline,random,441,0.0,0
baseline,random,442,0.0,0
baseline,random,443,0.0,0
baseline,random,444,0.0,0
baseline,random,445,0.0,0
baseline,random,446,0.0,0
baseline,random,447,0.0,0
baseline,random,448,0.0,0
baseline,random,449,0.0,0
baseline,random,450,0.0,0
baseline,random,451,0.0,0
baseline,random,452,0.0,0
baseline,random,453,0.0,0
baseline,random,454,0.0,0
baseline,random,455,0.0,0
baseline,random,456,0.0,0
baseline,random,457,0.0,0
baseline,random,458,0.0,0
baseline,random,459,0.0,0
baseline,random,460,0.0,0
baseline,random,461,0.0,0
baseline,random,462,0.0,0
baseline,random,463,0.0,0
baseline,random,464,0.0,0
baseline,random,465,0.0,0
baseline,random,466,0.0,0
baseline,random,467,0.0,0
baseline,random,468,0.0,0
baseline,random,469,0.0,0
baseline,random,470,0.0,0
baseline,random,471,0.0,0
baseline,random,472,0.0,0
baseline,random,473,0.0,0
baseline,random,474,0.0,0
baseline,random,475,0.0,0
baseline,random,476,0.0,0
baseline,random,477,0.0,0
baseline,random,478,0.0,0
baseline,random,479,0.0,0
baseline,random,480,0.0,0
baseline,random,481,0.0,0
baseline,random,482,0.0,0
baseline,random,483,0.0,0
baseline,random,484,0.0,0
baseline,random,485,0.0,0
baseline,random,486,0.0,0
baseline,random,487,0.0,0
baseline,random,488,0.0,0
baseline,random,489,0.0,0
baseline,random,490,0.0,0
baseline,random,491,0.0,0
baseline,random,492,0.0,0
baseline,random,493,0.0,0
baseline,random,494,0.0,0
baseline,random,495,0.0,0
baseline,random,496,0.0,0
baseline,random,497,0.0,0
baseline,random,498,0.0,0
baseline,random,499,0.0,0
baseline,random,500,0.0,0
baseline,random,501,0.0,0
baseline,random,502,0.0,0
baseline,random,503,0.0,0
baseline,random,504,0.0,0
baseline,random,505,0.0,0
baseline,random,506,0.0,0
baseline,random,507,0.0,0
baseline,random,508,0.0,0
baseline,random,509,0.0,0
baseline,random,510,0.0,0
baseline,random,511,0.0,0
baseline,random,512,0.0,0
baseline,random,513,0.0,0
baseline,random,514,0.0,0
baseline,random,515,0.0,0
baseline,random,516,0.0,0
baseline,random,517,0.0,0
baseline,random,518,0.0,0
baseline,random,519,0.0,0
baseline,random,520,0.0,0
baseline,random,521,0.0,0
baseline,random,522,0.0,0
baseline,random,523,0.0,0
baseline,random,524,0.0,0
baseline,random,525,0.0,0
baseline,random,526,0.0,0
baseline,random,527,0.0,0
baseline,random,528,0.0,0
baseline,random,529,0.0,0
baseline,random,530,0.0,0
baseline,random,531,0.0,0
baseline,random,532,0.0,0
baseline,random,533,0.0,0
baseline,random,534,0.0,0
baseline,random,535,0.0,0
baseline,random,536,0.0,0
baseline,random,537,0.0,0
baseline,random,538,0.0,0
baseline,random,539,0.0,0
baseline,random,540,0.0,0
baseline,random,541,0.0,0
baseline,random,542,0.0,0
baseline,random,543,0.0,0
baseline,random,544,0.0,0
baseline,random,545,0.0,0
baseline,random,546,0.0,0
baseline,random,547,0.0,0
baseline,random,548,0.0,0
baseline,random,549,0.0,0
baseline,random,550,0.0,0
baseline,random,551,0.0,0
baseline,random,552,0.0,0
baseline,random,553,0.0,0
baseline,random,554,0.0,0
baseline,random,555,0.0,0
baseline,random,556,0.0,0
baseline,random,557,0.0,0
baseline,random,558,0.0,0
baseline,random,559,0.0,0
baseline,random,560,0.0,0
baseline,random,561,0.0,0
baseline,random,562,0.0,0
baseline,random,563,0.0,0
baseline,random,564,0.0,0
baseline,random,565,0.0,0
baseline,random,566,0.0,0
baseline,random,567,0.0,0
baseline,random,568,0.0,0
baseline,random,569,0.0,0
baseline,random,570,0.0,0
baseline,random,571,0.0,0
baseline,random,572,0.0,0
baseline,random,573,0.0,0
baseline,random,574,0.0,0
baseline,random,575,0.0,0
baseline,random,576,0.0,0
baseline,random,577,0.0,0
baseline,random,578,0.0,0
baseline,random,579,0.0,0
baseline,random,580,0.0,0
baseline,random,581,0.0,0
baseline,random,582,0.0,0
baseline,random,583,0.0,0
baseline,random,584,0.0,0
baseline,random,585,0.0,0
baseline,random,586,0.0,0
baseline,random,587,0.0,0
baseline,random,588,0.0,0
baseline,random,589,0.0,0
baseline,random,590,0.0,0
baseline,random,591,0.0,0
baseline,random,592,0.0,0
baseline,random,593,0.0,0
baseline,random,594,0.0,0
baseline,random,595,0.0,0
baseline,random,596,0.0,0
baseline,random,597,0.0,0
baseline,random,598,0.0,0
baseline,random,599,0.0,0
baseline,random,600,0.0,0
baseline,random,601,0.0,0
baseline,random,602,0.0,0
baseline,random,603,0.0,0
baseline,random,604,0.0,0
baseline,random,605,0.0,0
baseline,random,606,0.0,0
baseline,random,607,0.0,0
baseline,random,608,0.0,0
baseline,random,609,0.0,0
baseline,random,610,0.0,0
baseline,random,611,0.0,0
baseline,random,612,0.0,0
baseline,random,613,0.0,0
baseline,random,614,0.0,0
baseline,random,615,0.0,0
baseline,random,616,0.0,0
baseline,random,617,0.0,0
baseline,random,618,0.0,0
baseline,random,619,0.0,0
baseline,random,620,0.0,0
baseline,random,621,0.0,0
baseline,random,622,0.0,0
baseline,random,623,0.0,0
baseline,random,624,0.0,0
baseline,random,625,0.0,0
baseline,random,626,0.0,0
baseline,random,627,0.0,0
baseline,random,628,0.0,0
baseline,random,629,0.0,0
baseline,random,630,0.0,0
baseline,random,631,0.0,0
baseline,random,632,0.0,0
baseline,random,633,0.0,0
baseline,random,634,0.0,0
baseline,random,635,0.0,0
baseline,random,636,0.0,0
baseline,random,637,0.0,0
baseline,random,638,0.0,0
baseline,random,639,0.0,0
baseline,random,640,0.0,0
baseline,random,641,0.0,0
baseline,random,642,0.0,0
baseline,random,643,0.0,0
baseline,random,644,0.0,0
baseline,random,645,0.0,0
baseline,random,646,0.0,0
baseline,random,647,0.0,0
baseline,random,648,0.0,0
baseline,random,649,0.0,0
baseline,random,650,0.0,0
baseline,random,651,0.0,0
baseline,random,652,0.0,0
baseline,random,653,0.0,0
baseline,random,654,0.0,0
baseline,random,655,0.0,0
baseline,random,656,0.0,0
baseline,random,657,0.0,0
baseline,random,658,0.0,0
baseline,random,659,0.0,0
baseline,random,660,0.0,0
baseline,random,661,0.0,0
baseline,random,662,0.0,0
baseline,random,663,0.0,0
baseline,random,664,0.0,0
baseline,random,665,0.0,0
baseline,random,666,0.0,0
baseline,random,667,0.0,0
baseline,random,668,0.0,0
baseline,random,669,0.0,0
baseline,random,670,0.0,0
baseline,random,671,0.0,0
baseline,random,672,0.0,0
baseline,random,673,0.0,0
baseline,random,674,0.0,0
baseline,random,675,0.0,0
baseline,random,676,0.0,0
baseline,random,677,0.0,0
baseline,random,678,0.0,0
baseline,random,679,0.0,0
baseline,random,680,0.0,0
baseline,random,681,0.0,0
baseline,random,682,0.0,0
baseline,random,683,0.0,0
baseline,random,684,0.0,0
baseline,random,685,0.0,0
baseline,random,686,0.0,0
baseline,random,687,0.0,0
baseline,random,688,0.0,0
baseline,random,689,0.0,0
baseline,random,690,0.0,0
baseline,random,691,0.0,0
baseline,random,692,0.0,0
baseline,random,693,0.0,0
baseline,random,694,0.0,0
baseline,random,695,0.0,0
baseline,random,696,0.0,0
baseline,random,697,0.0,0
baseline,random,698,0.0,0
baseline,random,699,0.0,0
baseline,random,700,0.0,0
baseline,random,701,0.0,0
baseline,random,702,0.0,0
baseline,random,703,0.0,0
baseline,random,704,0.0,0
baseline,random,705,0.0,0
baseline,random,706,0.0,0
baseline,random,707,0.0,0
baseline,random,708,0.0,0
baseline,random,709,0.0,0
baseline,random,710,0.0,0
baseline,random,711,0.0,0
baseline,random,712,0.0,0
baseline,random,713,0.0,0
baseline,random,714,0.0,0
baseline,random,715,0.0,0
baseline,random,716,0.0,0
baseline,random,717,0.0,0
baseline,random,718,0.0,0
baseline,random,719,0.0,0
baseline,random,720,0.0,0
baseline,random,721,0.0,0
baseline,random,722,0.0,0
baseline,random,723,0.0,0
baseline,random,724,0.0,0
baseline,random,725,0.0,0
baseline,random,726,0.0,0
baseline,random,727,0.0,0
baseline,random,728,0.0,0
baseline,random,729,0.0,0
baseline,random,730,0.0,0
baseline,random,731,0.0,0
baseline,random,732,0.0,0
baseline,random,733,0.0,0
baseline,random,734,0.0,0
baseline,random,735,0.0,0
baseline,random,736,0.0,0
baseline,random,737,0.0,0
baseline,random,738,0.0,0
baseline,random,739,0.0,0
baseline,random,740,0.0,0
baseline,random,741,0.0,0
baseline,random,742,0.0,0
baseline,random,743,0.0,0
baseline,random,744,0.0,0
baseline,random,745,0.0,0
baseline,random,746,0.0,0
baseline,random,747,0.0,0
baseline,random,748,0.0,0
baseline,random,749,0.0,0
baseline,random,750,0.0,0
baseline,random,751,0.0,0
baseline,random,752,0.0,0
baseline,random,753,0.0,0
baseline,random,754,0.0,0
baseline,random,755,0.0,0
baseline,random,756,0.0,0
baseline,random,757,0.0,0
baseline,random,758,0.0,0
baseline,random,759,0.0,0
baseline,random,760,0.0,0
baseline,random,761,0.0,0
baseline,random,762,0.0,0
baseline,random,763,0.0,0
baseline,random,764,0.0,0
baseline,random,765,0.0,0
baseline,random,766,0.0,0
baseline,random,767,0.0,0
baseline,random,768,0.0,0
baseline,random,769,0.0,0
baseline,random,770,0.0,0
baseline,random,771,0.0,0
baseline,random,772,0.0,0
baseline,random,773,0.0,0
baseline,random,774,0.0,0
baseline,random,775,0.0,0
baseline,random,776,0.0,0
baseline,random,777,0.0,0
baseline,random,778,0.0,0
baseline,random,779,0.0,0
baseline,random,780,0.0,0
baseline,random,781,0.0,0
baseline,random,782,0.0,0
baseline,random,783,0.0,0
baseline,random,784,0.0,0
baseline,random,785,0.0,0
baseline,random,786,0.0,0
baseline,random,787,0.0,0
baseline,random,788,0.0,0
baseline,random,789,0.0,0
baseline,random,790,0.0,0
baseline,random,791,0.0,0
baseline,random,792,0.0,0
baseline,random,793,0.0,0
baseline,random,794,0.0,0
baseline,random,795,0.0,0
baseline,random,796,0.0,0
baseline,random,797,0.0,0
baseline,random,798,0.0,0
baseline,random,799,0.0,0
baseline,random,800,0.0,0
baseline,random,801,0.0,0
baseline,random,802,0.0,0
baseline,random,803,0.0,0
baseline,random,804,0.0,0
baseline,random,805,0.0,0
baseline,random,806,0.0,0
baseline,random,807,0.0,0
baseline,random,808,0.0,0
baseline,random,809,0.0,0
baseline,random,810,0.0,0
baseline,random,811,0.0,0
baseline,random,812,0.0,0
baseline,random,813,0.0,0
baseline,random,814,0.0,0
baseline,random,815,0.0,0
baseline,random,816,0.0,0
baseline,random,817,0.0,0
baseline,random,818,0.0,0
baseline,random,819,0.0,0
baseline,random,820,0.0,0
baseline,random,821,0.0,0
baseline,random,822,0.0,0
baseline,random,823,0.0,0
baseline,random,824,0.0,0
baseline,random,825,0.0,0
baseline,random,826,0.0,0
baseline,random,827,0.0,0
baseline,random,828,0.0,0
baseline,random,829,0.0,0
baseline,random,830,0.0,0
baseline,random,831,0.0,0
baseline,random,832,0.0,0
baseline,random,833,0.0,0
baseline,random,834,0.0,0
baseline,random,835,0.0,0
baseline,random,836,0.0,0
baseline,random,837,0.0,0
baseline,random,838,0.0,0
baseline,random,839,0.0,0
baseline,random,840,0.0,0
baseline,random,841,0.0,0
baseline,random,842,0.0,0
baseline,random,843,0.0,0
baseline,random,844,0.0,0
baseline,random,845,0.0,0
baseline,random,846,0.0,0
baseline,random,847,0.0,0
baseline,random,848,0.0,0
baseline,random,849,0.0,0
baseline,random,850,0.0,0
baseline,random,851,0.0,0
baseline,random,852,0.0,0
baseline,random,853,0.0,0
baseline,random,854,0.0,0
baseline,random,855,0.0,0
baseline,random,856,0.0,0
baseline,random,857,0.0,0
baseline,random,858,0.0,0
baseline,random,859,0.0,0
baseline,random,860,0.0,0
baseline,random,861,0.0,0
baseline,random,862,0.0,0
baseline,random,863,0.0,0
baseline,random,864,0.0,0
baseline,random,865,0.0,0
baseline,random,866,0.0,0
baseline,random,867,0.0,0
baseline,random,868,0.0,0
baseline,random,869,0.0,0
baseline,random,870,0.0,0
baseline,random,871,0.0,0
baseline,random,872,0.0,0
baseline,random,873,0.0,0
baseline,random,874,0.0,0
baseline,random,875,0.0,0
baseline,random,876,0.0,0
baseline,random,877,0.0,0
baseline,random,878,0.0,0
baseline,random,879,0.0,0
baseline,random,880,0.0,0
baseline,random,881,0.0,0
baseline,random,882,0.0,0
baseline,random,883,0.0,0
baseline,random,884,0.0,0
baseline,random,885,0.0,0
baseline,random,886,0.0,0
baseline,random,887,0.0,0
baseline,random,888,0.0,0
baseline,random,889,0.0,0
baseline,random,890,0.0,0
baseline,random,891,0.0,0
baseline,random,892,0.0,0
baseline,random,893,0.0,0
baseline,random,894,0.0,0
baseline,random,895,0.0,0
baseline,random,896,0.0,0
baseline,random,897,0.0,0
baseline,random,898,0.0,0
baseline,random,899,0.0,0
baseline,random,900,0.0,0
baseline,random,901,0.0,0
baseline,random,902,0.0,0
baseline,random,903,0.0,0
baseline,random,904,0.0,0
baseline,random,905,0.0,0
baseline,random,906,0.0,0
baseline,random,907,0.0,0
baseline,random,908,0.0,0
baseline,random,909,0.0,0
baseline,random,910,0.0,0
baseline,random,911,0.0,0
baseline,random,912,0.0,0
baseline,random,913,0.0,0
baseline,random,914,0.0,0
baseline,random,915,0.0,0
baseline,random,916,0.0,0
baseline,random,917,0.0,0
baseline,random,918,0.0,0
baseline,random,919,0.0,0
baseline,random,920,0.0,0
baseline,random,921,0.0,0
baseline,random,922,0.0,0
baseline,random,923,0.0,0
baseline,random,924,0.0,0
baseline,random,925,0.0,0
baseline,random,926,0.0,0
baseline,random,927,0.0,0
baseline,random,928,0.0,0
baseline,random,929,0.0,0
baseline,random,930,0.0,0
baseline,random,931,0.0,0
baseline,random,932,0.0,0
baseline,random,933,0.0,0
baseline,random,934,0.0,0
baseline,random,935,0.0,0
baseline,random,936,0.0,0
baseline,random,937,0.0,0
baseline,random,938,0.0,0
baseline,random,939,0.0,0
baseline,random,940,0.0,0
baseline,random,941,0.0,0
baseline,random,942,0.0,0
baseline,random,943,0.0,0
baseline,random,944,0.0,0
baseline,random,945,0.0,0
baseline,random,946,0.0,0
baseline,random,947,0.0,0
baseline,random,948,0.0,0
baseline,random,949,0.0,0
baseline,random,950,0.0,0
baseline,random,951,0.0,0
baseline,random,952,0.0,0
baseline,random,953,0.0,0
baseline,random,954,0.0,0
baseline,random,955,0.0,0
baseline,random,956,0.0,0
baseline,random,957,0.0,0
baseline,random,958,0.0,0
baseline,random,959,0.0,0
baseline,random,960,0.0,0
baseline,random,961,0.0,0
baseline,random,962,0.0,0
baseline,random,963,0.0,0
baseline,random,964,0.0,0
baseline,random,965,0.0,0
baseline,random,966,0.0,0
baseline,random,967,0.0,0
baseline,random,968,0.0,0
baseline,random,969,0.0,0
baseline,random,970,0.0,0
baseline,random,971,0.0,0
baseline,random,972,0.0,0
baseline,random,973,0.0,0
baseline,random,974,0.0,0
baseline,random,975,0.0,0
baseline,random,976,0.0,0
baseline,random,977,0.0,0
baseline,random,978,0.0,0
baseline,random,979,0.0,0
baseline,random,980,0.0,0
baseline,random,981,0.0,0
baseline,random,982,0.0,0
baseline,random,983,0.0,0
baseline,random,984,0.0,0
baseline,random,985,0.0,0
baseline,random,986,0.0,0
baseline,random,987,0.0,0
baseline,random,988,0.0,0
baseline,random,989,0.0,0
baseline,random,990,0.0,0
baseline,random,991,0.0,0
baseline,random,992,0.0,0
baseline,random,993,0.0,0
baseline,random,994,0.0,0
baseline,random,995,0.0,0
baseline,random,996,0.0,0
baseline,random,997,0.0,0
baseline,random,998,0.0,0
baseline,random,999,0.0,0
baseline,greedy,0,0.97609375,1
baseline,greedy,1,0.97046875,1
baseline,greedy,2,0.971875,1
baseline,greedy,3,0.9746875,1
baseline,greedy,4,0.9803125,1
baseline,greedy,5,0.97890625,1
baseline,greedy,6,0.98171875,1
baseline,greedy,7,0.9775,1
baseline,greedy,8,0.96625,1
baseline,greedy,9,0.9803125,1
baseline,greedy,10,0.98453125,1
baseline,greedy,11,0.97890625,1
baseline,greedy,12,0.97890625,1
baseline,greedy,13,0.9634375,1
baseline,greedy,14,0.971875,1
baseline,greedy,15,0.971875,1
baseline,greedy,16,0.9803125,1
baseline,greedy,17,0.96625,1
baseline,greedy,18,0.97609375,1
baseline,greedy,19,0.98171875,1
baseline,greedy,20,0.97609375,1
baseline,greedy,21,0.983125,1
baseline,greedy,22,0.97328125,1
baseline,greedy,23,0.97328125,1
baseline,greedy,24,0.9690625,1
baseline,greedy,25,0.97890625,1
baseline,greedy,26,0.97328125,1
baseline,greedy,27,0.9803125,1
baseline,greedy,28,0.9803125,1
baseline,greedy,29,0.9775,1
baseline,greedy,30,0.96625,1
baseline,greedy,31,0.97609375,1
baseline,greedy,32,0.97046875,1
baseline,greedy,33,0.9775,1
baseline,greedy,34,0.97328125,1
baseline,greedy,35,0.9775,1
baseline,greedy,36,0.9803125,1
baseline,greedy,37,0.97609375,1
baseline,greedy,38,0.97609375,1
baseline,greedy,39,0.9690625,1
baseline,greedy,40,0.97046875,1
baseline,greedy,41,0.97890625,1
baseline,greedy,42,0.971875,1
baseline,greedy,43,0.9859375,1
baseline,greedy,44,0.971875,1
baseline,greedy,45,0.9775,1
baseline,greedy,46,0.97328125,1
baseline,greedy,47,0.98171875,1
baseline,greedy,48,0.97046875,1
baseline,greedy,49,0.9803125,1
baseline,greedy,50,0.971875,1
baseline,greedy,51,0.971875,1
baseline,greedy,52,0.9690625,1
baseline,greedy,53,0.97890625,1
baseline,greedy,54,0.983125,1
baseline,greedy,55,0.96484375,1
baseline,greedy,56,0.983125,1
baseline,greedy,57,0.98171875,1
baseline,greedy,58,0.98171875,1
baseline,greedy,59,0.97328125,1
baseline,greedy,60,0.9775,1
baseline,greedy,61,0.97609375,1
baseline,greedy,62,0.971875,1
baseline,greedy,63,0.97890625,1
baseline,greedy,64,0.9690625,1
baseline,greedy,65,0.98171875,1
baseline,greedy,66,0.97609375,1
baseline,greedy,67,0.97328125,1
baseline,greedy,68,0.97328125,1
baseline,greedy,69,0.98171875,1
baseline,greedy,70,0.96625,1
baseline,greedy,71,0.98171875,1
baseline,greedy,72,0.97890625,1
baseline,greedy,73,0.971875,1
baseline,greedy,74,0.9803125,1
baseline,greedy,75,0.97890625,1
baseline,greedy,76,0.9775,1
baseline,greedy,77,0.97328125,1
baseline,greedy,78,0.9803125,1
baseline,greedy,79,0.9803125,1
baseline,greedy,80,0.96625,1
baseline,greedy,81,0.97609375,1
baseline,greedy,82,0.9746875,1
baseline,greedy,83,0.9746875,1
baseline,greedy,84,0.97890625,1
baseline,greedy,85,0.98453125,1
baseline,greedy,86,0.96484375,1
baseline,greedy,87,0.9775,1
baseline,greedy,88,0.9803125,1
baseline,greedy,89,0.9746875,1
baseline,greedy,90,0.9690625,1
baseline,greedy,91,0.96484375,1
baseline,greedy,92,0.9775,1
baseline,greedy,93,0.971875,1
baseline,greedy,94,0.9775,1
baseline,greedy,95,0.9803125,1
baseline,greedy,96,0.9746875,1
baseline,greedy,97,0.97609375,1
baseline,greedy,98,0.97328125,1
baseline,greedy,99,0.96765625,1
baseline,greedy,100,0.98453125,1
baseline,greedy,101,0.97328125,1
baseline,greedy,102,0.9690625,1
baseline,greedy,103,0.97328125,1
baseline,greedy,104,0.9775,1
baseline,greedy,105,0.9775,1
baseline,greedy,106,0.97328125,1
baseline,greedy,107,0.9803125,1
baseline,greedy,108,0.97890625,1
baseline,greedy,109,0.9775,1
baseline,greedy,110,0.97890625,1
baseline,greedy,111,0.9775,1
baseline,greedy,112,0.983125,1
baseline,greedy,113,0.96765625,1
baseline,greedy,114,0.9803125,1
baseline,greedy,115,0.9803125,1
baseline,greedy,116,0.9775,1
baseline,greedy,117,0.96625,1
baseline,greedy,118,0.97890625,1
baseline,greedy,119,0.97609375,1
baseline,greedy,120,0.9775,1
baseline,greedy,121,0.9746875,1
baseline,greedy,122,0.971875,1
baseline,greedy,123,0.9803125,1
baseline,greedy,124,0.97328125,1
baseline,greedy,125,0.97890625,1
baseline,greedy,126,0.9859375,1
baseline,greedy,127,0.9746875,1
baseline,greedy,128,0.97046875,1
baseline,greedy,129,0.97328125,1
baseline,greedy,130,0.9775,1
baseline,greedy,131,0.9775,1
baseline,greedy,132,0.9775,1
baseline,greedy,133,0.97890625,1
baseline,greedy,134,0.983125,1
baseline,greedy,135,0.971875,1
baseline,greedy,136,0.971875,1
baseline,greedy,137,0.97890625,1
baseline,greedy,138,0.97328125,1
baseline,greedy,139,0.9775,1
baseline,greedy,140,0.9746875,1
baseline,greedy,141,0.983125,1
baseline,greedy,142,0.9746875,1
baseline,greedy,143,0.97046875,1
baseline,greedy,144,0.98171875,1
baseline,greedy,145,0.9775,1
baseline,greedy,146,0.97890625,1
baseline,greedy,147,0.9746875,1
baseline,greedy,148,0.97609375,1
baseline,greedy,149,0.9803125,1
baseline,greedy,150,0.9634375,1
baseline,greedy,151,0.97609375,1
baseline,greedy,152,0.97328125,1
baseline,greedy,153,0.9859375,1
baseline,greedy,154,0.9803125,1
baseline,greedy,155,0.97328125,1
baseline,greedy,156,0.9803125,1
baseline,greedy,157,0.971875,1
baseline,greedy,158,0.971875,1
baseline,greedy,159,0.9634375,1
baseline,greedy,160,0.97046875,1
baseline,greedy,161,0.97328125,1
baseline,greedy,162,0.9803125,1
baseline,greedy,163,0.983125,1
baseline,greedy,164,0.9775,1
baseline,greedy,165,0.97328125,1
baseline,greedy,166,0.98734375,1
baseline,greedy,167,0.971875,1
baseline,greedy,168,0.9746875,1
baseline,greedy,169,0.9775,1
baseline,greedy,170,0.97890625,1
baseline,greedy,171,0.97328125,1
baseline,greedy,172,0.9803125,1
baseline,greedy,173,0.98171875,1
baseline,greedy,174,0.9746875,1
baseline,greedy,175,0.96625,1
baseline,greedy,176,0.9746875,1
baseline,greedy,177,0.97328125,1
baseline,greedy,178,0.97609375,1
baseline,greedy,179,0.98171875,1
baseline,greedy,180,0.9803125,1
baseline,greedy,181,0.97328125,1
baseline,greedy,182,0.9775,1
baseline,greedy,183,0.97328125,1
baseline,greedy,184,0.97890625,1
baseline,greedy,185,0.971875,1
baseline,greedy,186,0.9803125,1
baseline,greedy,187,0.97328125,1
baseline,greedy,188,0.9803125,1
baseline,greedy,189,0.9746875,1
baseline,greedy,190,0.97890625,1
baseline,greedy,191,0.971875,1
baseline,greedy,192,0.97890625,1
baseline,greedy,193,0.9746875,1
baseline,greedy,194,0.97328125,1
baseline,greedy,195,0.9746875,1
baseline,greedy,196,0.9775,1
baseline,greedy,197,0.9775,1
baseline,greedy,198,0.971875,1
baseline,greedy,199,0.97328125,1
baseline,greedy,200,0.97890625,1
baseline,greedy,201,0.9746875,1
baseline,greedy,202,0.97328125,1
baseline,greedy,203,0.97046875,1
baseline,greedy,204,0.96765625,1
baseline,greedy,205,0.9746875,1
baseline,greedy,206,0.96625,1
baseline,greedy,207,0.9746875,1
baseline,greedy,208,0.98171875,1
baseline,greedy,209,0.9690625,1
baseline,greedy,210,0.9746875,1
baseline,greedy,211,0.97328125,1
baseline,greedy,212,0.97328125,1
baseline,greedy,213,0.97046875,1
baseline,greedy,214,0.9803125,1
baseline,greedy,215,0.983125,1
baseline,greedy,216,0.9746875,1
baseline,greedy,217,0.97046875,1
baseline,greedy,218,0.9803125,1
baseline,greedy,219,0.9746875,1
baseline,greedy,220,0.97890625,1
baseline,greedy,221,0.9775,1
baseline,greedy,222,0.9634375,1
baseline,greedy,223,0.9803125,1
baseline,greedy,224,0.9775,1
baseline,greedy,225,0.97046875,1
baseline,greedy,226,0.9746875,1
baseline,greedy,227,0.97890625,1
baseline,greedy,228,0.9746875,1
baseline,greedy,229,0.96765625,1
baseline,greedy,230,0.97328125,1
baseline,greedy,231,0.96765625,1
baseline,greedy,232,0.97609375,1
baseline,greedy,233,0.971875,1
baseline,greedy,234,0.971875,1
baseline,greedy,235,0.9803125,1
baseline,greedy,236,0.971875,1
baseline,greedy,237,0.9775,1
baseline,greedy,238,0.97046875,1
baseline,greedy,239,0.97046875,1
baseline,greedy,240,0.97890625,1
baseline,greedy,241,0.97890625,1
baseline,greedy,242,0.98171875,1
baseline,greedy,243,0.98453125,1
baseline,greedy,244,0.9746875,1
baseline,greedy,245,0.97328125,1
baseline,greedy,246,0.97890625,1
baseline,greedy,247,0.97328125,1
baseline,greedy,248,0.96765625,1
baseline,greedy,249,0.96484375,1
baseline,greedy,250,0.97890625,1
baseline,greedy,251,0.971875,1
baseline,greedy,252,0.97046875,1
baseline,greedy,253,0.97890625,1
baseline,greedy,254,0.9690625,1
baseline,greedy,255,0.971875,1
baseline,greedy,256,0.97328125,1
baseline,greedy,257,0.983125,1
baseline,greedy,258,0.97890625,1
baseline,greedy,259,0.97890625,1
baseline,greedy,260,0.960625,1
baseline,greedy,261,0.9746875,1
baseline,greedy,262,0.9803125,1
baseline,greedy,263,0.97890625,1
baseline,greedy,264,0.97609375,1
baseline,greedy,265,0.97609375,1
baseline,greedy,266,0.97046875,1
baseline,greedy,267,0.96765625,1
baseline,greedy,268,0.97328125,1
baseline,greedy,269,0.97328125,1
baseline,greedy,270,0.98171875,1
baseline,greedy,271,0.9803125,1
baseline,greedy,272,0.97328125,1
baseline,greedy,273,0.971875,1
baseline,greedy,274,0.97609375,1
baseline,greedy,275,0.9746875,1
baseline,greedy,276,0.97890625,1
baseline,greedy,277,0.971875,1
baseline,greedy,278,0.983125,1
baseline,greedy,279,0.98171875,1
baseline,greedy,280,0.9746875,1
baseline,greedy,281,0.97328125,1
baseline,greedy,282,0.98171875,1
baseline,greedy,283,0.97046875,1
baseline,greedy,284,0.97890625,1
baseline,greedy,285,0.97328125,1
baseline,greedy,286,0.971875,1
baseline,greedy,287,0.9775,1
baseline,greedy,288,0.971875,1
baseline,greedy,289,0.9746875,1
baseline,greedy,290,0.97046875,1
baseline,greedy,291,0.97890625,1
baseline,greedy,292,0.97328125,1
baseline,greedy,293,0.97609375,1
baseline,greedy,294,0.9746875,1
baseline,greedy,295,0.97609375,1
baseline,greedy,296,0.9803125,1
baseline,greedy,297,0.97890625,1
baseline,greedy,298,0.9803125,1
baseline,greedy,299,0.9746875,1
baseline,greedy,300,0.9803125,1
baseline,greedy,301,0.9803125,1
baseline,greedy,302,0.9746875,1
baseline,greedy,303,0.9775,1
baseline,greedy,304,0.9690625,1
baseline,greedy,305,0.9690625,1
baseline,greedy,306,0.98171875,1
baseline,greedy,307,0.97046875,1
baseline,greedy,308,0.971875,1
baseline,greedy,309,0.9690625,1
baseline,greedy,310,0.9746875,1
baseline,greedy,311,0.9746875,1
baseline,greedy,312,0.97328125,1
baseline,greedy,313,0.96625,1
baseline,greedy,314,0.9746875,1
baseline,greedy,315,0.97328125,1
baseline,greedy,316,0.97328125,1
baseline,greedy,317,0.9803125,1
baseline,greedy,318,0.97609375,1
baseline,greedy,319,0.97046875,1
baseline,greedy,320,0.97609375,1
baseline,greedy,321,0.9746875,1
baseline,greedy,322,0.9746875,1
baseline,greedy,323,0.9690625,1
baseline,greedy,324,0.97328125,1
baseline,greedy,325,0.971875,1
baseline,greedy,326,0.9746875,1
baseline,greedy,327,0.9746875,1
baseline,greedy,328,0.98453125,1
baseline,greedy,329,0.9775,1
baseline,greedy,330,0.9746875,1
baseline,greedy,331,0.97609375,1
baseline,greedy,332,0.97890625,1
baseline,greedy,333,0.97609375,1
baseline,greedy,334,0.9746875,1
baseline,greedy,335,0.9803125,1
baseline,greedy,336,0.983125,1
baseline,greedy,337,0.97890625,1
baseline,greedy,338,0.97328125,1
baseline,greedy,339,0.98453125,1
baseline,greedy,340,0.97046875,1
baseline,greedy,341,0.9775,1
baseline,greedy,342,0.97046875,1
baseline,greedy,343,0.9775,1
baseline,greedy,344,0.9803125,1
baseline,greedy,345,0.9690625,1
baseline,greedy,346,0.9690625,1
baseline,greedy,347,0.9746875,1
baseline,greedy,348,0.9746875,1
baseline,greedy,349,0.96765625,1
baseline,greedy,350,0.97609375,1
baseline,greedy,351,0.9775,1
baseline,greedy,352,0.98453125,1
baseline,greedy,353,0.97609375,1
baseline,greedy,354,0.97328125,1
baseline,greedy,355,0.971875,1
baseline,greedy,356,0.9803125,1
baseline,greedy,357,0.9775,1
baseline,greedy,358,0.9746875,1
baseline,greedy,359,0.9775,1
baseline,greedy,360,0.9803125,1
baseline,greedy,361,0.97046875,1
baseline,greedy,362,0.97609375,1
baseline,greedy,363,0.971875,1
baseline,greedy,364,0.97328125,1
baseline,greedy,365,0.98171875,1
baseline,greedy,366,0.98171875,1
baseline,greedy,367,0.97046875,1
baseline,greedy,368,0.9775,1
baseline,greedy,369,0.98171875,1
baseline,greedy,370,0.97609375,1
baseline,greedy,371,0.983125,1
baseline,greedy,372,0.97890625,1
baseline,greedy,373,0.9746875,1
baseline,greedy,374,0.971875,1
baseline,greedy,375,0.98171875,1
baseline,greedy,376,0.971875,1
baseline,greedy,377,0.97609375,1
baseline,greedy,378,0.97609375,1
baseline,greedy,379,0.97046875,1
baseline,greedy,380,0.97609375,1
baseline,greedy,381,0.98453125,1
baseline,greedy,382,0.9690625,1
baseline,greedy,383,0.97890625,1
baseline,greedy,384,0.97890625,1
baseline,greedy,385,0.9775,1
baseline,greedy,386,0.971875,1
baseline,greedy,387,0.9775,1
baseline,greedy,388,0.9690625,1
baseline,greedy,389,0.97328125,1
baseline,greedy,390,0.971875,1
baseline,greedy,391,0.97046875,1
baseline,greedy,392,0.9690625,1
baseline,greedy,393,0.97328125,1
baseline,greedy,394,0.971875,1
baseline,greedy,395,0.9803125,1
baseline,greedy,396,0.97609375,1
baseline,greedy,397,0.97890625,1
baseline,greedy,398,0.9746875,1
baseline,greedy,399,0.9803125,1
baseline,greedy,400,0.97046875,1
baseline,greedy,401,0.98171875,1
baseline,greedy,402,0.9775,1
baseline,greedy,403,0.983125,1
baseline,greedy,404,0.98453125,1
baseline,greedy,405,0.971875,1
baseline,greedy,406,0.9746875,1
baseline,greedy,407,0.9690625,1
baseline,greedy,408,0.97609375,1
baseline,greedy,409,0.97890625,1
baseline,greedy,410,0.9803125,1
baseline,greedy,411,0.9746875,1
baseline,greedy,412,0.983125,1
baseline,greedy,413,0.9775,1
baseline,greedy,414,0.9746875,1
baseline,greedy,415,0.98171875,1
baseline,greedy,416,0.96765625,1
baseline,greedy,417,0.9803125,1
baseline,greedy,418,0.97890625,1
baseline,greedy,419,0.971875,1
baseline,greedy,420,0.97890625,1
baseline,greedy,421,0.97609375,1
baseline,greedy,422,0.97890625,1
baseline,greedy,423,0.97609375,1
baseline,greedy,424,0.98453125,1
baseline,greedy,425,0.98171875,1
baseline,greedy,426,0.96765625,1
baseline,greedy,427,0.97328125,1
baseline,greedy,428,0.9775,1
baseline,greedy,429,0.9803125,1
baseline,greedy,430,0.97890625,1
baseline,greedy,431,0.97609375,1
baseline,greedy,432,0.98171875,1
baseline,greedy,433,0.97609375,1
baseline,greedy,434,0.971875,1
baseline,greedy,435,0.97046875,1
baseline,greedy,436,0.97328125,1
baseline,greedy,437,0.98453125,1
baseline,greedy,438,0.97890625,1
baseline,greedy,439,0.9859375,1
baseline,greedy,440,0.98171875,1
baseline,greedy,441,0.97046875,1
baseline,greedy,442,0.97890625,1
baseline,greedy,443,0.9746875,1
baseline,greedy,444,0.9746875,1
baseline,greedy,445,0.971875,1
baseline,greedy,446,0.98171875,1
baseline,greedy,447,0.97609375,1
baseline,greedy,448,0.98171875,1
baseline,greedy,449,0.97328125,1
baseline,greedy,450,0.97890625,1
baseline,greedy,451,0.9690625,1
baseline,greedy,452,0.9803125,1
baseline,greedy,453,0.9775,1
baseline,greedy,454,0.97328125,1
baseline,greedy,455,0.9803125,1
baseline,greedy,456,0.971875,1
baseline,greedy,457,0.97890625,1
baseline,greedy,458,0.971875,1
baseline,greedy,459,0.97328125,1
baseline,greedy,460,0.9803125,1
baseline,greedy,461,0.97328125,1
baseline,greedy,462,0.9775,1
baseline,greedy,463,0.97046875,1
baseline,greedy,464,0.97328125,1
baseline,greedy,465,0.9803125,1
baseline,greedy,466,0.97046875,1
baseline,greedy,467,0.971875,1
baseline,greedy,468,0.96625,1
baseline,greedy,469,0.97328125,1
baseline,greedy,470,0.9803125,1
baseline,greedy,471,0.97046875,1
baseline,greedy,472,0.97046875,1
baseline,greedy,473,0.9775,1
baseline,greedy,474,0.9775,1
baseline,greedy,475,0.97328125,1
baseline,greedy,476,0.96765625,1
baseline,greedy,477,0.97890625,1
baseline,greedy,478,0.97328125,1
baseline,greedy,479,0.97890625,1
baseline,greedy,480,0.9775,1
baseline,greedy,481,0.97609375,1
baseline,greedy,482,0.97328125,1
baseline,greedy,483,0.9746875,1
baseline,greedy,484,0.96484375,1
baseline,greedy,485,0.97890625,1
baseline,greedy,486,0.9746875,1
baseline,greedy,487,0.97328125,1
baseline,greedy,488,0.96765625,1
baseline,greedy,489,0.96765625,1
baseline,greedy,490,0.9690625,1
baseline,greedy,491,0.98171875,1
baseline,greedy,492,0.9775,1
baseline,greedy,493,0.9775,1
baseline,greedy,494,0.97609375,1
baseline,greedy,495,0.9690625,1
baseline,greedy,496,0.9746875,1
baseline,greedy,497,0.97890625,1
baseline,greedy,498,0.98171875,1
baseline,greedy,499,0.9634375,1
baseline,greedy,500,0.97609375,1
baseline,greedy,501,0.9690625,1
baseline,greedy,502,0.97609375,1
baseline,greedy,503,0.97609375,1
baseline,greedy,504,0.9775,1
baseline,greedy,505,0.98171875,1
baseline,greedy,506,0.9803125,1
baseline,greedy,507,0.97328125,1
baseline,greedy,508,0.97328125,1
baseline,greedy,509,0.98171875,1
baseline,greedy,510,0.9803125,1
baseline,greedy,511,0.96625,1
baseline,greedy,512,0.97609375,1
baseline,greedy,513,0.97609375,1
baseline,greedy,514,0.97890625,1
baseline,greedy,515,0.97328125,1
baseline,greedy,516,0.97609375,1
baseline,greedy,517,0.9775,1
baseline,greedy,518,0.97328125,1
baseline,greedy,519,0.96765625,1
baseline,greedy,520,0.97328125,1
baseline,greedy,521,0.97609375,1
baseline,greedy,522,0.97609375,1
baseline,greedy,523,0.97609375,1
baseline,greedy,524,0.9746875,1
baseline,greedy,525,0.9775,1
baseline,greedy,526,0.9746875,1
baseline,greedy,527,0.98453125,1
baseline,greedy,528,0.97328125,1
baseline,greedy,529,0.9803125,1
baseline,greedy,530,0.97328125,1
baseline,greedy,531,0.9746875,1
baseline,greedy,532,0.97046875,1
baseline,greedy,533,0.97328125,1
baseline,greedy,534,0.971875,1
baseline,greedy,535,0.96625,1
baseline,greedy,536,0.98453125,1
baseline,greedy,537,0.97328125,1
baseline,greedy,538,0.9775,1
baseline,greedy,539,0.97046875,1
baseline,greedy,540,0.9746875,1
baseline,greedy,541,0.97890625,1
baseline,greedy,542,0.9803125,1
baseline,greedy,543,0.9775,1
baseline,greedy,544,0.9746875,1
baseline,greedy,545,0.9746875,1
baseline,greedy,546,0.97328125,1
baseline,greedy,547,0.9859375,1
baseline,greedy,548,0.97890625,1
baseline,greedy,549,0.9746875,1
baseline,greedy,550,0.97609375,1
baseline,greedy,551,0.97890625,1
baseline,greedy,552,0.97890625,1
baseline,greedy,553,0.97609375,1
baseline,greedy,554,0.97890625,1
baseline,greedy,555,0.9775,1
baseline,greedy,556,0.9803125,1
baseline,greedy,557,0.97328125,1
baseline,greedy,558,0.9746875,1
baseline,greedy,559,0.9803125,1
baseline,greedy,560,0.97609375,1
baseline,greedy,561,0.9775,1
baseline,greedy,562,0.9803125,1
baseline,greedy,563,0.97609375,1
baseline,greedy,564,0.9775,1
baseline,greedy,565,0.97609375,1
baseline,greedy,566,0.9775,1
baseline,greedy,567,0.98171875,1
baseline,greedy,568,0.9775,1
baseline,greedy,569,0.9803125,1
baseline,greedy,570,0.97328125,1
baseline,greedy,571,0.9746875,1
baseline,greedy,572,0.97890625,1
baseline,greedy,573,0.9746875,1
baseline,greedy,574,0.97328125,1
baseline,greedy,575,0.98171875,1
baseline,greedy,576,0.971875,1
baseline,greedy,577,0.971875,1
baseline,greedy,578,0.971875,1
baseline,greedy,579,0.97609375,1
baseline,greedy,580,0.97890625,1
baseline,greedy,581,0.97890625,1
baseline,greedy,582,0.97890625,1
baseline,greedy,583,0.971875,1
baseline,greedy,584,0.983125,1
baseline,greedy,585,0.97609375,1
baseline,greedy,586,0.9746875,1
baseline,greedy,587,0.98453125,1
baseline,greedy,588,0.9775,1
baseline,greedy,589,0.9775,1
baseline,greedy,590,0.97328125,1
baseline,greedy,591,0.97328125,1
baseline,greedy,592,0.97328125,1
baseline,greedy,593,0.98171875,1
baseline,greedy,594,0.9746875,1
baseline,greedy,595,0.9746875,1
baseline,greedy,596,0.97609375,1
baseline,greedy,597,0.971875,1
baseline,greedy,598,0.97890625,1
baseline,greedy,599,0.97609375,1
baseline,greedy,600,0.983125,1
baseline,greedy,601,0.98171875,1
baseline,greedy,602,0.9775,1
baseline,greedy,603,0.9775,1
baseline,greedy,604,0.97046875,1
baseline,greedy,605,0.98171875,1
baseline,greedy,606,0.97890625,1
baseline,greedy,607,0.97046875,1
baseline,greedy,608,0.97890625,1
baseline,greedy,609,0.97890625,1
baseline,greedy,610,0.97328125,1
baseline,greedy,611,0.96625,1
baseline,greedy,612,0.9746875,1
baseline,greedy,613,0.983125,1
baseline,greedy,614,0.9775,1
baseline,greedy,615,0.971875,1
baseline,greedy,616,0.97890625,1
baseline,greedy,617,0.983125,1
baseline,greedy,618,0.971875,1
baseline,greedy,619,0.9775,1
baseline,greedy,620,0.97609375,1
baseline,greedy,621,0.9746875,1
baseline,greedy,622,0.97890625,1
baseline,greedy,623,0.97890625,1
baseline,greedy,624,0.9775,1
baseline,greedy,625,0.97328125,1
baseline,greedy,626,0.97890625,1
baseline,greedy,627,0.9746875,1
baseline,greedy,628,0.9775,1
baseline,greedy,629,0.9775,1
baseline,greedy,630,0.971875,1
baseline,greedy,631,0.983125,1
baseline,greedy,632,0.971875,1
baseline,greedy,633,0.9746875,1
baseline,greedy,634,0.97609375,1
baseline,greedy,635,0.98453125,1
baseline,greedy,636,0.971875,1
baseline,greedy,637,0.971875,1
baseline,greedy,638,0.97890625,1
baseline,greedy,639,0.97609375,1
baseline,greedy,640,0.97328125,1
baseline,greedy,641,0.96625,1
baseline,greedy,642,0.97609375,1
baseline,greedy,643,0.97890625,1
baseline,greedy,644,0.98171875,1
baseline,greedy,645,0.97890625,1
baseline,greedy,646,0.97890625,1
baseline,greedy,647,0.971875,1
baseline,greedy,648,0.96765625,1
baseline,greedy,649,0.97046875,1
baseline,greedy,650,0.97046875,1
baseline,greedy,651,0.98734375,1
baseline,greedy,652,0.971875,1
baseline,greedy,653,0.9775,1
baseline,greedy,654,0.9803125,1
baseline,greedy,655,0.9746875,1
baseline,greedy,656,0.9746875,1
baseline,greedy,657,0.97328125,1
baseline,greedy,658,0.9775,1
baseline,greedy,659,0.97890625,1
baseline,greedy,660,0.9775,1
baseline,greedy,661,0.9746875,1
baseline,greedy,662,0.9803125,1
baseline,greedy,663,0.97609375,1
baseline,greedy,664,0.96765625,1
baseline,greedy,665,0.97046875,1
baseline,greedy,666,0.9775,1
baseline,greedy,667,0.9859375,1
baseline,greedy,668,0.9746875,1
baseline,greedy,669,0.97890625,1
baseline,greedy,670,0.98734375,1
baseline,greedy,671,0.98171875,1
baseline,greedy,672,0.98453125,1
baseline,greedy,673,0.98171875,1
baseline,greedy,674,0.97890625,1
baseline,greedy,675,0.96765625,1
baseline,greedy,676,0.983125,1
baseline,greedy,677,0.97890625,1
baseline,greedy,678,0.97890625,1
baseline,greedy,679,0.9775,1
baseline,greedy,680,0.97046875,1
baseline,greedy,681,0.9775,1
baseline,greedy,682,0.97609375,1
baseline,greedy,683,0.9746875,1
baseline,greedy,684,0.97328125,1
baseline,greedy,685,0.96765625,1
baseline,greedy,686,0.96625,1
baseline,greedy,687,0.9803125,1
baseline,greedy,688,0.9746875,1
baseline,greedy,689,0.9803125,1
baseline,greedy,690,0.960625,1
baseline,greedy,691,0.97609375,1
baseline,greedy,692,0.97046875,1
baseline,greedy,693,0.97890625,1
baseline,greedy,694,0.9690625,1
baseline,greedy,695,0.97890625,1
baseline,greedy,696,0.97890625,1
baseline,greedy,697,0.98171875,1
baseline,greedy,698,0.97328125,1
baseline,greedy,699,0.9690625,1
baseline,greedy,700,0.97328125,1
baseline,greedy,701,0.9775,1
baseline,greedy,702,0.97890625,1
baseline,greedy,703,0.971875,1
baseline,greedy,704,0.97046875,1
baseline,greedy,705,0.9775,1
baseline,greedy,706,0.97890625,1
baseline,greedy,707,0.9803125,1
baseline,greedy,708,0.9803125,1
baseline,greedy,709,0.9803125,1
baseline,greedy,710,0.97609375,1
baseline,greedy,711,0.9690625,1
baseline,greedy,712,0.97609375,1
baseline,greedy,713,0.9746875,1
baseline,greedy,714,0.971875,1
baseline,greedy,715,0.9746875,1
baseline,greedy,716,0.971875,1
baseline,greedy,717,0.98171875,1
baseline,greedy,718,0.97890625,1
baseline,greedy,719,0.97890625,1
baseline,greedy,720,0.9746875,1
baseline,greedy,721,0.97890625,1
baseline,greedy,722,0.971875,1
baseline,greedy,723,0.971875,1
baseline,greedy,724,0.98171875,1
baseline,greedy,725,0.97890625,1
baseline,greedy,726,0.97890625,1
baseline,greedy,727,0.98171875,1
baseline,greedy,728,0.9690625,1
baseline,greedy,729,0.9775,1
baseline,greedy,730,0.97609375,1
baseline,greedy,731,0.97890625,1
baseline,greedy,732,0.971875,1
baseline,greedy,733,0.9746875,1
baseline,greedy,734,0.9746875,1
baseline,greedy,735,0.9690625,1
baseline,greedy,736,0.97609375,1
baseline,greedy,737,0.97609375,1
baseline,greedy,738,0.98453125,1
baseline,greedy,739,0.971875,1
baseline,greedy,740,0.9775,1
baseline,greedy,741,0.9746875,1
baseline,greedy,742,0.97609375,1
baseline,greedy,743,0.9775,1
baseline,greedy,744,0.96625,1
baseline,greedy,745,0.97046875,1
baseline,greedy,746,0.98171875,1
baseline,greedy,747,0.971875,1
baseline,greedy,748,0.97609375,1
baseline,greedy,749,0.97890625,1
baseline,greedy,750,0.97890625,1
baseline,greedy,751,0.9746875,1
baseline,greedy,752,0.98171875,1
baseline,greedy,753,0.97046875,1
baseline,greedy,754,0.9746875,1
baseline,greedy,755,0.97046875,1
baseline,greedy,756,0.9775,1
baseline,greedy,757,0.97890625,1
baseline,greedy,758,0.9803125,1
baseline,greedy,759,0.9775,1
baseline,greedy,760,0.97046875,1
baseline,greedy,761,0.9803125,1
baseline,greedy,762,0.97609375,1
baseline,greedy,763,0.9746875,1
baseline,greedy,764,0.9775,1
baseline,greedy,765,0.9775,1
baseline,greedy,766,0.97609375,1
baseline,greedy,767,0.97328125,1
baseline,greedy,768,0.97609375,1
baseline,greedy,769,0.971875,1
baseline,greedy,770,0.9746875,1
baseline,greedy,771,0.983125,1
baseline,greedy,772,0.97328125,1
baseline,greedy,773,0.97328125,1
baseline,greedy,774,0.98171875,1
baseline,greedy,775,0.9746875,1
baseline,greedy,776,0.97890625,1
baseline,greedy,777,0.97890625,1
baseline,greedy,778,0.9775,1
baseline,greedy,779,0.97328125,1
baseline,greedy,780,0.971875,1
baseline,greedy,781,0.97609375,1
baseline,greedy,782,0.9775,1
baseline,greedy,783,0.971875,1
baseline,greedy,784,0.971875,1
baseline,greedy,785,0.9775,1
baseline,greedy,786,0.97609375,1
baseline,greedy,787,0.9746875,1
baseline,greedy,788,0.97328125,1
baseline,greedy,789,0.9746875,1
baseline,greedy,790,0.97328125,1
baseline,greedy,791,0.97609375,1
baseline,greedy,792,0.983125,1
baseline,greedy,793,0.97046875,1
baseline,greedy,794,0.97609375,1
baseline,greedy,795,0.96765625,1
baseline,greedy,796,0.971875,1
baseline,greedy,797,0.97328125,1
baseline,greedy,798,0.9775,1
baseline,greedy,799,0.97328125,1
baseline,greedy,800,0.9803125,1
baseline,greedy,801,0.96484375,1
baseline,greedy,802,0.97890625,1
baseline,greedy,803,0.97609375,1
baseline,greedy,804,0.9746875,1
baseline,greedy,805,0.97609375,1
baseline,greedy,806,0.971875,1
baseline,greedy,807,0.9775,1
baseline,greedy,808,0.97609375,1
baseline,greedy,809,0.97328125,1
baseline,greedy,810,0.97328125,1
baseline,greedy,811,0.97328125,1
baseline,greedy,812,0.97890625,1
baseline,greedy,813,0.97890625,1
baseline,greedy,814,0.97609375,1
baseline,greedy,815,0.9775,1
baseline,greedy,816,0.97328125,1
baseline,greedy,817,0.98171875,1
baseline,greedy,818,0.97609375,1
baseline,greedy,819,0.97609375,1
baseline,greedy,820,0.9859375,1
baseline,greedy,821,0.9746875,1
baseline,greedy,822,0.98453125,1
baseline,greedy,823,0.97609375,1
baseline,greedy,824,0.96765625,1
baseline,greedy,825,0.9746875,1
baseline,greedy,826,0.97328125,1
baseline,greedy,827,0.97328125,1
baseline,greedy,828,0.971875,1
baseline,greedy,829,0.97890625,1
baseline,greedy,830,0.98171875,1
baseline,greedy,831,0.97609375,1
baseline,greedy,832,0.98171875,1
baseline,greedy,833,0.97890625,1
baseline,greedy,834,0.96765625,1
baseline,greedy,835,0.97609375,1
baseline,greedy,836,0.9746875,1
baseline,greedy,837,0.9746875,1
baseline,greedy,838,0.97890625,1
baseline,greedy,839,0.97890625,1
baseline,greedy,840,0.97609375,1
baseline,greedy,841,0.97890625,1
baseline,greedy,842,0.97609375,1
baseline,greedy,843,0.9690625,1
baseline,greedy,844,0.97328125,1
baseline,greedy,845,0.9775,1
baseline,greedy,846,0.97890625,1
baseline,greedy,847,0.9803125,1
baseline,greedy,848,0.97046875,1
baseline,greedy,849,0.96484375,1
baseline,greedy,850,0.9803125,1
baseline,greedy,851,0.97890625,1
baseline,greedy,852,0.97890625,1
baseline,greedy,853,0.98171875,1
baseline,greedy,854,0.971875,1
baseline,greedy,855,0.97890625,1
baseline,greedy,856,0.98171875,1
baseline,greedy,857,0.971875,1
baseline,greedy,858,0.97890625,1
baseline,greedy,859,0.971875,1
baseline,greedy,860,0.98453125,1
baseline,greedy,861,0.98171875,1
baseline,greedy,862,0.97328125,1
baseline,greedy,863,0.98171875,1
baseline,greedy,864,0.9775,1
baseline,greedy,865,0.9690625,1
baseline,greedy,866,0.9746875,1
baseline,greedy,867,0.97890625,1
baseline,greedy,868,0.9775,1
baseline,greedy,869,0.9775,1
baseline,greedy,870,0.9746875,1
baseline,greedy,871,0.98171875,1
baseline,greedy,872,0.97046875,1
baseline,greedy,873,0.97328125,1
baseline,greedy,874,0.97890625,1
baseline,greedy,875,0.9690625,1
baseline,greedy,876,0.9690625,1
baseline,greedy,877,0.97609375,1
baseline,greedy,878,0.97046875,1
baseline,greedy,879,0.97890625,1
baseline,greedy,880,0.9746875,1
baseline,greedy,881,0.9803125,1
baseline,greedy,882,0.98171875,1
baseline,greedy,883,0.98453125,1
baseline,greedy,884,0.9775,1
baseline,greedy,885,0.9690625,1
baseline,greedy,886,0.971875,1
baseline,greedy,887,0.9746875,1
baseline,greedy,888,0.983125,1
baseline,greedy,889,0.97046875,1
baseline,greedy,890,0.9746875,1
baseline,greedy,891,0.9775,1
baseline,greedy,892,0.9690625,1
baseline,greedy,893,0.97328125,1
baseline,greedy,894,0.9746875,1
baseline,greedy,895,0.983125,1
baseline,greedy,896,0.98171875,1
baseline,greedy,897,0.9803125,1
baseline,greedy,898,0.9775,1
baseline,greedy,899,0.97609375,1
baseline,greedy,900,0.9803125,1
baseline,greedy,901,0.9690625,1
baseline,greedy,902,0.97609375,1
baseline,greedy,903,0.9746875,1
baseline,greedy,904,0.9746875,1
baseline,greedy,905,0.9775,1
baseline,greedy,906,0.9690625,1
baseline,greedy,907,0.9746875,1
baseline,greedy,908,0.9775,1
baseline,greedy,909,0.97328125,1
baseline,greedy,910,0.97890625,1
baseline,greedy,911,0.97609375,1
baseline,greedy,912,0.9803125,1
baseline,greedy,913,0.97046875,1
baseline,greedy,914,0.96625,1
baseline,greedy,915,0.98734375,1
baseline,greedy,916,0.96484375,1
baseline,greedy,917,0.971875,1
baseline,greedy,918,0.9746875,1
baseline,greedy,919,0.97609375,1
baseline,greedy,920,0.9746875,1
baseline,greedy,921,0.97328125,1
baseline,greedy,922,0.97328125,1
baseline,greedy,923,0.971875,1
baseline,greedy,924,0.97890625,1
baseline,greedy,925,0.97046875,1
baseline,greedy,926,0.9690625,1
baseline,greedy,927,0.983125,1
baseline,greedy,928,0.9775,1
baseline,greedy,929,0.97328125,1
baseline,greedy,930,0.97890625,1
baseline,greedy,931,0.97609375,1
baseline,greedy,932,0.9803125,1
baseline,greedy,933,0.98171875,1
baseline,greedy,934,0.971875,1
baseline,greedy,935,0.97890625,1
baseline,greedy,936,0.97046875,1
baseline,greedy,937,0.97328125,1
baseline,greedy,938,0.9746875,1
baseline,greedy,939,0.98171875,1
baseline,greedy,940,0.9746875,1
baseline,greedy,941,0.983125,1
baseline,greedy,942,0.9803125,1
baseline,greedy,943,0.9803125,1
baseline,greedy,944,0.971875,1
baseline,greedy,945,0.9775,1
baseline,greedy,946,0.96765625,1
baseline,greedy,947,0.97890625,1
baseline,greedy,948,0.971875,1
baseline,greedy,949,0.9746875,1
baseline,greedy,950,0.9803125,1
baseline,greedy,951,0.98171875,1
baseline,greedy,952,0.971875,1
baseline,greedy,953,0.97609375,1
baseline,greedy,954,0.9803125,1
baseline,greedy,955,0.9746875,1
baseline,greedy,956,0.96765625,1
baseline,greedy,957,0.9859375,1
baseline,greedy,958,0.9746875,1
baseline,greedy,959,0.9690625,1
baseline,greedy,960,0.97890625,1
baseline,greedy,961,0.97609375,1
baseline,greedy,962,0.97328125,1
baseline,greedy,963,0.9775,1
baseline,greedy,964,0.98453125,1
baseline,greedy,965,0.9690625,1
baseline,greedy,966,0.971875,1
baseline,greedy,967,0.9746875,1
baseline,greedy,968,0.97328125,1
baseline,greedy,969,0.97046875,1
baseline,greedy,970,0.97609375,1
baseline,greedy,971,0.96484375,1
baseline,greedy,972,0.9803125,1
baseline,greedy,973,0.97328125,1
baseline,greedy,974,0.97890625,1
baseline,greedy,975,0.9690625,1
baseline,greedy,976,0.97890625,1
baseline,greedy,977,0.9775,1
baseline,greedy,978,0.98453125,1
baseline,greedy,979,0.9746875,1
baseline,greedy,980,0.98171875,1
baseline,greedy,981,0.960625,1
baseline,greedy,982,0.97328125,1
baseline,greedy,983,0.971875,1
baseline,greedy,984,0.9803125,1
baseline,greedy,985,0.97609375,1
baseline,greedy,986,0.9775,1
baseline,greedy,987,0.96484375,1
baseline,greedy,988,0.9775,1
baseline,greedy,989,0.9690625,1
baseline,greedy,990,0.97328125,1
baseline,greedy,991,0.9746875,1
baseline,greedy,992,0.96765625,1
baseline,greedy,993,0.9775,1
baseline,greedy,994,0.9803125,1
baseline,greedy,995,0.9775,1
baseline,greedy,996,0.97609375,1
baseline,greedy,997,0.9746875,1
baseline,greedy,998,0.971875,1
baseline,greedy,999,0.97328125,1
direct_code_gen,o3_mini,0,0.96765625,1
direct_code_gen,o3_mini,1,0.0,0
direct_code_gen,o3_mini,2,0.9690625,1
direct_code_gen,o3_mini,3,0.9746875,1
direct_code_gen,o3_mini,4,0.0,0
direct_code_gen,o3_mini,5,0.97046875,1
direct_code_gen,o3_mini,6,0.97046875,1
direct_code_gen,o3_mini,7,0.971875,1
direct_code_gen,o3_mini,8,0.9521875,1
direct_code_gen,o3_mini,9,0.9690625,1
direct_code_gen,o3_mini,10,0.0,0
direct_code_gen,o3_mini,11,0.0,0
direct_code_gen,o3_mini,12,0.97328125,1
direct_code_gen,o3_mini,13,0.9634375,1
direct_code_gen,o3_mini,14,0.0,0
direct_code_gen,o3_mini,15,0.971875,1
direct_code_gen,o3_mini,16,0.9803125,1
direct_code_gen,o3_mini,17,0.96625,1
direct_code_gen,o3_mini,18,0.96765625,1
direct_code_gen,o3_mini,19,0.0,0
direct_code_gen,o3_mini,20,0.97609375,1
direct_code_gen,o3_mini,21,0.983125,1
direct_code_gen,o3_mini,22,0.97046875,1
direct_code_gen,o3_mini,23,0.0,0
direct_code_gen,o3_mini,24,0.9690625,1
direct_code_gen,o3_mini,25,0.96484375,1
direct_code_gen,o3_mini,26,0.97046875,1
direct_code_gen,o3_mini,27,0.0,0
direct_code_gen,o3_mini,28,0.971875,1
direct_code_gen,o3_mini,29,0.9690625,1
direct_code_gen,o3_mini,30,0.0,0
direct_code_gen,o3_mini,31,0.97609375,1
direct_code_gen,o3_mini,32,0.96484375,1
direct_code_gen,o3_mini,33,0.9775,1
direct_code_gen,o3_mini,34,0.0,0
direct_code_gen,o3_mini,35,0.0,0
direct_code_gen,o3_mini,36,0.9746875,1
direct_code_gen,o3_mini,37,0.0,0
direct_code_gen,o3_mini,38,0.0,0
direct_code_gen,o3_mini,39,0.971875,1
direct_code_gen,o3_mini,40,0.95921875,1
direct_code_gen,o3_mini,41,0.97890625,1
direct_code_gen,o3_mini,42,0.971875,1
direct_code_gen,o3_mini,43,0.0,0
direct_code_gen,o3_mini,44,0.96625,1
direct_code_gen,o3_mini,45,0.971875,1
direct_code_gen,o3_mini,46,0.96765625,1
direct_code_gen,o3_mini,47,0.98171875,1
direct_code_gen,o3_mini,48,0.97046875,1
direct_code_gen,o3_mini,49,0.9803125,1
direct_code_gen,o3_mini,50,0.971875,1
direct_code_gen,o3_mini,51,0.9690625,1
direct_code_gen,o3_mini,52,0.96625,1
direct_code_gen,o3_mini,53,0.97609375,1
direct_code_gen,o3_mini,54,0.983125,1
direct_code_gen,o3_mini,55,0.96765625,1
direct_code_gen,o3_mini,56,0.9746875,1
direct_code_gen,o3_mini,57,0.98171875,1
direct_code_gen,o3_mini,58,0.98171875,1
direct_code_gen,o3_mini,59,0.97328125,1
direct_code_gen,o3_mini,60,0.0,0
direct_code_gen,o3_mini,61,0.97046875,1
direct_code_gen,o3_mini,62,0.971875,1
direct_code_gen,o3_mini,63,0.0,0
direct_code_gen,o3_mini,64,0.96625,1
direct_code_gen,o3_mini,65,0.0,0
direct_code_gen,o3_mini,66,0.97046875,1
direct_code_gen,o3_mini,67,0.96765625,1
direct_code_gen,o3_mini,68,0.96203125,1
direct_code_gen,o3_mini,69,0.98171875,1
direct_code_gen,o3_mini,70,0.9634375,1
direct_code_gen,o3_mini,71,0.97046875,1
direct_code_gen,o3_mini,72,0.97046875,1
direct_code_gen,o3_mini,73,0.96625,1
direct_code_gen,o3_mini,74,0.9803125,1
direct_code_gen,o3_mini,75,0.97609375,1
direct_code_gen,o3_mini,76,0.9775,1
direct_code_gen,o3_mini,77,0.97328125,1
direct_code_gen,o3_mini,78,0.9690625,1
direct_code_gen,o3_mini,79,0.0,0
direct_code_gen,o3_mini,80,0.96625,1
direct_code_gen,o3_mini,81,0.0,0
direct_code_gen,o3_mini,82,0.9803125,1
direct_code_gen,o3_mini,83,0.9746875,1
direct_code_gen,o3_mini,84,0.96203125,1
direct_code_gen,o3_mini,85,0.0,0
direct_code_gen,o3_mini,86,0.95640625,1
direct_code_gen,o3_mini,87,0.9775,1
direct_code_gen,o3_mini,88,0.9803125,1
direct_code_gen,o3_mini,89,0.9746875,1
direct_code_gen,o3_mini,90,0.9634375,1
direct_code_gen,o3_mini,91,0.96203125,1
direct_code_gen,o3_mini,92,0.9775,1
direct_code_gen,o3_mini,93,0.9690625,1
direct_code_gen,o3_mini,94,0.9775,1
direct_code_gen,o3_mini,95,0.971875,1
direct_code_gen,o3_mini,96,0.971875,1
direct_code_gen,o3_mini,97,0.97609375,1
direct_code_gen,o3_mini,98,0.97328125,1
direct_code_gen,o3_mini,99,0.96765625,1
direct_code_gen,o3_mini,100,0.97328125,1
direct_code_gen,o3_mini,101,0.96765625,1
direct_code_gen,o3_mini,102,0.9578125,1
direct_code_gen,o3_mini,103,0.96484375,1
direct_code_gen,o3_mini,104,0.9775,1
direct_code_gen,o3_mini,105,0.9775,1
direct_code_gen,o3_mini,106,0.97328125,1
direct_code_gen,o3_mini,107,0.0,0
direct_code_gen,o3_mini,108,0.0,0
direct_code_gen,o3_mini,109,0.9775,1
direct_code_gen,o3_mini,110,0.96765625,1
direct_code_gen,o3_mini,111,0.0,0
direct_code_gen,o3_mini,112,0.0,0
direct_code_gen,o3_mini,113,0.96765625,1
direct_code_gen,o3_mini,114,0.0,0
direct_code_gen,o3_mini,115,0.9634375,1
direct_code_gen,o3_mini,116,0.0,0
direct_code_gen,o3_mini,117,0.96625,1
direct_code_gen,o3_mini,118,0.96765625,1
direct_code_gen,o3_mini,119,0.97609375,1
direct_code_gen,o3_mini,120,0.9690625,1
direct_code_gen,o3_mini,121,0.0,0
direct_code_gen,o3_mini,122,0.96625,1
direct_code_gen,o3_mini,123,0.9803125,1
direct_code_gen,o3_mini,124,0.97328125,1
direct_code_gen,o3_mini,125,0.97890625,1
direct_code_gen,o3_mini,126,0.9746875,1
direct_code_gen,o3_mini,127,0.96625,1
direct_code_gen,o3_mini,128,0.96765625,1
direct_code_gen,o3_mini,129,0.97046875,1
direct_code_gen,o3_mini,130,0.971875,1
direct_code_gen,o3_mini,131,0.9775,1
direct_code_gen,o3_mini,132,0.971875,1
direct_code_gen,o3_mini,133,0.96765625,1
direct_code_gen,o3_mini,134,0.971875,1
direct_code_gen,o3_mini,135,0.955,1
direct_code_gen,o3_mini,136,0.9690625,1
direct_code_gen,o3_mini,137,0.97328125,1
direct_code_gen,o3_mini,138,0.97328125,1
direct_code_gen,o3_mini,139,0.9775,1
direct_code_gen,o3_mini,140,0.9746875,1
direct_code_gen,o3_mini,141,0.9803125,1
direct_code_gen,o3_mini,142,0.0,0
direct_code_gen,o3_mini,143,0.96765625,1
direct_code_gen,o3_mini,144,0.97046875,1
direct_code_gen,o3_mini,145,0.9634375,1
direct_code_gen,o3_mini,146,0.97328125,1
direct_code_gen,o3_mini,147,0.0,0
direct_code_gen,o3_mini,148,0.97609375,1
direct_code_gen,o3_mini,149,0.9634375,1
direct_code_gen,o3_mini,150,0.9578125,1
direct_code_gen,o3_mini,151,0.97609375,1
direct_code_gen,o3_mini,152,0.97328125,1
direct_code_gen,o3_mini,153,0.0,0
direct_code_gen,o3_mini,154,0.9775,1
direct_code_gen,o3_mini,155,0.97328125,1
direct_code_gen,o3_mini,156,0.96625,1
direct_code_gen,o3_mini,157,0.0,0
direct_code_gen,o3_mini,158,0.9634375,1
direct_code_gen,o3_mini,159,0.96625,1
direct_code_gen,o3_mini,160,0.0,0
direct_code_gen,o3_mini,161,0.97046875,1
direct_code_gen,o3_mini,162,0.9803125,1
direct_code_gen,o3_mini,163,0.983125,1
direct_code_gen,o3_mini,164,0.0,0
direct_code_gen,o3_mini,165,0.96765625,1
direct_code_gen,o3_mini,166,0.0,0
direct_code_gen,o3_mini,167,0.9690625,1
direct_code_gen,o3_mini,168,0.96625,1
direct_code_gen,o3_mini,169,0.9775,1
direct_code_gen,o3_mini,170,0.0,0
direct_code_gen,o3_mini,171,0.96765625,1
direct_code_gen,o3_mini,172,0.9634375,1
direct_code_gen,o3_mini,173,0.97046875,1
direct_code_gen,o3_mini,174,0.9775,1
direct_code_gen,o3_mini,175,0.96625,1
direct_code_gen,o3_mini,176,0.9746875,1
direct_code_gen,o3_mini,177,0.96765625,1
direct_code_gen,o3_mini,178,0.95921875,1
direct_code_gen,o3_mini,179,0.97328125,1
direct_code_gen,o3_mini,180,0.9803125,1
direct_code_gen,o3_mini,181,0.97328125,1
direct_code_gen,o3_mini,182,0.9746875,1
direct_code_gen,o3_mini,183,0.97328125,1
direct_code_gen,o3_mini,184,0.97609375,1
direct_code_gen,o3_mini,185,0.9690625,1
direct_code_gen,o3_mini,186,0.0,0
direct_code_gen,o3_mini,187,0.97328125,1
direct_code_gen,o3_mini,188,0.9746875,1
direct_code_gen,o3_mini,189,0.9746875,1
direct_code_gen,o3_mini,190,0.96765625,1
direct_code_gen,o3_mini,191,0.0,0
direct_code_gen,o3_mini,192,0.96765625,1
direct_code_gen,o3_mini,193,0.9746875,1
direct_code_gen,o3_mini,194,0.96765625,1
direct_code_gen,o3_mini,195,0.9746875,1
direct_code_gen,o3_mini,196,0.0,0
direct_code_gen,o3_mini,197,0.9775,1
direct_code_gen,o3_mini,198,0.9634375,1
direct_code_gen,o3_mini,199,0.97328125,1
direct_code_gen,o3_mini,200,0.0,0
direct_code_gen,o3_mini,201,0.9775,1
direct_code_gen,o3_mini,202,0.0,0
direct_code_gen,o3_mini,203,0.96765625,1
direct_code_gen,o3_mini,204,0.97046875,1
direct_code_gen,o3_mini,205,0.9746875,1
direct_code_gen,o3_mini,206,0.96625,1
direct_code_gen,o3_mini,207,0.9746875,1
direct_code_gen,o3_mini,208,0.97046875,1
direct_code_gen,o3_mini,209,0.9690625,1
direct_code_gen,o3_mini,210,0.9746875,1
direct_code_gen,o3_mini,211,0.97328125,1
direct_code_gen,o3_mini,212,0.0,0
direct_code_gen,o3_mini,213,0.97046875,1
direct_code_gen,o3_mini,214,0.0,0
direct_code_gen,o3_mini,215,0.9746875,1
direct_code_gen,o3_mini,216,0.9690625,1
direct_code_gen,o3_mini,217,0.97046875,1
direct_code_gen,o3_mini,218,0.9803125,1
direct_code_gen,o3_mini,219,0.0,0
direct_code_gen,o3_mini,220,0.96203125,1
direct_code_gen,o3_mini,221,0.9746875,1
direct_code_gen,o3_mini,222,0.9634375,1
direct_code_gen,o3_mini,223,0.9803125,1
direct_code_gen,o3_mini,224,0.9746875,1
direct_code_gen,o3_mini,225,0.96203125,1
direct_code_gen,o3_mini,226,0.9690625,1
direct_code_gen,o3_mini,227,0.97046875,1
direct_code_gen,o3_mini,228,0.9746875,1
direct_code_gen,o3_mini,229,0.96203125,1
direct_code_gen,o3_mini,230,0.96203125,1
direct_code_gen,o3_mini,231,0.96765625,1
direct_code_gen,o3_mini,232,0.97328125,1
direct_code_gen,o3_mini,233,0.971875,1
direct_code_gen,o3_mini,234,0.971875,1
direct_code_gen,o3_mini,235,0.9803125,1
direct_code_gen,o3_mini,236,0.971875,1
direct_code_gen,o3_mini,237,0.9746875,1
direct_code_gen,o3_mini,238,0.95921875,1
direct_code_gen,o3_mini,239,0.97046875,1
direct_code_gen,o3_mini,240,0.96765625,1
direct_code_gen,o3_mini,241,0.97609375,1
direct_code_gen,o3_mini,242,0.97609375,1
direct_code_gen,o3_mini,243,0.98453125,1
direct_code_gen,o3_mini,244,0.971875,1
direct_code_gen,o3_mini,245,0.97328125,1
direct_code_gen,o3_mini,246,0.97890625,1
direct_code_gen,o3_mini,247,0.97328125,1
direct_code_gen,o3_mini,248,0.96765625,1
direct_code_gen,o3_mini,249,0.96484375,1
direct_code_gen,o3_mini,250,0.96484375,1
direct_code_gen,o3_mini,251,0.0,0
direct_code_gen,o3_mini,252,0.95640625,1
direct_code_gen,o3_mini,253,0.97890625,1
direct_code_gen,o3_mini,254,0.9690625,1
direct_code_gen,o3_mini,255,0.0,0
direct_code_gen,o3_mini,256,0.96203125,1
direct_code_gen,o3_mini,257,0.9690625,1
direct_code_gen,o3_mini,258,0.97328125,1
direct_code_gen,o3_mini,259,0.97890625,1
direct_code_gen,o3_mini,260,0.9634375,1
direct_code_gen,o3_mini,261,0.0,0
direct_code_gen,o3_mini,262,0.9775,1
direct_code_gen,o3_mini,263,0.97609375,1
direct_code_gen,o3_mini,264,0.0,0
direct_code_gen,o3_mini,265,0.97328125,1
direct_code_gen,o3_mini,266,0.97046875,1
direct_code_gen,o3_mini,267,0.95640625,1
direct_code_gen,o3_mini,268,0.97046875,1
direct_code_gen,o3_mini,269,0.97328125,1
direct_code_gen,o3_mini,270,0.98171875,1
direct_code_gen,o3_mini,271,0.9803125,1
direct_code_gen,o3_mini,272,0.0,0
direct_code_gen,o3_mini,273,0.0,0
direct_code_gen,o3_mini,274,0.96484375,1
direct_code_gen,o3_mini,275,0.9746875,1
direct_code_gen,o3_mini,276,0.97890625,1
direct_code_gen,o3_mini,277,0.0,0
direct_code_gen,o3_mini,278,0.971875,1
direct_code_gen,o3_mini,279,0.97890625,1
direct_code_gen,o3_mini,280,0.9578125,1
direct_code_gen,o3_mini,281,0.97328125,1
direct_code_gen,o3_mini,282,0.98171875,1
direct_code_gen,o3_mini,283,0.97046875,1
direct_code_gen,o3_mini,284,0.97890625,1
direct_code_gen,o3_mini,285,0.96765625,1
direct_code_gen,o3_mini,286,0.971875,1
direct_code_gen,o3_mini,287,0.9746875,1
direct_code_gen,o3_mini,288,0.0,0
direct_code_gen,o3_mini,289,0.9690625,1
direct_code_gen,o3_mini,290,0.97046875,1
direct_code_gen,o3_mini,291,0.97890625,1
direct_code_gen,o3_mini,292,0.96765625,1
direct_code_gen,o3_mini,293,0.97609375,1
direct_code_gen,o3_mini,294,0.9746875,1
direct_code_gen,o3_mini,295,0.97609375,1
direct_code_gen,o3_mini,296,0.0,0
direct_code_gen,o3_mini,297,0.0,0
direct_code_gen,o3_mini,298,0.9803125,1
direct_code_gen,o3_mini,299,0.960625,1
direct_code_gen,o3_mini,300,0.9803125,1
direct_code_gen,o3_mini,301,0.0,0
direct_code_gen,o3_mini,302,0.9690625,1
direct_code_gen,o3_mini,303,0.96625,1
direct_code_gen,o3_mini,304,0.9690625,1
direct_code_gen,o3_mini,305,0.9690625,1
direct_code_gen,o3_mini,306,0.96765625,1
direct_code_gen,o3_mini,307,0.96484375,1
direct_code_gen,o3_mini,308,0.0,0
direct_code_gen,o3_mini,309,0.96625,1
direct_code_gen,o3_mini,310,0.0,0
direct_code_gen,o3_mini,311,0.9578125,1
direct_code_gen,o3_mini,312,0.97328125,1
direct_code_gen,o3_mini,313,0.9578125,1
direct_code_gen,o3_mini,314,0.9746875,1
direct_code_gen,o3_mini,315,0.96484375,1
direct_code_gen,o3_mini,316,0.0,0
direct_code_gen,o3_mini,317,0.9803125,1
direct_code_gen,o3_mini,318,0.0,0
direct_code_gen,o3_mini,319,0.97046875,1
direct_code_gen,o3_mini,320,0.96765625,1
direct_code_gen,o3_mini,321,0.9690625,1
direct_code_gen,o3_mini,322,0.0,0
direct_code_gen,o3_mini,323,0.9690625,1
direct_code_gen,o3_mini,324,0.95921875,1
direct_code_gen,o3_mini,325,0.0,0
direct_code_gen,o3_mini,326,0.0,0
direct_code_gen,o3_mini,327,0.9690625,1
direct_code_gen,o3_mini,328,0.0,0
direct_code_gen,o3_mini,329,0.96625,1
direct_code_gen,o3_mini,330,0.96625,1
direct_code_gen,o3_mini,331,0.0,0
direct_code_gen,o3_mini,332,0.97046875,1
direct_code_gen,o3_mini,333,0.95921875,1
direct_code_gen,o3_mini,334,0.9746875,1
direct_code_gen,o3_mini,335,0.0,0
direct_code_gen,o3_mini,336,0.983125,1
direct_code_gen,o3_mini,337,0.97609375,1
direct_code_gen,o3_mini,338,0.97328125,1
direct_code_gen,o3_mini,339,0.0,0
direct_code_gen,o3_mini,340,0.0,0
direct_code_gen,o3_mini,341,0.9775,1
direct_code_gen,o3_mini,342,0.97046875,1
direct_code_gen,o3_mini,343,0.9775,1
direct_code_gen,o3_mini,344,0.0,0
direct_code_gen,o3_mini,345,0.96625,1
direct_code_gen,o3_mini,346,0.9634375,1
direct_code_gen,o3_mini,347,0.971875,1
direct_code_gen,o3_mini,348,0.9746875,1
direct_code_gen,o3_mini,349,0.96484375,1
direct_code_gen,o3_mini,350,0.97328125,1
direct_code_gen,o3_mini,351,0.96625,1
direct_code_gen,o3_mini,352,0.98453125,1
direct_code_gen,o3_mini,353,0.0,0
direct_code_gen,o3_mini,354,0.97328125,1
direct_code_gen,o3_mini,355,0.971875,1
direct_code_gen,o3_mini,356,0.9803125,1
direct_code_gen,o3_mini,357,0.971875,1
direct_code_gen,o3_mini,358,0.971875,1
direct_code_gen,o3_mini,359,0.0,0
direct_code_gen,o3_mini,360,0.9803125,1
direct_code_gen,o3_mini,361,0.97046875,1
direct_code_gen,o3_mini,362,0.0,0
direct_code_gen,o3_mini,363,0.0,0
direct_code_gen,o3_mini,364,0.97328125,1
direct_code_gen,o3_mini,365,0.0,0
direct_code_gen,o3_mini,366,0.0,0
direct_code_gen,o3_mini,367,0.96203125,1
direct_code_gen,o3_mini,368,0.971875,1
direct_code_gen,o3_mini,369,0.96484375,1
direct_code_gen,o3_mini,370,0.97609375,1
direct_code_gen,o3_mini,371,0.971875,1
direct_code_gen,o3_mini,372,0.97890625,1
direct_code_gen,o3_mini,373,0.971875,1
direct_code_gen,o3_mini,374,0.971875,1
direct_code_gen,o3_mini,375,0.97046875,1
direct_code_gen,o3_mini,376,0.971875,1
direct_code_gen,o3_mini,377,0.96484375,1
direct_code_gen,o3_mini,378,0.97328125,1
direct_code_gen,o3_mini,379,0.97046875,1
direct_code_gen,o3_mini,380,0.97609375,1
direct_code_gen,o3_mini,381,0.0,0
direct_code_gen,o3_mini,382,0.9690625,1
direct_code_gen,o3_mini,383,0.95921875,1
direct_code_gen,o3_mini,384,0.0,0
direct_code_gen,o3_mini,385,0.0,0
direct_code_gen,o3_mini,386,0.960625,1
direct_code_gen,o3_mini,387,0.9690625,1
direct_code_gen,o3_mini,388,0.9690625,1
direct_code_gen,o3_mini,389,0.0,0
direct_code_gen,o3_mini,390,0.9690625,1
direct_code_gen,o3_mini,391,0.0,0
direct_code_gen,o3_mini,392,0.9578125,1
direct_code_gen,o3_mini,393,0.97046875,1
direct_code_gen,o3_mini,394,0.971875,1
direct_code_gen,o3_mini,395,0.96625,1
direct_code_gen,o3_mini,396,0.97328125,1
direct_code_gen,o3_mini,397,0.97609375,1
direct_code_gen,o3_mini,398,0.971875,1
direct_code_gen,o3_mini,399,0.971875,1
direct_code_gen,o3_mini,400,0.97046875,1
direct_code_gen,o3_mini,401,0.97328125,1
direct_code_gen,o3_mini,402,0.9775,1
direct_code_gen,o3_mini,403,0.9746875,1
direct_code_gen,o3_mini,404,0.96765625,1
direct_code_gen,o3_mini,405,0.955,1
direct_code_gen,o3_mini,406,0.96625,1
direct_code_gen,o3_mini,407,0.9690625,1
direct_code_gen,o3_mini,408,0.97046875,1
direct_code_gen,o3_mini,409,0.97890625,1
direct_code_gen,o3_mini,410,0.9746875,1
direct_code_gen,o3_mini,411,0.0,0
direct_code_gen,o3_mini,412,0.0,0
direct_code_gen,o3_mini,413,0.971875,1
direct_code_gen,o3_mini,414,0.9746875,1
direct_code_gen,o3_mini,415,0.98171875,1
direct_code_gen,o3_mini,416,0.96765625,1
direct_code_gen,o3_mini,417,0.0,0
direct_code_gen,o3_mini,418,0.96203125,1
direct_code_gen,o3_mini,419,0.971875,1
direct_code_gen,o3_mini,420,0.96484375,1
direct_code_gen,o3_mini,421,0.0,0
direct_code_gen,o3_mini,422,0.96203125,1
direct_code_gen,o3_mini,423,0.97609375,1
direct_code_gen,o3_mini,424,0.96765625,1
direct_code_gen,o3_mini,425,0.98171875,1
direct_code_gen,o3_mini,426,0.96765625,1
direct_code_gen,o3_mini,427,0.96484375,1
direct_code_gen,o3_mini,428,0.971875,1
direct_code_gen,o3_mini,429,0.0,0
direct_code_gen,o3_mini,430,0.0,0
direct_code_gen,o3_mini,431,0.97609375,1
direct_code_gen,o3_mini,432,0.98171875,1
direct_code_gen,o3_mini,433,0.0,0
direct_code_gen,o3_mini,434,0.971875,1
direct_code_gen,o3_mini,435,0.96765625,1
direct_code_gen,o3_mini,436,0.97046875,1
direct_code_gen,o3_mini,437,0.97328125,1
direct_code_gen,o3_mini,438,0.97890625,1
direct_code_gen,o3_mini,439,0.9775,1
direct_code_gen,o3_mini,440,0.0,0
direct_code_gen,o3_mini,441,0.96484375,1
direct_code_gen,o3_mini,442,0.97890625,1
direct_code_gen,o3_mini,443,0.0,0
direct_code_gen,o3_mini,444,0.9746875,1
direct_code_gen,o3_mini,445,0.0,0
direct_code_gen,o3_mini,446,0.0,0
direct_code_gen,o3_mini,447,0.96484375,1
direct_code_gen,o3_mini,448,0.97046875,1
direct_code_gen,o3_mini,449,0.95640625,1
direct_code_gen,o3_mini,450,0.97890625,1
direct_code_gen,o3_mini,451,0.9578125,1
direct_code_gen,o3_mini,452,0.0,0
direct_code_gen,o3_mini,453,0.9634375,1
direct_code_gen,o3_mini,454,0.96484375,1
direct_code_gen,o3_mini,455,0.96625,1
direct_code_gen,o3_mini,456,0.9634375,1
direct_code_gen,o3_mini,457,0.97890625,1
direct_code_gen,o3_mini,458,0.9690625,1
direct_code_gen,o3_mini,459,0.97046875,1
direct_code_gen,o3_mini,460,0.9803125,1
direct_code_gen,o3_mini,461,0.96765625,1
direct_code_gen,o3_mini,462,0.971875,1
direct_code_gen,o3_mini,463,0.96203125,1
direct_code_gen,o3_mini,464,0.97328125,1
direct_code_gen,o3_mini,465,0.960625,1
direct_code_gen,o3_mini,466,0.0,0
direct_code_gen,o3_mini,467,0.0,0
direct_code_gen,o3_mini,468,0.96625,1
direct_code_gen,o3_mini,469,0.0,0
direct_code_gen,o3_mini,470,0.9803125,1
direct_code_gen,o3_mini,471,0.96765625,1
direct_code_gen,o3_mini,472,0.96203125,1
direct_code_gen,o3_mini,473,0.9690625,1
direct_code_gen,o3_mini,474,0.9690625,1
direct_code_gen,o3_mini,475,0.95640625,1
direct_code_gen,o3_mini,476,0.96203125,1
direct_code_gen,o3_mini,477,0.97328125,1
direct_code_gen,o3_mini,478,0.97328125,1
direct_code_gen,o3_mini,479,0.96765625,1
direct_code_gen,o3_mini,480,0.9803125,1
direct_code_gen,o3_mini,481,0.97609375,1
direct_code_gen,o3_mini,482,0.97328125,1
direct_code_gen,o3_mini,483,0.9746875,1
direct_code_gen,o3_mini,484,0.96765625,1
direct_code_gen,o3_mini,485,0.97046875,1
direct_code_gen,o3_mini,486,0.960625,1
direct_code_gen,o3_mini,487,0.97046875,1
direct_code_gen,o3_mini,488,0.96765625,1
direct_code_gen,o3_mini,489,0.96203125,1
direct_code_gen,o3_mini,490,0.9690625,1
direct_code_gen,o3_mini,491,0.0,0
direct_code_gen,o3_mini,492,0.9775,1
direct_code_gen,o3_mini,493,0.9775,1
direct_code_gen,o3_mini,494,0.97609375,1
direct_code_gen,o3_mini,495,0.9690625,1
direct_code_gen,o3_mini,496,0.0,0
direct_code_gen,o3_mini,497,0.97890625,1
direct_code_gen,o3_mini,498,0.97328125,1
direct_code_gen,o3_mini,499,0.9634375,1
direct_code_gen,o3_mini,500,0.97609375,1
direct_code_gen,o3_mini,501,0.96625,1
direct_code_gen,o3_mini,502,0.0,0
direct_code_gen,o3_mini,503,0.96484375,1
direct_code_gen,o3_mini,504,0.0,0
direct_code_gen,o3_mini,505,0.98171875,1
direct_code_gen,o3_mini,506,0.9690625,1
direct_code_gen,o3_mini,507,0.97046875,1
direct_code_gen,o3_mini,508,0.96484375,1
direct_code_gen,o3_mini,509,0.97046875,1
direct_code_gen,o3_mini,510,0.9690625,1
direct_code_gen,o3_mini,511,0.9634375,1
direct_code_gen,o3_mini,512,0.96765625,1
direct_code_gen,o3_mini,513,0.97328125,1
direct_code_gen,o3_mini,514,0.97046875,1
direct_code_gen,o3_mini,515,0.0,0
direct_code_gen,o3_mini,516,0.0,0
direct_code_gen,o3_mini,517,0.9746875,1
direct_code_gen,o3_mini,518,0.95640625,1
direct_code_gen,o3_mini,519,0.96484375,1
direct_code_gen,o3_mini,520,0.96484375,1
direct_code_gen,o3_mini,521,0.0,0
direct_code_gen,o3_mini,522,0.95921875,1
direct_code_gen,o3_mini,523,0.0,0
direct_code_gen,o3_mini,524,0.9746875,1
direct_code_gen,o3_mini,525,0.9775,1
direct_code_gen,o3_mini,526,0.9634375,1
direct_code_gen,o3_mini,527,0.97328125,1
direct_code_gen,o3_mini,528,0.0,0
direct_code_gen,o3_mini,529,0.9803125,1
direct_code_gen,o3_mini,530,0.97328125,1
direct_code_gen,o3_mini,531,0.971875,1
direct_code_gen,o3_mini,532,0.97046875,1
direct_code_gen,o3_mini,533,0.97328125,1
direct_code_gen,o3_mini,534,0.971875,1
direct_code_gen,o3_mini,535,0.9578125,1
direct_code_gen,o3_mini,536,0.0,0
direct_code_gen,o3_mini,537,0.97328125,1
direct_code_gen,o3_mini,538,0.0,0
direct_code_gen,o3_mini,539,0.96484375,1
direct_code_gen,o3_mini,540,0.96625,1
direct_code_gen,o3_mini,541,0.97328125,1
direct_code_gen,o3_mini,542,0.9690625,1
direct_code_gen,o3_mini,543,0.96625,1
direct_code_gen,o3_mini,544,0.0,0
direct_code_gen,o3_mini,545,0.9690625,1
direct_code_gen,o3_mini,546,0.96484375,1
direct_code_gen,o3_mini,547,0.9859375,1
direct_code_gen,o3_mini,548,0.96203125,1
direct_code_gen,o3_mini,549,0.96625,1
direct_code_gen,o3_mini,550,0.97609375,1
direct_code_gen,o3_mini,551,0.0,0
direct_code_gen,o3_mini,552,0.0,0
direct_code_gen,o3_mini,553,0.97609375,1
direct_code_gen,o3_mini,554,0.97328125,1
direct_code_gen,o3_mini,555,0.9690625,1
direct_code_gen,o3_mini,556,0.9690625,1
direct_code_gen,o3_mini,557,0.97328125,1
direct_code_gen,o3_mini,558,0.9746875,1
direct_code_gen,o3_mini,559,0.9803125,1
direct_code_gen,o3_mini,560,0.97609375,1
direct_code_gen,o3_mini,561,0.0,0
direct_code_gen,o3_mini,562,0.0,0
direct_code_gen,o3_mini,563,0.97609375,1
direct_code_gen,o3_mini,564,0.9775,1
direct_code_gen,o3_mini,565,0.97609375,1
direct_code_gen,o3_mini,566,0.96625,1
direct_code_gen,o3_mini,567,0.97046875,1
direct_code_gen,o3_mini,568,0.971875,1
direct_code_gen,o3_mini,569,0.0,0
direct_code_gen,o3_mini,570,0.0,0
direct_code_gen,o3_mini,571,0.971875,1
direct_code_gen,o3_mini,572,0.97890625,1
direct_code_gen,o3_mini,573,0.960625,1
direct_code_gen,o3_mini,574,0.0,0
direct_code_gen,o3_mini,575,0.98171875,1
direct_code_gen,o3_mini,576,0.971875,1
direct_code_gen,o3_mini,577,0.971875,1
direct_code_gen,o3_mini,578,0.971875,1
direct_code_gen,o3_mini,579,0.97609375,1
direct_code_gen,o3_mini,580,0.97890625,1
direct_code_gen,o3_mini,581,0.0,0
direct_code_gen,o3_mini,582,0.97328125,1
direct_code_gen,o3_mini,583,0.971875,1
direct_code_gen,o3_mini,584,0.0,0
direct_code_gen,o3_mini,585,0.97609375,1
direct_code_gen,o3_mini,586,0.96625,1
direct_code_gen,o3_mini,587,0.98453125,1
direct_code_gen,o3_mini,588,0.0,0
direct_code_gen,o3_mini,589,0.0,0
direct_code_gen,o3_mini,590,0.97328125,1
direct_code_gen,o3_mini,591,0.0,0
direct_code_gen,o3_mini,592,0.96765625,1
direct_code_gen,o3_mini,593,0.97890625,1
direct_code_gen,o3_mini,594,0.971875,1
direct_code_gen,o3_mini,595,0.9746875,1
direct_code_gen,o3_mini,596,0.97609375,1
direct_code_gen,o3_mini,597,0.9690625,1
direct_code_gen,o3_mini,598,0.0,0
direct_code_gen,o3_mini,599,0.0,0
direct_code_gen,o3_mini,600,0.971875,1
direct_code_gen,o3_mini,601,0.98171875,1
direct_code_gen,o3_mini,602,0.9775,1
direct_code_gen,o3_mini,603,0.0,0
direct_code_gen,o3_mini,604,0.0,0
direct_code_gen,o3_mini,605,0.98171875,1
direct_code_gen,o3_mini,606,0.97046875,1
direct_code_gen,o3_mini,607,0.96765625,1
direct_code_gen,o3_mini,608,0.96203125,1
direct_code_gen,o3_mini,609,0.97890625,1
direct_code_gen,o3_mini,610,0.97046875,1
direct_code_gen,o3_mini,611,0.9690625,1
direct_code_gen,o3_mini,612,0.9775,1
direct_code_gen,o3_mini,613,0.9803125,1
direct_code_gen,o3_mini,614,0.960625,1
direct_code_gen,o3_mini,615,0.9634375,1
direct_code_gen,o3_mini,616,0.97046875,1
direct_code_gen,o3_mini,617,0.0,0
direct_code_gen,o3_mini,618,0.0,0
direct_code_gen,o3_mini,619,0.9775,1
direct_code_gen,o3_mini,620,0.97609375,1
direct_code_gen,o3_mini,621,0.971875,1
direct_code_gen,o3_mini,622,0.97890625,1
direct_code_gen,o3_mini,623,0.97328125,1
direct_code_gen,o3_mini,624,0.960625,1
direct_code_gen,o3_mini,625,0.97328125,1
direct_code_gen,o3_mini,626,0.97328125,1
direct_code_gen,o3_mini,627,0.9775,1
direct_code_gen,o3_mini,628,0.9775,1
direct_code_gen,o3_mini,629,0.9775,1
direct_code_gen,o3_mini,630,0.960625,1
direct_code_gen,o3_mini,631,0.0,0
direct_code_gen,o3_mini,632,0.971875,1
direct_code_gen,o3_mini,633,0.9690625,1
direct_code_gen,o3_mini,634,0.97328125,1
direct_code_gen,o3_mini,635,0.97328125,1
direct_code_gen,o3_mini,636,0.0,0
direct_code_gen,o3_mini,637,0.0,0
direct_code_gen,o3_mini,638,0.97609375,1
direct_code_gen,o3_mini,639,0.96765625,1
direct_code_gen,o3_mini,640,0.96765625,1
direct_code_gen,o3_mini,641,0.960625,1
direct_code_gen,o3_mini,642,0.0,0
direct_code_gen,o3_mini,643,0.97046875,1
direct_code_gen,o3_mini,644,0.98171875,1
direct_code_gen,o3_mini,645,0.0,0
direct_code_gen,o3_mini,646,0.97328125,1
direct_code_gen,o3_mini,647,0.971875,1
direct_code_gen,o3_mini,648,0.96765625,1
direct_code_gen,o3_mini,649,0.96484375,1
direct_code_gen,o3_mini,650,0.97046875,1
direct_code_gen,o3_mini,651,0.0,0
direct_code_gen,o3_mini,652,0.96625,1
direct_code_gen,o3_mini,653,0.9775,1
direct_code_gen,o3_mini,654,0.971875,1
direct_code_gen,o3_mini,655,0.9746875,1
direct_code_gen,o3_mini,656,0.0,0
direct_code_gen,o3_mini,657,0.97328125,1
direct_code_gen,o3_mini,658,0.971875,1
direct_code_gen,o3_mini,659,0.97890625,1
direct_code_gen,o3_mini,660,0.9775,1
direct_code_gen,o3_mini,661,0.9746875,1
direct_code_gen,o3_mini,662,0.9803125,1
direct_code_gen,o3_mini,663,0.97046875,1
direct_code_gen,o3_mini,664,0.96203125,1
direct_code_gen,o3_mini,665,0.96484375,1
direct_code_gen,o3_mini,666,0.9690625,1
direct_code_gen,o3_mini,667,0.0,0
direct_code_gen,o3_mini,668,0.9746875,1
direct_code_gen,o3_mini,669,0.96203125,1
direct_code_gen,o3_mini,670,0.0,0
direct_code_gen,o3_mini,671,0.96765625,1
direct_code_gen,o3_mini,672,0.98453125,1
direct_code_gen,o3_mini,673,0.98171875,1
direct_code_gen,o3_mini,674,0.97890625,1
direct_code_gen,o3_mini,675,0.95921875,1
direct_code_gen,o3_mini,676,0.983125,1
direct_code_gen,o3_mini,677,0.96484375,1
direct_code_gen,o3_mini,678,0.97328125,1
direct_code_gen,o3_mini,679,0.0,0
direct_code_gen,o3_mini,680,0.96765625,1
direct_code_gen,o3_mini,681,0.9634375,1
direct_code_gen,o3_mini,682,0.96484375,1
direct_code_gen,o3_mini,683,0.96625,1
direct_code_gen,o3_mini,684,0.0,0
direct_code_gen,o3_mini,685,0.96765625,1
direct_code_gen,o3_mini,686,0.960625,1
direct_code_gen,o3_mini,687,0.9803125,1
direct_code_gen,o3_mini,688,0.0,0
direct_code_gen,o3_mini,689,0.0,0
direct_code_gen,o3_mini,690,0.955,1
direct_code_gen,o3_mini,691,0.97609375,1
direct_code_gen,o3_mini,692,0.96765625,1
direct_code_gen,o3_mini,693,0.97046875,1
direct_code_gen,o3_mini,694,0.9634375,1
direct_code_gen,o3_mini,695,0.0,0
direct_code_gen,o3_mini,696,0.97609375,1
direct_code_gen,o3_mini,697,0.98171875,1
direct_code_gen,o3_mini,698,0.97046875,1
direct_code_gen,o3_mini,699,0.96625,1
direct_code_gen,o3_mini,700,0.97328125,1
direct_code_gen,o3_mini,701,0.0,0
direct_code_gen,o3_mini,702,0.0,0
direct_code_gen,o3_mini,703,0.971875,1
direct_code_gen,o3_mini,704,0.95921875,1
direct_code_gen,o3_mini,705,0.0,0
direct_code_gen,o3_mini,706,0.97328125,1
direct_code_gen,o3_mini,707,0.9803125,1
direct_code_gen,o3_mini,708,0.9775,1
direct_code_gen,o3_mini,709,0.9775,1
direct_code_gen,o3_mini,710,0.95921875,1
direct_code_gen,o3_mini,711,0.9690625,1
direct_code_gen,o3_mini,712,0.0,0
direct_code_gen,o3_mini,713,0.96625,1
direct_code_gen,o3_mini,714,0.96625,1
direct_code_gen,o3_mini,715,0.9746875,1
direct_code_gen,o3_mini,716,0.96625,1
direct_code_gen,o3_mini,717,0.0,0
direct_code_gen,o3_mini,718,0.97890625,1
direct_code_gen,o3_mini,719,0.97046875,1
direct_code_gen,o3_mini,720,0.9746875,1
direct_code_gen,o3_mini,721,0.97328125,1
direct_code_gen,o3_mini,722,0.9578125,1
direct_code_gen,o3_mini,723,0.9634375,1
direct_code_gen,o3_mini,724,0.97328125,1
direct_code_gen,o3_mini,725,0.97890625,1
direct_code_gen,o3_mini,726,0.0,0
direct_code_gen,o3_mini,727,0.98171875,1
direct_code_gen,o3_mini,728,0.9634375,1
direct_code_gen,o3_mini,729,0.9775,1
direct_code_gen,o3_mini,730,0.96484375,1
direct_code_gen,o3_mini,731,0.0,0
direct_code_gen,o3_mini,732,0.0,0
direct_code_gen,o3_mini,733,0.9803125,1
direct_code_gen,o3_mini,734,0.9746875,1
direct_code_gen,o3_mini,735,0.0,0
direct_code_gen,o3_mini,736,0.96765625,1
direct_code_gen,o3_mini,737,0.97609375,1
direct_code_gen,o3_mini,738,0.0,0
direct_code_gen,o3_mini,739,0.9775,1
direct_code_gen,o3_mini,740,0.9775,1
direct_code_gen,o3_mini,741,0.9746875,1
direct_code_gen,o3_mini,742,0.97609375,1
direct_code_gen,o3_mini,743,0.971875,1
direct_code_gen,o3_mini,744,0.96625,1
direct_code_gen,o3_mini,745,0.96765625,1
direct_code_gen,o3_mini,746,0.98171875,1
direct_code_gen,o3_mini,747,0.0,0
direct_code_gen,o3_mini,748,0.96765625,1
direct_code_gen,o3_mini,749,0.0,0
direct_code_gen,o3_mini,750,0.97046875,1
direct_code_gen,o3_mini,751,0.971875,1
direct_code_gen,o3_mini,752,0.97046875,1
direct_code_gen,o3_mini,753,0.97046875,1
direct_code_gen,o3_mini,754,0.96625,1
direct_code_gen,o3_mini,755,0.97046875,1
direct_code_gen,o3_mini,756,0.971875,1
direct_code_gen,o3_mini,757,0.96484375,1
direct_code_gen,o3_mini,758,0.9746875,1
direct_code_gen,o3_mini,759,0.971875,1
direct_code_gen,o3_mini,760,0.97046875,1
direct_code_gen,o3_mini,761,0.971875,1
direct_code_gen,o3_mini,762,0.96484375,1
direct_code_gen,o3_mini,763,0.9746875,1
direct_code_gen,o3_mini,764,0.9775,1
direct_code_gen,o3_mini,765,0.9775,1
direct_code_gen,o3_mini,766,0.0,0
direct_code_gen,o3_mini,767,0.97328125,1
direct_code_gen,o3_mini,768,0.0,0
direct_code_gen,o3_mini,769,0.9578125,1
direct_code_gen,o3_mini,770,0.9578125,1
direct_code_gen,o3_mini,771,0.96625,1
direct_code_gen,o3_mini,772,0.0,0
direct_code_gen,o3_mini,773,0.96484375,1
direct_code_gen,o3_mini,774,0.0,0
direct_code_gen,o3_mini,775,0.9746875,1
direct_code_gen,o3_mini,776,0.0,0
direct_code_gen,o3_mini,777,0.96484375,1
direct_code_gen,o3_mini,778,0.96625,1
direct_code_gen,o3_mini,779,0.97046875,1
direct_code_gen,o3_mini,780,0.971875,1
direct_code_gen,o3_mini,781,0.97609375,1
direct_code_gen,o3_mini,782,0.0,0
direct_code_gen,o3_mini,783,0.96625,1
direct_code_gen,o3_mini,784,0.960625,1
direct_code_gen,o3_mini,785,0.9775,1
direct_code_gen,o3_mini,786,0.97609375,1
direct_code_gen,o3_mini,787,0.9746875,1
direct_code_gen,o3_mini,788,0.96484375,1
direct_code_gen,o3_mini,789,0.9746875,1
direct_code_gen,o3_mini,790,0.97328125,1
direct_code_gen,o3_mini,791,0.0,0
direct_code_gen,o3_mini,792,0.9775,1
direct_code_gen,o3_mini,793,0.96484375,1
direct_code_gen,o3_mini,794,0.96484375,1
direct_code_gen,o3_mini,795,0.95640625,1
direct_code_gen,o3_mini,796,0.971875,1
direct_code_gen,o3_mini,797,0.96203125,1
direct_code_gen,o3_mini,798,0.96625,1
direct_code_gen,o3_mini,799,0.97328125,1
direct_code_gen,o3_mini,800,0.9803125,1
direct_code_gen,o3_mini,801,0.96484375,1
direct_code_gen,o3_mini,802,0.97046875,1
direct_code_gen,o3_mini,803,0.97328125,1
direct_code_gen,o3_mini,804,0.9690625,1
direct_code_gen,o3_mini,805,0.97046875,1
direct_code_gen,o3_mini,806,0.971875,1
direct_code_gen,o3_mini,807,0.9690625,1
direct_code_gen,o3_mini,808,0.97609375,1
direct_code_gen,o3_mini,809,0.96484375,1
direct_code_gen,o3_mini,810,0.97328125,1
direct_code_gen,o3_mini,811,0.0,0
direct_code_gen,o3_mini,812,0.97328125,1
direct_code_gen,o3_mini,813,0.0,0
direct_code_gen,o3_mini,814,0.0,0
direct_code_gen,o3_mini,815,0.96625,1
direct_code_gen,o3_mini,816,0.0,0
direct_code_gen,o3_mini,817,0.97046875,1
direct_code_gen,o3_mini,818,0.97328125,1
direct_code_gen,o3_mini,819,0.97609375,1
direct_code_gen,o3_mini,820,0.9859375,1
direct_code_gen,o3_mini,821,0.0,0
direct_code_gen,o3_mini,822,0.0,0
direct_code_gen,o3_mini,823,0.0,0
direct_code_gen,o3_mini,824,0.96484375,1
direct_code_gen,o3_mini,825,0.9746875,1
direct_code_gen,o3_mini,826,0.97328125,1
direct_code_gen,o3_mini,827,0.0,0
direct_code_gen,o3_mini,828,0.971875,1
direct_code_gen,o3_mini,829,0.97890625,1
direct_code_gen,o3_mini,830,0.98171875,1
direct_code_gen,o3_mini,831,0.0,0
direct_code_gen,o3_mini,832,0.97328125,1
direct_code_gen,o3_mini,833,0.97890625,1
direct_code_gen,o3_mini,834,0.96765625,1
direct_code_gen,o3_mini,835,0.97046875,1
direct_code_gen,o3_mini,836,0.9746875,1
direct_code_gen,o3_mini,837,0.0,0
direct_code_gen,o3_mini,838,0.0,0
direct_code_gen,o3_mini,839,0.97890625,1
direct_code_gen,o3_mini,840,0.0,0
direct_code_gen,o3_mini,841,0.97890625,1
direct_code_gen,o3_mini,842,0.96484375,1
direct_code_gen,o3_mini,843,0.9690625,1
direct_code_gen,o3_mini,844,0.96484375,1
direct_code_gen,o3_mini,845,0.0,0
direct_code_gen,o3_mini,846,0.0,0
direct_code_gen,o3_mini,847,0.0,0
direct_code_gen,o3_mini,848,0.0,0
direct_code_gen,o3_mini,849,0.96203125,1
direct_code_gen,o3_mini,850,0.9803125,1
direct_code_gen,o3_mini,851,0.97890625,1
direct_code_gen,o3_mini,852,0.0,0
direct_code_gen,o3_mini,853,0.0,0
direct_code_gen,o3_mini,854,0.971875,1
direct_code_gen,o3_mini,855,0.97890625,1
direct_code_gen,o3_mini,856,0.98171875,1
direct_code_gen,o3_mini,857,0.96625,1
direct_code_gen,o3_mini,858,0.0,0
direct_code_gen,o3_mini,859,0.971875,1
direct_code_gen,o3_mini,860,0.0,0
direct_code_gen,o3_mini,861,0.98171875,1
direct_code_gen,o3_mini,862,0.95921875,1
direct_code_gen,o3_mini,863,0.98171875,1
direct_code_gen,o3_mini,864,0.9775,1
direct_code_gen,o3_mini,865,0.0,0
direct_code_gen,o3_mini,866,0.9746875,1
direct_code_gen,o3_mini,867,0.97609375,1
direct_code_gen,o3_mini,868,0.96625,1
direct_code_gen,o3_mini,869,0.9746875,1
direct_code_gen,o3_mini,870,0.9746875,1
direct_code_gen,o3_mini,871,0.98171875,1
direct_code_gen,o3_mini,872,0.96765625,1
direct_code_gen,o3_mini,873,0.97328125,1
direct_code_gen,o3_mini,874,0.97609375,1
direct_code_gen,o3_mini,875,0.96625,1
direct_code_gen,o3_mini,876,0.9634375,1
direct_code_gen,o3_mini,877,0.96484375,1
direct_code_gen,o3_mini,878,0.97046875,1
direct_code_gen,o3_mini,879,0.97609375,1
direct_code_gen,o3_mini,880,0.971875,1
direct_code_gen,o3_mini,881,0.9803125,1
direct_code_gen,o3_mini,882,0.96484375,1
direct_code_gen,o3_mini,883,0.98453125,1
direct_code_gen,o3_mini,884,0.9746875,1
direct_code_gen,o3_mini,885,0.960625,1
direct_code_gen,o3_mini,886,0.971875,1
direct_code_gen,o3_mini,887,0.9690625,1
direct_code_gen,o3_mini,888,0.983125,1
direct_code_gen,o3_mini,889,0.97046875,1
direct_code_gen,o3_mini,890,0.9746875,1
direct_code_gen,o3_mini,891,0.9775,1
direct_code_gen,o3_mini,892,0.960625,1
direct_code_gen,o3_mini,893,0.96765625,1
direct_code_gen,o3_mini,894,0.9690625,1
direct_code_gen,o3_mini,895,0.983125,1
direct_code_gen,o3_mini,896,0.97890625,1
direct_code_gen,o3_mini,897,0.9634375,1
direct_code_gen,o3_mini,898,0.0,0
direct_code_gen,o3_mini,899,0.97609375,1
direct_code_gen,o3_mini,900,0.0,0
direct_code_gen,o3_mini,901,0.9690625,1
direct_code_gen,o3_mini,902,0.96484375,1
direct_code_gen,o3_mini,903,0.96625,1
direct_code_gen,o3_mini,904,0.9746875,1
direct_code_gen,o3_mini,905,0.9690625,1
direct_code_gen,o3_mini,906,0.9690625,1
direct_code_gen,o3_mini,907,0.96625,1
direct_code_gen,o3_mini,908,0.96625,1
direct_code_gen,o3_mini,909,0.0,0
direct_code_gen,o3_mini,910,0.97890625,1
direct_code_gen,o3_mini,911,0.97609375,1
direct_code_gen,o3_mini,912,0.9803125,1
direct_code_gen,o3_mini,913,0.0,0
direct_code_gen,o3_mini,914,0.96625,1
direct_code_gen,o3_mini,915,0.0,0
direct_code_gen,o3_mini,916,0.96203125,1
direct_code_gen,o3_mini,917,0.971875,1
direct_code_gen,o3_mini,918,0.971875,1
direct_code_gen,o3_mini,919,0.96765625,1
direct_code_gen,o3_mini,920,0.0,0
direct_code_gen,o3_mini,921,0.97328125,1
direct_code_gen,o3_mini,922,0.96765625,1
direct_code_gen,o3_mini,923,0.971875,1
direct_code_gen,o3_mini,924,0.97890625,1
direct_code_gen,o3_mini,925,0.96484375,1
direct_code_gen,o3_mini,926,0.9690625,1
direct_code_gen,o3_mini,927,0.983125,1
direct_code_gen,o3_mini,928,0.9775,1
direct_code_gen,o3_mini,929,0.96765625,1
direct_code_gen,o3_mini,930,0.0,0
direct_code_gen,o3_mini,931,0.97046875,1
direct_code_gen,o3_mini,932,0.0,0
direct_code_gen,o3_mini,933,0.98171875,1
direct_code_gen,o3_mini,934,0.971875,1
direct_code_gen,o3_mini,935,0.97890625,1
direct_code_gen,o3_mini,936,0.96484375,1
direct_code_gen,o3_mini,937,0.97046875,1
direct_code_gen,o3_mini,938,0.9746875,1
direct_code_gen,o3_mini,939,0.98171875,1
direct_code_gen,o3_mini,940,0.9746875,1
direct_code_gen,o3_mini,941,0.0,0
direct_code_gen,o3_mini,942,0.9803125,1
direct_code_gen,o3_mini,943,0.9803125,1
direct_code_gen,o3_mini,944,0.971875,1
direct_code_gen,o3_mini,945,0.9746875,1
direct_code_gen,o3_mini,946,0.95359375,1
direct_code_gen,o3_mini,947,0.97890625,1
direct_code_gen,o3_mini,948,0.9690625,1
direct_code_gen,o3_mini,949,0.9746875,1
direct_code_gen,o3_mini,950,0.971875,1
direct_code_gen,o3_mini,951,0.97890625,1
direct_code_gen,o3_mini,952,0.96625,1
direct_code_gen,o3_mini,953,0.96765625,1
direct_code_gen,o3_mini,954,0.0,0
direct_code_gen,o3_mini,955,0.0,0
direct_code_gen,o3_mini,956,0.95359375,1
direct_code_gen,o3_mini,957,0.0,0
direct_code_gen,o3_mini,958,0.9746875,1
direct_code_gen,o3_mini,959,0.9690625,1
direct_code_gen,o3_mini,960,0.96203125,1
direct_code_gen,o3_mini,961,0.97609375,1
direct_code_gen,o3_mini,962,0.0,0
direct_code_gen,o3_mini,963,0.0,0
direct_code_gen,o3_mini,964,0.96765625,1
direct_code_gen,o3_mini,965,0.9578125,1
direct_code_gen,o3_mini,966,0.971875,1
direct_code_gen,o3_mini,967,0.0,0
direct_code_gen,o3_mini,968,0.96484375,1
direct_code_gen,o3_mini,969,0.97046875,1
direct_code_gen,o3_mini,970,0.97609375,1
direct_code_gen,o3_mini,971,0.96484375,1
direct_code_gen,o3_mini,972,0.9803125,1
direct_code_gen,o3_mini,973,0.97328125,1
direct_code_gen,o3_mini,974,0.97609375,1
direct_code_gen,o3_mini,975,0.9634375,1
direct_code_gen,o3_mini,976,0.97890625,1
direct_code_gen,o3_mini,977,0.9775,1
direct_code_gen,o3_mini,978,0.0,0
direct_code_gen,o3_mini,979,0.9690625,1
direct_code_gen,o3_mini,980,0.97890625,1
direct_code_gen,o3_mini,981,0.9634375,1
direct_code_gen,o3_mini,982,0.96484375,1
direct_code_gen,o3_mini,983,0.971875,1
direct_code_gen,o3_mini,984,0.0,0
direct_code_gen,o3_mini,985,0.97609375,1
direct_code_gen,o3_mini,986,0.9690625,1
direct_code_gen,o3_mini,987,0.96484375,1
direct_code_gen,o3_mini,988,0.0,0
direct_code_gen,o3_mini,989,0.96625,1
direct_code_gen,o3_mini,990,0.97328125,1
direct_code_gen,o3_mini,991,0.9578125,1
direct_code_gen,o3_mini,992,0.96765625,1
direct_code_gen,o3_mini,993,0.9775,1
direct_code_gen,o3_mini,994,0.9746875,1
direct_code_gen,o3_mini,995,0.96625,1
direct_code_gen,o3_mini,996,0.97609375,1
direct_code_gen,o3_mini,997,0.9634375,1
direct_code_gen,o3_mini,998,0.96625,1
direct_code_gen,o3_mini,999,0.95921875,1
direct_code_gen,claude,0,0.97609375,1
direct_code_gen,claude,1,0.9690625,1
direct_code_gen,claude,2,0.9690625,1
direct_code_gen,claude,3,0.9746875,1
direct_code_gen,claude,4,0.97890625,1
direct_code_gen,claude,5,0.9775,1
direct_code_gen,claude,6,0.971875,1
direct_code_gen,claude,7,0.971875,1
direct_code_gen,claude,8,0.96203125,1
direct_code_gen,claude,9,0.97890625,1
direct_code_gen,claude,10,0.98453125,1
direct_code_gen,claude,11,0.0,0
direct_code_gen,claude,12,0.9775,1
direct_code_gen,claude,13,0.96625,1
direct_code_gen,claude,14,0.0,0
direct_code_gen,claude,15,0.971875,1
direct_code_gen,claude,16,0.96484375,1
direct_code_gen,claude,17,0.96203125,1
direct_code_gen,claude,18,0.96765625,1
direct_code_gen,claude,19,0.9746875,1
direct_code_gen,claude,20,0.97609375,1
direct_code_gen,claude,21,0.0,0
direct_code_gen,claude,22,0.97046875,1
direct_code_gen,claude,23,0.0,0
direct_code_gen,claude,24,0.95921875,1
direct_code_gen,claude,25,0.9746875,1
direct_code_gen,claude,26,0.97046875,1
direct_code_gen,claude,27,0.97890625,1
direct_code_gen,claude,28,0.97890625,1
direct_code_gen,claude,29,0.9746875,1
direct_code_gen,claude,30,0.0,0
direct_code_gen,claude,31,0.0,0
direct_code_gen,claude,32,0.97046875,1
direct_code_gen,claude,33,0.9746875,1
direct_code_gen,claude,34,0.971875,1
direct_code_gen,claude,35,0.0,0
direct_code_gen,claude,36,0.97609375,1
direct_code_gen,claude,37,0.0,0
direct_code_gen,claude,38,0.9746875,1
direct_code_gen,claude,39,0.9690625,1
direct_code_gen,claude,40,0.96625,1
direct_code_gen,claude,41,0.96625,1
direct_code_gen,claude,42,0.97046875,1
direct_code_gen,claude,43,0.97609375,1
direct_code_gen,claude,44,0.96484375,1
direct_code_gen,claude,45,0.9746875,1
direct_code_gen,claude,46,0.9690625,1
direct_code_gen,claude,47,0.0,0
direct_code_gen,claude,48,0.0,0
direct_code_gen,claude,49,0.0,0
direct_code_gen,claude,50,0.9690625,1
direct_code_gen,claude,51,0.97046875,1
direct_code_gen,claude,52,0.9690625,1
direct_code_gen,claude,53,0.97046875,1
direct_code_gen,claude,54,0.98171875,1
direct_code_gen,claude,55,0.96765625,1
direct_code_gen,claude,56,0.97328125,1
direct_code_gen,claude,57,0.0,0
direct_code_gen,claude,58,0.96625,1
direct_code_gen,claude,59,0.97046875,1
direct_code_gen,claude,60,0.97609375,1
direct_code_gen,claude,61,0.971875,1
direct_code_gen,claude,62,0.97046875,1
direct_code_gen,claude,63,0.9746875,1
direct_code_gen,claude,64,0.96484375,1
direct_code_gen,claude,65,0.0,0
direct_code_gen,claude,66,0.97328125,1
direct_code_gen,claude,67,0.97328125,1
direct_code_gen,claude,68,0.971875,1
direct_code_gen,claude,69,0.0,0
direct_code_gen,claude,70,0.96484375,1
direct_code_gen,claude,71,0.97609375,1
direct_code_gen,claude,72,0.97328125,1
direct_code_gen,claude,73,0.96625,1
direct_code_gen,claude,74,0.97890625,1
direct_code_gen,claude,75,0.9746875,1
direct_code_gen,claude,76,0.0,0
direct_code_gen,claude,77,0.971875,1
direct_code_gen,claude,78,0.97046875,1
direct_code_gen,claude,79,0.97890625,1
direct_code_gen,claude,80,0.96625,1
direct_code_gen,claude,81,0.9746875,1
direct_code_gen,claude,82,0.0,0
direct_code_gen,claude,83,0.97328125,1
direct_code_gen,claude,84,0.9775,1
direct_code_gen,claude,85,0.9746875,1
direct_code_gen,claude,86,0.96203125,1
direct_code_gen,claude,87,0.0,0
direct_code_gen,claude,88,0.96484375,1
direct_code_gen,claude,89,0.9775,1
direct_code_gen,claude,90,0.96765625,1
direct_code_gen,claude,91,0.960625,1
direct_code_gen,claude,92,0.97046875,1
direct_code_gen,claude,93,0.9690625,1
direct_code_gen,claude,94,0.0,0
direct_code_gen,claude,95,0.0,0
direct_code_gen,claude,96,0.971875,1
direct_code_gen,claude,97,0.0,0
direct_code_gen,claude,98,0.971875,1
direct_code_gen,claude,99,0.97046875,1
direct_code_gen,claude,100,0.97609375,1
direct_code_gen,claude,101,0.960625,1
direct_code_gen,claude,102,0.96484375,1
direct_code_gen,claude,103,0.9690625,1
direct_code_gen,claude,104,0.0,0
direct_code_gen,claude,105,0.97046875,1
direct_code_gen,claude,106,0.971875,1
direct_code_gen,claude,107,0.0,0
direct_code_gen,claude,108,0.0,0
direct_code_gen,claude,109,0.97609375,1
direct_code_gen,claude,110,0.9690625,1
direct_code_gen,claude,111,0.97609375,1
direct_code_gen,claude,112,0.0,0
direct_code_gen,claude,113,0.9690625,1
direct_code_gen,claude,114,0.97890625,1
direct_code_gen,claude,115,0.97890625,1
direct_code_gen,claude,116,0.0,0
direct_code_gen,claude,117,0.0,0
direct_code_gen,claude,118,0.971875,1
direct_code_gen,claude,119,0.0,0
direct_code_gen,claude,120,0.97328125,1
direct_code_gen,claude,121,0.97046875,1
direct_code_gen,claude,122,0.9690625,1
direct_code_gen,claude,123,0.0,0
direct_code_gen,claude,124,0.97046875,1
direct_code_gen,claude,125,0.9775,1
direct_code_gen,claude,126,0.0,0
direct_code_gen,claude,127,0.97046875,1
direct_code_gen,claude,128,0.9634375,1
direct_code_gen,claude,129,0.9690625,1
direct_code_gen,claude,130,0.97890625,1
direct_code_gen,claude,131,0.97609375,1
direct_code_gen,claude,132,0.9775,1
direct_code_gen,claude,133,0.9803125,1
direct_code_gen,claude,134,0.0,0
direct_code_gen,claude,135,0.0,0
direct_code_gen,claude,136,0.9690625,1
direct_code_gen,claude,137,0.971875,1
direct_code_gen,claude,138,0.971875,1
direct_code_gen,claude,139,0.97328125,1
direct_code_gen,claude,140,0.97046875,1
direct_code_gen,claude,141,0.97890625,1
direct_code_gen,claude,142,0.0,0
direct_code_gen,claude,143,0.97046875,1
direct_code_gen,claude,144,0.9690625,1
direct_code_gen,claude,145,0.97328125,1
direct_code_gen,claude,146,0.97328125,1
direct_code_gen,claude,147,0.0,0
direct_code_gen,claude,148,0.0,0
direct_code_gen,claude,149,0.96203125,1
direct_code_gen,claude,150,0.96203125,1
direct_code_gen,claude,151,0.9746875,1
direct_code_gen,claude,152,0.9690625,1
direct_code_gen,claude,153,0.97609375,1
direct_code_gen,claude,154,0.97890625,1
direct_code_gen,claude,155,0.0,0
direct_code_gen,claude,156,0.9775,1
direct_code_gen,claude,157,0.0,0
direct_code_gen,claude,158,0.96765625,1
direct_code_gen,claude,159,0.9634375,1
direct_code_gen,claude,160,0.0,0
direct_code_gen,claude,161,0.97046875,1
direct_code_gen,claude,162,0.97046875,1
direct_code_gen,claude,163,0.96484375,1
direct_code_gen,claude,164,0.97609375,1
direct_code_gen,claude,165,0.9690625,1
direct_code_gen,claude,166,0.97890625,1
direct_code_gen,claude,167,0.96625,1
direct_code_gen,claude,168,0.97328125,1
direct_code_gen,claude,169,0.971875,1
direct_code_gen,claude,170,0.97609375,1
direct_code_gen,claude,171,0.97046875,1
direct_code_gen,claude,172,0.97890625,1
direct_code_gen,claude,173,0.98453125,1
direct_code_gen,claude,174,0.97328125,1
direct_code_gen,claude,175,0.96765625,1
direct_code_gen,claude,176,0.0,0
direct_code_gen,claude,177,0.971875,1
direct_code_gen,claude,178,0.0,0
direct_code_gen,claude,179,0.97328125,1
direct_code_gen,claude,180,0.0,0
direct_code_gen,claude,181,0.9690625,1
direct_code_gen,claude,182,0.971875,1
direct_code_gen,claude,183,0.97328125,1
direct_code_gen,claude,184,0.9746875,1
direct_code_gen,claude,185,0.96765625,1
direct_code_gen,claude,186,0.97890625,1
direct_code_gen,claude,187,0.971875,1
direct_code_gen,claude,188,0.97328125,1
direct_code_gen,claude,189,0.96484375,1
direct_code_gen,claude,190,0.971875,1
direct_code_gen,claude,191,0.0,0
direct_code_gen,claude,192,0.97609375,1
direct_code_gen,claude,193,0.96484375,1
direct_code_gen,claude,194,0.96765625,1
direct_code_gen,claude,195,0.97328125,1
direct_code_gen,claude,196,0.97328125,1
direct_code_gen,claude,197,0.9746875,1
direct_code_gen,claude,198,0.96484375,1
direct_code_gen,claude,199,0.971875,1
direct_code_gen,claude,200,0.9775,1
direct_code_gen,claude,201,0.97328125,1
direct_code_gen,claude,202,0.0,0
direct_code_gen,claude,203,0.96625,1
direct_code_gen,claude,204,0.96625,1
direct_code_gen,claude,205,0.96765625,1
direct_code_gen,claude,206,0.96484375,1
direct_code_gen,claude,207,0.0,0
direct_code_gen,claude,208,0.97890625,1
direct_code_gen,claude,209,0.96765625,1
direct_code_gen,claude,210,0.97328125,1
direct_code_gen,claude,211,0.0,0
direct_code_gen,claude,212,0.0,0
direct_code_gen,claude,213,0.0,0
direct_code_gen,claude,214,0.97890625,1
direct_code_gen,claude,215,0.9746875,1
direct_code_gen,claude,216,0.9690625,1
direct_code_gen,claude,217,0.96625,1
direct_code_gen,claude,218,0.96484375,1
direct_code_gen,claude,219,0.0,0
direct_code_gen,claude,220,0.96203125,1
direct_code_gen,claude,221,0.97328125,1
direct_code_gen,claude,222,0.96203125,1
direct_code_gen,claude,223,0.0,0
direct_code_gen,claude,224,0.9746875,1
direct_code_gen,claude,225,0.97046875,1
direct_code_gen,claude,226,0.971875,1
direct_code_gen,claude,227,0.9690625,1
direct_code_gen,claude,228,0.96484375,1
direct_code_gen,claude,229,0.9690625,1
direct_code_gen,claude,230,0.9690625,1
direct_code_gen,claude,231,0.0,0
direct_code_gen,claude,232,0.971875,1
direct_code_gen,claude,233,0.97046875,1
direct_code_gen,claude,234,0.97328125,1
direct_code_gen,claude,235,0.96484375,1
direct_code_gen,claude,236,0.97046875,1
direct_code_gen,claude,237,0.9803125,1
direct_code_gen,claude,238,0.96625,1
direct_code_gen,claude,239,0.97046875,1
direct_code_gen,claude,240,0.97046875,1
direct_code_gen,claude,241,0.9746875,1
direct_code_gen,claude,242,0.971875,1
direct_code_gen,claude,243,0.97890625,1
direct_code_gen,claude,244,0.971875,1
direct_code_gen,claude,245,0.97046875,1
direct_code_gen,claude,246,0.971875,1
direct_code_gen,claude,247,0.9746875,1
direct_code_gen,claude,248,0.96625,1
direct_code_gen,claude,249,0.9634375,1
direct_code_gen,claude,250,0.9746875,1
direct_code_gen,claude,251,0.0,0
direct_code_gen,claude,252,0.96765625,1
direct_code_gen,claude,253,0.9746875,1
direct_code_gen,claude,254,0.95921875,1
direct_code_gen,claude,255,0.0,0
direct_code_gen,claude,256,0.96625,1
direct_code_gen,claude,257,0.983125,1
direct_code_gen,claude,258,0.971875,1
direct_code_gen,claude,259,0.9775,1
direct_code_gen,claude,260,0.9578125,1
direct_code_gen,claude,261,0.97046875,1
direct_code_gen,claude,262,0.97046875,1
direct_code_gen,claude,263,0.97609375,1
direct_code_gen,claude,264,0.0,0
direct_code_gen,claude,265,0.9690625,1
direct_code_gen,claude,266,0.971875,1
direct_code_gen,claude,267,0.9634375,1
direct_code_gen,claude,268,0.9690625,1
direct_code_gen,claude,269,0.96484375,1
direct_code_gen,claude,270,0.971875,1
direct_code_gen,claude,271,0.9746875,1
direct_code_gen,claude,272,0.0,0
direct_code_gen,claude,273,0.0,0
direct_code_gen,claude,274,0.0,0
direct_code_gen,claude,275,0.0,0
direct_code_gen,claude,276,0.9746875,1
direct_code_gen,claude,277,0.0,0
direct_code_gen,claude,278,0.98171875,1
direct_code_gen,claude,279,0.971875,1
direct_code_gen,claude,280,0.97046875,1
direct_code_gen,claude,281,0.971875,1
direct_code_gen,claude,282,0.96765625,1
direct_code_gen,claude,283,0.9690625,1
direct_code_gen,claude,284,0.0,0
direct_code_gen,claude,285,0.971875,1
direct_code_gen,claude,286,0.97046875,1
direct_code_gen,claude,287,0.9746875,1
direct_code_gen,claude,288,0.0,0
direct_code_gen,claude,289,0.97046875,1
direct_code_gen,claude,290,0.96625,1
direct_code_gen,claude,291,0.9775,1
direct_code_gen,claude,292,0.97046875,1
direct_code_gen,claude,293,0.0,0
direct_code_gen,claude,294,0.0,0
direct_code_gen,claude,295,0.9746875,1
direct_code_gen,claude,296,0.0,0
direct_code_gen,claude,297,0.9775,1
direct_code_gen,claude,298,0.96484375,1
direct_code_gen,claude,299,0.9746875,1
direct_code_gen,claude,300,0.0,0
direct_code_gen,claude,301,0.0,0
direct_code_gen,claude,302,0.971875,1
direct_code_gen,claude,303,0.97609375,1
direct_code_gen,claude,304,0.9690625,1
direct_code_gen,claude,305,0.96484375,1
direct_code_gen,claude,306,0.97890625,1
direct_code_gen,claude,307,0.96765625,1
direct_code_gen,claude,308,0.97046875,1
direct_code_gen,claude,309,0.96765625,1
direct_code_gen,claude,310,0.0,0
direct_code_gen,claude,311,0.95640625,1
direct_code_gen,claude,312,0.0,0
direct_code_gen,claude,313,0.96484375,1
direct_code_gen,claude,314,0.97328125,1
direct_code_gen,claude,315,0.9690625,1
direct_code_gen,claude,316,0.0,0
direct_code_gen,claude,317,0.0,0
direct_code_gen,claude,318,0.0,0
direct_code_gen,claude,319,0.96484375,1
direct_code_gen,claude,320,0.0,0
direct_code_gen,claude,321,0.96765625,1
direct_code_gen,claude,322,0.0,0
direct_code_gen,claude,323,0.9690625,1
direct_code_gen,claude,324,0.9578125,1
direct_code_gen,claude,325,0.0,0
direct_code_gen,claude,326,0.0,0
direct_code_gen,claude,327,0.96765625,1
direct_code_gen,claude,328,0.971875,1
direct_code_gen,claude,329,0.97328125,1
direct_code_gen,claude,330,0.97046875,1
direct_code_gen,claude,331,0.0,0
direct_code_gen,claude,332,0.9746875,1
direct_code_gen,claude,333,0.0,0
direct_code_gen,claude,334,0.97046875,1
direct_code_gen,claude,335,0.97890625,1
direct_code_gen,claude,336,0.96765625,1
direct_code_gen,claude,337,0.9775,1
direct_code_gen,claude,338,0.9690625,1
direct_code_gen,claude,339,0.0,0
direct_code_gen,claude,340,0.9690625,1
direct_code_gen,claude,341,0.9775,1
direct_code_gen,claude,342,0.96484375,1
direct_code_gen,claude,343,0.0,0
direct_code_gen,claude,344,0.0,0
direct_code_gen,claude,345,0.96765625,1
direct_code_gen,claude,346,0.96765625,1
direct_code_gen,claude,347,0.97609375,1
direct_code_gen,claude,348,0.0,0
direct_code_gen,claude,349,0.96765625,1
direct_code_gen,claude,350,0.9746875,1
direct_code_gen,claude,351,0.97890625,1
direct_code_gen,claude,352,0.96625,1
direct_code_gen,claude,353,0.9746875,1
direct_code_gen,claude,354,0.971875,1
direct_code_gen,claude,355,0.96765625,1
direct_code_gen,claude,356,0.97890625,1
direct_code_gen,claude,357,0.97609375,1
direct_code_gen,claude,358,0.96765625,1
direct_code_gen,claude,359,0.97328125,1
direct_code_gen,claude,360,0.9690625,1
direct_code_gen,claude,361,0.9634375,1
direct_code_gen,claude,362,0.971875,1
direct_code_gen,claude,363,0.97046875,1
direct_code_gen,claude,364,0.971875,1
direct_code_gen,claude,365,0.0,0
direct_code_gen,claude,366,0.9803125,1
direct_code_gen,claude,367,0.96625,1
direct_code_gen,claude,368,0.9775,1
direct_code_gen,claude,369,0.98171875,1
direct_code_gen,claude,370,0.9746875,1
direct_code_gen,claude,371,0.9775,1
direct_code_gen,claude,372,0.9746875,1
direct_code_gen,claude,373,0.96765625,1
direct_code_gen,claude,374,0.9746875,1
direct_code_gen,claude,375,0.9775,1
direct_code_gen,claude,376,0.96765625,1
direct_code_gen,claude,377,0.97890625,1
direct_code_gen,claude,378,0.9690625,1
direct_code_gen,claude,379,0.96625,1
direct_code_gen,claude,380,0.9690625,1
direct_code_gen,claude,381,0.97328125,1
direct_code_gen,claude,382,0.0,0
direct_code_gen,claude,383,0.9775,1
direct_code_gen,claude,384,0.9775,1
direct_code_gen,claude,385,0.9746875,1
direct_code_gen,claude,386,0.96765625,1
direct_code_gen,claude,387,0.97328125,1
direct_code_gen,claude,388,0.96765625,1
direct_code_gen,claude,389,0.0,0
direct_code_gen,claude,390,0.97046875,1
direct_code_gen,claude,391,0.0,0
direct_code_gen,claude,392,0.9690625,1
direct_code_gen,claude,393,0.971875,1
direct_code_gen,claude,394,0.97046875,1
direct_code_gen,claude,395,0.96484375,1
direct_code_gen,claude,396,0.971875,1
direct_code_gen,claude,397,0.97328125,1
direct_code_gen,claude,398,0.0,0
direct_code_gen,claude,399,0.9775,1
direct_code_gen,claude,400,0.97328125,1
direct_code_gen,claude,401,0.9803125,1
direct_code_gen,claude,402,0.97609375,1
direct_code_gen,claude,403,0.0,0
direct_code_gen,claude,404,0.96765625,1
direct_code_gen,claude,405,0.0,0
direct_code_gen,claude,406,0.971875,1
direct_code_gen,claude,407,0.0,0
direct_code_gen,claude,408,0.96625,1
direct_code_gen,claude,409,0.0,0
direct_code_gen,claude,410,0.97328125,1
direct_code_gen,claude,411,0.0,0
direct_code_gen,claude,412,0.983125,1
direct_code_gen,claude,413,0.97046875,1
direct_code_gen,claude,414,0.9775,1
direct_code_gen,claude,415,0.96625,1
direct_code_gen,claude,416,0.96625,1
direct_code_gen,claude,417,0.0,0
direct_code_gen,claude,418,0.9775,1
direct_code_gen,claude,419,0.9690625,1
direct_code_gen,claude,420,0.9775,1
direct_code_gen,claude,421,0.9746875,1
direct_code_gen,claude,422,0.9775,1
direct_code_gen,claude,423,0.971875,1
direct_code_gen,claude,424,0.0,0
direct_code_gen,claude,425,0.0,0
direct_code_gen,claude,426,0.0,0
direct_code_gen,claude,427,0.97046875,1
direct_code_gen,claude,428,0.97046875,1
direct_code_gen,claude,429,0.0,0
direct_code_gen,claude,430,0.0,0
direct_code_gen,claude,431,0.97328125,1
direct_code_gen,claude,432,0.97046875,1
direct_code_gen,claude,433,0.9746875,1
direct_code_gen,claude,434,0.971875,1
direct_code_gen,claude,435,0.9634375,1
direct_code_gen,claude,436,0.97328125,1
direct_code_gen,claude,437,0.971875,1
direct_code_gen,claude,438,0.97609375,1
direct_code_gen,claude,439,0.0,0
direct_code_gen,claude,440,0.0,0
direct_code_gen,claude,441,0.971875,1
direct_code_gen,claude,442,0.9746875,1
direct_code_gen,claude,443,0.0,0
direct_code_gen,claude,444,0.97328125,1
direct_code_gen,claude,445,0.0,0
direct_code_gen,claude,446,0.0,0
direct_code_gen,claude,447,0.96625,1
direct_code_gen,claude,448,0.98453125,1
direct_code_gen,claude,449,0.96765625,1
direct_code_gen,claude,450,0.9775,1
direct_code_gen,claude,451,0.96484375,1
direct_code_gen,claude,452,0.97328125,1
direct_code_gen,claude,453,0.97609375,1
direct_code_gen,claude,454,0.9690625,1
direct_code_gen,claude,455,0.97609375,1
direct_code_gen,claude,456,0.97046875,1
direct_code_gen,claude,457,0.9775,1
direct_code_gen,claude,458,0.96765625,1
direct_code_gen,claude,459,0.9690625,1
direct_code_gen,claude,460,0.0,0
direct_code_gen,claude,461,0.97328125,1
direct_code_gen,claude,462,0.97328125,1
direct_code_gen,claude,463,0.9690625,1
direct_code_gen,claude,464,0.971875,1
direct_code_gen,claude,465,0.0,0
direct_code_gen,claude,466,0.9690625,1
direct_code_gen,claude,467,0.0,0
direct_code_gen,claude,468,0.0,0
direct_code_gen,claude,469,0.0,0
direct_code_gen,claude,470,0.9746875,1
direct_code_gen,claude,471,0.96625,1
direct_code_gen,claude,472,0.9690625,1
direct_code_gen,claude,473,0.97609375,1
direct_code_gen,claude,474,0.97609375,1
direct_code_gen,claude,475,0.0,0
direct_code_gen,claude,476,0.96484375,1
direct_code_gen,claude,477,0.9775,1
direct_code_gen,claude,478,0.971875,1
direct_code_gen,claude,479,0.9690625,1
direct_code_gen,claude,480,0.971875,1
direct_code_gen,claude,481,0.9690625,1
direct_code_gen,claude,482,0.971875,1
direct_code_gen,claude,483,0.0,0
direct_code_gen,claude,484,0.96765625,1
direct_code_gen,claude,485,0.97046875,1
direct_code_gen,claude,486,0.95921875,1
direct_code_gen,claude,487,0.9690625,1
direct_code_gen,claude,488,0.96484375,1
direct_code_gen,claude,489,0.97046875,1
direct_code_gen,claude,490,0.96484375,1
direct_code_gen,claude,491,0.971875,1
direct_code_gen,claude,492,0.971875,1
direct_code_gen,claude,493,0.9746875,1
direct_code_gen,claude,494,0.9746875,1
direct_code_gen,claude,495,0.0,0
direct_code_gen,claude,496,0.0,0
direct_code_gen,claude,497,0.0,0
direct_code_gen,claude,498,0.9746875,1
direct_code_gen,claude,499,0.0,0
direct_code_gen,claude,500,0.9746875,1
direct_code_gen,claude,501,0.0,0
direct_code_gen,claude,502,0.0,0
direct_code_gen,claude,503,0.9690625,1
direct_code_gen,claude,504,0.9775,1
direct_code_gen,claude,505,0.97609375,1
direct_code_gen,claude,506,0.98171875,1
direct_code_gen,claude,507,0.9690625,1
direct_code_gen,claude,508,0.971875,1
direct_code_gen,claude,509,0.98171875,1
direct_code_gen,claude,510,0.97890625,1
direct_code_gen,claude,511,0.9634375,1
direct_code_gen,claude,512,0.9775,1
direct_code_gen,claude,513,0.97890625,1
direct_code_gen,claude,514,0.97890625,1
direct_code_gen,claude,515,0.0,0
direct_code_gen,claude,516,0.0,0
direct_code_gen,claude,517,0.96765625,1
direct_code_gen,claude,518,0.971875,1
direct_code_gen,claude,519,0.96625,1
direct_code_gen,claude,520,0.9690625,1
direct_code_gen,claude,521,0.0,0
direct_code_gen,claude,522,0.0,0
direct_code_gen,claude,523,0.971875,1
direct_code_gen,claude,524,0.0,0
direct_code_gen,claude,525,0.97609375,1
direct_code_gen,claude,526,0.96203125,1
direct_code_gen,claude,527,0.98453125,1
direct_code_gen,claude,528,0.0,0
direct_code_gen,claude,529,0.97890625,1
direct_code_gen,claude,530,0.9690625,1
direct_code_gen,claude,531,0.97046875,1
direct_code_gen,claude,532,0.97046875,1
direct_code_gen,claude,533,0.971875,1
direct_code_gen,claude,534,0.96484375,1
direct_code_gen,claude,535,0.0,0
direct_code_gen,claude,536,0.97609375,1
direct_code_gen,claude,537,0.96625,1
direct_code_gen,claude,538,0.97609375,1
direct_code_gen,claude,539,0.96625,1
direct_code_gen,claude,540,0.97328125,1
direct_code_gen,claude,541,0.9690625,1
direct_code_gen,claude,542,0.9746875,1
direct_code_gen,claude,543,0.9803125,1
direct_code_gen,claude,544,0.97328125,1
direct_code_gen,claude,545,0.0,0
direct_code_gen,claude,546,0.971875,1
direct_code_gen,claude,547,0.96765625,1
direct_code_gen,claude,548,0.9775,1
direct_code_gen,claude,549,0.97046875,1
direct_code_gen,claude,550,0.97328125,1
direct_code_gen,claude,551,0.9775,1
direct_code_gen,claude,552,0.0,0
direct_code_gen,claude,553,0.9746875,1
direct_code_gen,claude,554,0.9775,1
direct_code_gen,claude,555,0.97609375,1
direct_code_gen,claude,556,0.96765625,1
direct_code_gen,claude,557,0.9746875,1
direct_code_gen,claude,558,0.96484375,1
direct_code_gen,claude,559,0.0,0
direct_code_gen,claude,560,0.97046875,1
direct_code_gen,claude,561,0.97609375,1
direct_code_gen,claude,562,0.96765625,1
direct_code_gen,claude,563,0.0,0
direct_code_gen,claude,564,0.0,0
direct_code_gen,claude,565,0.971875,1
direct_code_gen,claude,566,0.97046875,1
direct_code_gen,claude,567,0.9803125,1
direct_code_gen,claude,568,0.97609375,1
direct_code_gen,claude,569,0.97046875,1
direct_code_gen,claude,570,0.971875,1
direct_code_gen,claude,571,0.971875,1
direct_code_gen,claude,572,0.971875,1
direct_code_gen,claude,573,0.95921875,1
direct_code_gen,claude,574,0.0,0
direct_code_gen,claude,575,0.97890625,1
direct_code_gen,claude,576,0.97046875,1
direct_code_gen,claude,577,0.97046875,1
direct_code_gen,claude,578,0.971875,1
direct_code_gen,claude,579,0.97046875,1
direct_code_gen,claude,580,0.0,0
direct_code_gen,claude,581,0.0,0
direct_code_gen,claude,582,0.9803125,1
direct_code_gen,claude,583,0.97046875,1
direct_code_gen,claude,584,0.97328125,1
direct_code_gen,claude,585,0.0,0
direct_code_gen,claude,586,0.971875,1
direct_code_gen,claude,587,0.0,0
direct_code_gen,claude,588,0.0,0
direct_code_gen,claude,589,0.97046875,1
direct_code_gen,claude,590,0.9690625,1
direct_code_gen,claude,591,0.971875,1
direct_code_gen,claude,592,0.9690625,1
direct_code_gen,claude,593,0.97890625,1
direct_code_gen,claude,594,0.97046875,1
direct_code_gen,claude,595,0.9775,1
direct_code_gen,claude,596,0.960625,1
direct_code_gen,claude,597,0.97046875,1
direct_code_gen,claude,598,0.0,0
direct_code_gen,claude,599,0.97609375,1
direct_code_gen,claude,600,0.0,0
direct_code_gen,claude,601,0.96625,1
direct_code_gen,claude,602,0.0,0
direct_code_gen,claude,603,0.0,0
direct_code_gen,claude,604,0.0,0
direct_code_gen,claude,605,0.0,0
direct_code_gen,claude,606,0.9775,1
direct_code_gen,claude,607,0.96765625,1
direct_code_gen,claude,608,0.9775,1
direct_code_gen,claude,609,0.97328125,1
direct_code_gen,claude,610,0.9690625,1
direct_code_gen,claude,611,0.9634375,1
direct_code_gen,claude,612,0.97609375,1
direct_code_gen,claude,613,0.97890625,1
direct_code_gen,claude,614,0.97328125,1
direct_code_gen,claude,615,0.0,0
direct_code_gen,claude,616,0.0,0
direct_code_gen,claude,617,0.97046875,1
direct_code_gen,claude,618,0.0,0
direct_code_gen,claude,619,0.97328125,1
direct_code_gen,claude,620,0.97328125,1
direct_code_gen,claude,621,0.96765625,1
direct_code_gen,claude,622,0.9775,1
direct_code_gen,claude,623,0.97328125,1
direct_code_gen,claude,624,0.97609375,1
direct_code_gen,claude,625,0.971875,1
direct_code_gen,claude,626,0.97328125,1
direct_code_gen,claude,627,0.9775,1
direct_code_gen,claude,628,0.0,0
direct_code_gen,claude,629,0.96484375,1
direct_code_gen,claude,630,0.96765625,1
direct_code_gen,claude,631,0.0,0
direct_code_gen,claude,632,0.96484375,1
direct_code_gen,claude,633,0.97328125,1
direct_code_gen,claude,634,0.9690625,1
direct_code_gen,claude,635,0.983125,1
direct_code_gen,claude,636,0.0,0
direct_code_gen,claude,637,0.0,0
direct_code_gen,claude,638,0.97609375,1
direct_code_gen,claude,639,0.97328125,1
direct_code_gen,claude,640,0.97609375,1
direct_code_gen,claude,641,0.0,0
direct_code_gen,claude,642,0.0,0
direct_code_gen,claude,643,0.9775,1
direct_code_gen,claude,644,0.96625,1
direct_code_gen,claude,645,0.9775,1
direct_code_gen,claude,646,0.971875,1
direct_code_gen,claude,647,0.0,0
direct_code_gen,claude,648,0.0,0
direct_code_gen,claude,649,0.971875,1
direct_code_gen,claude,650,0.97046875,1
direct_code_gen,claude,651,0.97890625,1
direct_code_gen,claude,652,0.97328125,1
direct_code_gen,claude,653,0.97609375,1
direct_code_gen,claude,654,0.97046875,1
direct_code_gen,claude,655,0.0,0
direct_code_gen,claude,656,0.0,0
direct_code_gen,claude,657,0.971875,1
direct_code_gen,claude,658,0.97046875,1
direct_code_gen,claude,659,0.97609375,1
direct_code_gen,claude,660,0.97609375,1
direct_code_gen,claude,661,0.0,0
direct_code_gen,claude,662,0.96484375,1
direct_code_gen,claude,663,0.97046875,1
direct_code_gen,claude,664,0.96625,1
direct_code_gen,claude,665,0.97046875,1
direct_code_gen,claude,666,0.9746875,1
direct_code_gen,claude,667,0.97609375,1
direct_code_gen,claude,668,0.97046875,1
direct_code_gen,claude,669,0.0,0
direct_code_gen,claude,670,0.9775,1
direct_code_gen,claude,671,0.9803125,1
direct_code_gen,claude,672,0.97890625,1
direct_code_gen,claude,673,0.97609375,1
direct_code_gen,claude,674,0.9634375,1
direct_code_gen,claude,675,0.96625,1
direct_code_gen,claude,676,0.0,0
direct_code_gen,claude,677,0.9634375,1
direct_code_gen,claude,678,0.971875,1
direct_code_gen,claude,679,0.97609375,1
direct_code_gen,claude,680,0.96484375,1
direct_code_gen,claude,681,0.97609375,1
direct_code_gen,claude,682,0.97328125,1
direct_code_gen,claude,683,0.971875,1
direct_code_gen,claude,684,0.971875,1
direct_code_gen,claude,685,0.96765625,1
direct_code_gen,claude,686,0.9634375,1
direct_code_gen,claude,687,0.9634375,1
direct_code_gen,claude,688,0.0,0
direct_code_gen,claude,689,0.97890625,1
direct_code_gen,claude,690,0.0,0
direct_code_gen,claude,691,0.0,0
direct_code_gen,claude,692,0.96625,1
direct_code_gen,claude,693,0.97890625,1
direct_code_gen,claude,694,0.9690625,1
direct_code_gen,claude,695,0.9775,1
direct_code_gen,claude,696,0.9746875,1
direct_code_gen,claude,697,0.97609375,1
direct_code_gen,claude,698,0.0,0
direct_code_gen,claude,699,0.9690625,1
direct_code_gen,claude,700,0.971875,1
direct_code_gen,claude,701,0.0,0
direct_code_gen,claude,702,0.0,0
direct_code_gen,claude,703,0.9634375,1
direct_code_gen,claude,704,0.96625,1
direct_code_gen,claude,705,0.0,0
direct_code_gen,claude,706,0.97890625,1
direct_code_gen,claude,707,0.96484375,1
direct_code_gen,claude,708,0.97609375,1
direct_code_gen,claude,709,0.971875,1
direct_code_gen,claude,710,0.971875,1
direct_code_gen,claude,711,0.96765625,1
direct_code_gen,claude,712,0.0,0
direct_code_gen,claude,713,0.97046875,1
direct_code_gen,claude,714,0.9690625,1
direct_code_gen,claude,715,0.96765625,1
direct_code_gen,claude,716,0.96765625,1
direct_code_gen,claude,717,0.9803125,1
direct_code_gen,claude,718,0.971875,1
direct_code_gen,claude,719,0.9803125,1
direct_code_gen,claude,720,0.9690625,1
direct_code_gen,claude,721,0.9746875,1
direct_code_gen,claude,722,0.97046875,1
direct_code_gen,claude,723,0.96484375,1
direct_code_gen,claude,724,0.9803125,1
direct_code_gen,claude,725,0.0,0
direct_code_gen,claude,726,0.9775,1
direct_code_gen,claude,727,0.0,0
direct_code_gen,claude,728,0.96203125,1
direct_code_gen,claude,729,0.0,0
direct_code_gen,claude,730,0.9746875,1
direct_code_gen,claude,731,0.9775,1
direct_code_gen,claude,732,0.0,0
direct_code_gen,claude,733,0.0,0
direct_code_gen,claude,734,0.97328125,1
direct_code_gen,claude,735,0.0,0
direct_code_gen,claude,736,0.96625,1
direct_code_gen,claude,737,0.9746875,1
direct_code_gen,claude,738,0.9775,1
direct_code_gen,claude,739,0.9746875,1
direct_code_gen,claude,740,0.0,0
direct_code_gen,claude,741,0.97328125,1
direct_code_gen,claude,742,0.971875,1
direct_code_gen,claude,743,0.97328125,1
direct_code_gen,claude,744,0.9634375,1
direct_code_gen,claude,745,0.96625,1
direct_code_gen,claude,746,0.9803125,1
direct_code_gen,claude,747,0.0,0
direct_code_gen,claude,748,0.0,0
direct_code_gen,claude,749,0.0,0
direct_code_gen,claude,750,0.9746875,1
direct_code_gen,claude,751,0.971875,1
direct_code_gen,claude,752,0.9746875,1
direct_code_gen,claude,753,0.96625,1
direct_code_gen,claude,754,0.97328125,1
direct_code_gen,claude,755,0.971875,1
direct_code_gen,claude,756,0.97328125,1
direct_code_gen,claude,757,0.97890625,1
direct_code_gen,claude,758,0.97328125,1
direct_code_gen,claude,759,0.97609375,1
direct_code_gen,claude,760,0.9690625,1
direct_code_gen,claude,761,0.97609375,1
direct_code_gen,claude,762,0.9690625,1
direct_code_gen,claude,763,0.9746875,1
direct_code_gen,claude,764,0.0,0
direct_code_gen,claude,765,0.96625,1
direct_code_gen,claude,766,0.97609375,1
direct_code_gen,claude,767,0.971875,1
direct_code_gen,claude,768,0.9746875,1
direct_code_gen,claude,769,0.97046875,1
direct_code_gen,claude,770,0.0,0
direct_code_gen,claude,771,0.98171875,1
direct_code_gen,claude,772,0.0,0
direct_code_gen,claude,773,0.0,0
direct_code_gen,claude,774,0.9775,1
direct_code_gen,claude,775,0.9746875,1
direct_code_gen,claude,776,0.9746875,1
direct_code_gen,claude,777,0.96484375,1
direct_code_gen,claude,778,0.96625,1
direct_code_gen,claude,779,0.9690625,1
direct_code_gen,claude,780,0.9746875,1
direct_code_gen,claude,781,0.97609375,1
direct_code_gen,claude,782,0.0,0
direct_code_gen,claude,783,0.971875,1
direct_code_gen,claude,784,0.971875,1
direct_code_gen,claude,785,0.96203125,1
direct_code_gen,claude,786,0.9690625,1
direct_code_gen,claude,787,0.9746875,1
direct_code_gen,claude,788,0.9690625,1
direct_code_gen,claude,789,0.97328125,1
direct_code_gen,claude,790,0.971875,1
direct_code_gen,claude,791,0.9746875,1
direct_code_gen,claude,792,0.9775,1
direct_code_gen,claude,793,0.971875,1
direct_code_gen,claude,794,0.97609375,1
direct_code_gen,claude,795,0.96765625,1
direct_code_gen,claude,796,0.97046875,1
direct_code_gen,claude,797,0.97328125,1
direct_code_gen,claude,798,0.97890625,1
direct_code_gen,claude,799,0.0,0
direct_code_gen,claude,800,0.0,0
direct_code_gen,claude,801,0.960625,1
direct_code_gen,claude,802,0.9690625,1
direct_code_gen,claude,803,0.97890625,1
direct_code_gen,claude,804,0.0,0
direct_code_gen,claude,805,0.9746875,1
direct_code_gen,claude,806,0.96484375,1
direct_code_gen,claude,807,0.97609375,1
direct_code_gen,claude,808,0.97328125,1
direct_code_gen,claude,809,0.9690625,1
direct_code_gen,claude,810,0.971875,1
direct_code_gen,claude,811,0.0,0
direct_code_gen,claude,812,0.97328125,1
direct_code_gen,claude,813,0.971875,1
direct_code_gen,claude,814,0.0,0
direct_code_gen,claude,815,0.96625,1
direct_code_gen,claude,816,0.0,0
direct_code_gen,claude,817,0.971875,1
direct_code_gen,claude,818,0.96625,1
direct_code_gen,claude,819,0.9690625,1
direct_code_gen,claude,820,0.0,0
direct_code_gen,claude,821,0.97328125,1
direct_code_gen,claude,822,0.9746875,1
direct_code_gen,claude,823,0.9746875,1
direct_code_gen,claude,824,0.96484375,1
direct_code_gen,claude,825,0.97328125,1
direct_code_gen,claude,826,0.97328125,1
direct_code_gen,claude,827,0.0,0
direct_code_gen,claude,828,0.0,0
direct_code_gen,claude,829,0.97046875,1
direct_code_gen,claude,830,0.0,0
direct_code_gen,claude,831,0.0,0
direct_code_gen,claude,832,0.9803125,1
direct_code_gen,claude,833,0.0,0
direct_code_gen,claude,834,0.97046875,1
direct_code_gen,claude,835,0.9690625,1
direct_code_gen,claude,836,0.97328125,1
direct_code_gen,claude,837,0.97328125,1
direct_code_gen,claude,838,0.0,0
direct_code_gen,claude,839,0.97328125,1
direct_code_gen,claude,840,0.0,0
direct_code_gen,claude,841,0.97328125,1
direct_code_gen,claude,842,0.971875,1
direct_code_gen,claude,843,0.0,0
direct_code_gen,claude,844,0.9690625,1
direct_code_gen,claude,845,0.97609375,1
direct_code_gen,claude,846,0.96625,1
direct_code_gen,claude,847,0.0,0
direct_code_gen,claude,848,0.0,0
direct_code_gen,claude,849,0.96484375,1
direct_code_gen,claude,850,0.96484375,1
direct_code_gen,claude,851,0.960625,1
direct_code_gen,claude,852,0.9775,1
direct_code_gen,claude,853,0.0,0
direct_code_gen,claude,854,0.97046875,1
direct_code_gen,claude,855,0.0,0
direct_code_gen,claude,856,0.9746875,1
direct_code_gen,claude,857,0.971875,1
direct_code_gen,claude,858,0.0,0
direct_code_gen,claude,859,0.0,0
direct_code_gen,claude,860,0.98453125,1
direct_code_gen,claude,861,0.97328125,1
direct_code_gen,claude,862,0.97046875,1
direct_code_gen,claude,863,0.0,0
direct_code_gen,claude,864,0.97046875,1
direct_code_gen,claude,865,0.0,0
direct_code_gen,claude,866,0.9746875,1
direct_code_gen,claude,867,0.971875,1
direct_code_gen,claude,868,0.97609375,1
direct_code_gen,claude,869,0.97609375,1
direct_code_gen,claude,870,0.9746875,1
direct_code_gen,claude,871,0.0,0
direct_code_gen,claude,872,0.96484375,1
direct_code_gen,claude,873,0.971875,1
direct_code_gen,claude,874,0.9775,1
direct_code_gen,claude,875,0.9690625,1
direct_code_gen,claude,876,0.96765625,1
direct_code_gen,claude,877,0.97890625,1
direct_code_gen,claude,878,0.96484375,1
direct_code_gen,claude,879,0.9746875,1
direct_code_gen,claude,880,0.9746875,1
direct_code_gen,claude,881,0.96484375,1
direct_code_gen,claude,882,0.9634375,1
direct_code_gen,claude,883,0.97890625,1
direct_code_gen,claude,884,0.97609375,1
direct_code_gen,claude,885,0.96484375,1
direct_code_gen,claude,886,0.96625,1
direct_code_gen,claude,887,0.9746875,1
direct_code_gen,claude,888,0.96765625,1
direct_code_gen,claude,889,0.9690625,1
direct_code_gen,claude,890,0.0,0
direct_code_gen,claude,891,0.97609375,1
direct_code_gen,claude,892,0.96203125,1
direct_code_gen,claude,893,0.9690625,1
direct_code_gen,claude,894,0.97046875,1
direct_code_gen,claude,895,0.97890625,1
direct_code_gen,claude,896,0.9775,1
direct_code_gen,claude,897,0.97890625,1
direct_code_gen,claude,898,0.0,0
direct_code_gen,claude,899,0.9746875,1
direct_code_gen,claude,900,0.96765625,1
direct_code_gen,claude,901,0.97046875,1
direct_code_gen,claude,902,0.96625,1
direct_code_gen,claude,903,0.9746875,1
direct_code_gen,claude,904,0.9775,1
direct_code_gen,claude,905,0.97328125,1
direct_code_gen,claude,906,0.96484375,1
direct_code_gen,claude,907,0.97046875,1
direct_code_gen,claude,908,0.97609375,1
direct_code_gen,claude,909,0.0,0
direct_code_gen,claude,910,0.97328125,1
direct_code_gen,claude,911,0.9746875,1
direct_code_gen,claude,912,0.0,0
direct_code_gen,claude,913,0.0,0
direct_code_gen,claude,914,0.9690625,1
direct_code_gen,claude,915,0.97890625,1
direct_code_gen,claude,916,0.96203125,1
direct_code_gen,claude,917,0.971875,1
direct_code_gen,claude,918,0.9746875,1
direct_code_gen,claude,919,0.971875,1
direct_code_gen,claude,920,0.97046875,1
direct_code_gen,claude,921,0.971875,1
direct_code_gen,claude,922,0.97328125,1
direct_code_gen,claude,923,0.971875,1
direct_code_gen,claude,924,0.0,0
direct_code_gen,claude,925,0.96625,1
direct_code_gen,claude,926,0.96484375,1
direct_code_gen,claude,927,0.96484375,1
direct_code_gen,claude,928,0.0,0
direct_code_gen,claude,929,0.971875,1
direct_code_gen,claude,930,0.9775,1
direct_code_gen,claude,931,0.97609375,1
direct_code_gen,claude,932,0.97890625,1
direct_code_gen,claude,933,0.9746875,1
direct_code_gen,claude,934,0.97046875,1
direct_code_gen,claude,935,0.97328125,1
direct_code_gen,claude,936,0.97328125,1
direct_code_gen,claude,937,0.9746875,1
direct_code_gen,claude,938,0.0,0
direct_code_gen,claude,939,0.0,0
direct_code_gen,claude,940,0.97328125,1
direct_code_gen,claude,941,0.0,0
direct_code_gen,claude,942,0.9803125,1
direct_code_gen,claude,943,0.97328125,1
direct_code_gen,claude,944,0.97046875,1
direct_code_gen,claude,945,0.9746875,1
direct_code_gen,claude,946,0.9634375,1
direct_code_gen,claude,947,0.9775,1
direct_code_gen,claude,948,0.96765625,1
direct_code_gen,claude,949,0.96765625,1
direct_code_gen,claude,950,0.9775,1
direct_code_gen,claude,951,0.97328125,1
direct_code_gen,claude,952,0.97046875,1
direct_code_gen,claude,953,0.97328125,1
direct_code_gen,claude,954,0.9803125,1
direct_code_gen,claude,955,0.0,0
direct_code_gen,claude,956,0.9634375,1
direct_code_gen,claude,957,0.97609375,1
direct_code_gen,claude,958,0.97609375,1
direct_code_gen,claude,959,0.96765625,1
direct_code_gen,claude,960,0.0,0
direct_code_gen,claude,961,0.0,0
direct_code_gen,claude,962,0.0,0
direct_code_gen,claude,963,0.0,0
direct_code_gen,claude,964,0.96625,1
direct_code_gen,claude,965,0.96765625,1
direct_code_gen,claude,966,0.9690625,1
direct_code_gen,claude,967,0.0,0
direct_code_gen,claude,968,0.971875,1
direct_code_gen,claude,969,0.971875,1
direct_code_gen,claude,970,0.0,0
direct_code_gen,claude,971,0.0,0
direct_code_gen,claude,972,0.0,0
direct_code_gen,claude,973,0.9690625,1
direct_code_gen,claude,974,0.9746875,1
direct_code_gen,claude,975,0.9690625,1
direct_code_gen,claude,976,0.0,0
direct_code_gen,claude,977,0.96625,1
direct_code_gen,claude,978,0.0,0
direct_code_gen,claude,979,0.9746875,1
direct_code_gen,claude,980,0.9746875,1
direct_code_gen,claude,981,0.95640625,1
direct_code_gen,claude,982,0.96625,1
direct_code_gen,claude,983,0.96203125,1
direct_code_gen,claude,984,0.0,0
direct_code_gen,claude,985,0.971875,1
direct_code_gen,claude,986,0.97890625,1
direct_code_gen,claude,987,0.0,0
direct_code_gen,claude,988,0.0,0
direct_code_gen,claude,989,0.96625,1
direct_code_gen,claude,990,0.97609375,1
direct_code_gen,claude,991,0.97046875,1
direct_code_gen,claude,992,0.0,0
direct_code_gen,claude,993,0.97046875,1
direct_code_gen,claude,994,0.9746875,1
direct_code_gen,claude,995,0.9775,1
direct_code_gen,claude,996,0.97609375,1
direct_code_gen,claude,997,0.9746875,1
direct_code_gen,claude,998,0.97046875,1
direct_code_gen,claude,999,0.97046875,1
direct_code_gen,o1,0,0.97609375,1
direct_code_gen,o1,1,0.9690625,1
direct_code_gen,o1,2,0.9690625,1
direct_code_gen,o1,3,0.9746875,1
direct_code_gen,o1,4,0.97890625,1
direct_code_gen,o1,5,0.9775,1
direct_code_gen,o1,6,0.983125,1
direct_code_gen,o1,7,0.9775,1
direct_code_gen,o1,8,0.96484375,1
direct_code_gen,o1,9,0.97890625,1
direct_code_gen,o1,10,0.98453125,1
direct_code_gen,o1,11,0.9775,1
direct_code_gen,o1,12,0.9775,1
direct_code_gen,o1,13,0.96625,1
direct_code_gen,o1,14,0.97046875,1
direct_code_gen,o1,15,0.971875,1
direct_code_gen,o1,16,0.97890625,1
direct_code_gen,o1,17,0.96765625,1
direct_code_gen,o1,18,0.97890625,1
direct_code_gen,o1,19,0.9803125,1
direct_code_gen,o1,20,0.97609375,1
direct_code_gen,o1,21,0.98171875,1
direct_code_gen,o1,22,0.97046875,1
direct_code_gen,o1,23,0.971875,1
direct_code_gen,o1,24,0.97046875,1
direct_code_gen,o1,25,0.9746875,1
direct_code_gen,o1,26,0.97046875,1
direct_code_gen,o1,27,0.97890625,1
direct_code_gen,o1,28,0.97890625,1
direct_code_gen,o1,29,0.9746875,1
direct_code_gen,o1,30,0.96484375,1
direct_code_gen,o1,31,0.9746875,1
direct_code_gen,o1,32,0.97046875,1
direct_code_gen,o1,33,0.9775,1
direct_code_gen,o1,34,0.971875,1
direct_code_gen,o1,35,0.97609375,1
direct_code_gen,o1,36,0.97890625,1
direct_code_gen,o1,37,0.9746875,1
direct_code_gen,o1,38,0.9746875,1
direct_code_gen,o1,39,0.9690625,1
direct_code_gen,o1,40,0.96625,1
direct_code_gen,o1,41,0.9775,1
direct_code_gen,o1,42,0.97046875,1
direct_code_gen,o1,43,0.98453125,1
direct_code_gen,o1,44,0.97046875,1
direct_code_gen,o1,45,0.9775,1
direct_code_gen,o1,46,0.9746875,1
direct_code_gen,o1,47,0.9803125,1
direct_code_gen,o1,48,0.9690625,1
direct_code_gen,o1,49,0.97890625,1
direct_code_gen,o1,50,0.971875,1
direct_code_gen,o1,51,0.97046875,1
direct_code_gen,o1,52,0.9690625,1
direct_code_gen,o1,53,0.97609375,1
direct_code_gen,o1,54,0.98171875,1
direct_code_gen,o1,55,0.96765625,1
direct_code_gen,o1,56,0.98171875,1
direct_code_gen,o1,57,0.9803125,1
direct_code_gen,o1,58,0.9803125,1
direct_code_gen,o1,59,0.97328125,1
direct_code_gen,o1,60,0.97609375,1
direct_code_gen,o1,61,0.9746875,1
direct_code_gen,o1,62,0.97046875,1
direct_code_gen,o1,63,0.9746875,1
direct_code_gen,o1,64,0.96765625,1
direct_code_gen,o1,65,0.9803125,1
direct_code_gen,o1,66,0.97328125,1
direct_code_gen,o1,67,0.97328125,1
direct_code_gen,o1,68,0.971875,1
direct_code_gen,o1,69,0.9803125,1
direct_code_gen,o1,70,0.96484375,1
direct_code_gen,o1,71,0.98171875,1
direct_code_gen,o1,72,0.97890625,1
direct_code_gen,o1,73,0.971875,1
direct_code_gen,o1,74,0.97890625,1
direct_code_gen,o1,75,0.9775,1
direct_code_gen,o1,76,0.97609375,1
direct_code_gen,o1,77,0.971875,1
direct_code_gen,o1,78,0.97890625,1
direct_code_gen,o1,79,0.97890625,1
direct_code_gen,o1,80,0.96625,1
direct_code_gen,o1,81,0.9746875,1
direct_code_gen,o1,82,0.97890625,1
direct_code_gen,o1,83,0.97609375,1
direct_code_gen,o1,84,0.9775,1
direct_code_gen,o1,85,0.983125,1
direct_code_gen,o1,86,0.96484375,1
direct_code_gen,o1,87,0.97609375,1
direct_code_gen,o1,88,0.97890625,1
direct_code_gen,o1,89,0.9775,1
direct_code_gen,o1,90,0.96765625,1
direct_code_gen,o1,91,0.960625,1
direct_code_gen,o1,92,0.97609375,1
direct_code_gen,o1,93,0.971875,1
direct_code_gen,o1,94,0.97609375,1
direct_code_gen,o1,95,0.97890625,1
direct_code_gen,o1,96,0.971875,1
direct_code_gen,o1,97,0.9746875,1
direct_code_gen,o1,98,0.9746875,1
direct_code_gen,o1,99,0.97046875,1
direct_code_gen,o1,100,0.98453125,1
direct_code_gen,o1,101,0.971875,1
direct_code_gen,o1,102,0.96484375,1
direct_code_gen,o1,103,0.9746875,1
direct_code_gen,o1,104,0.97609375,1
direct_code_gen,o1,105,0.97609375,1
direct_code_gen,o1,106,0.971875,1
direct_code_gen,o1,107,0.97890625,1
direct_code_gen,o1,108,0.9775,1
direct_code_gen,o1,109,0.97609375,1
direct_code_gen,o1,110,0.9775,1
direct_code_gen,o1,111,0.97609375,1
direct_code_gen,o1,112,0.98171875,1
direct_code_gen,o1,113,0.9690625,1
direct_code_gen,o1,114,0.97890625,1
direct_code_gen,o1,115,0.97890625,1
direct_code_gen,o1,116,0.97609375,1
direct_code_gen,o1,117,0.96484375,1
direct_code_gen,o1,118,0.9775,1
direct_code_gen,o1,119,0.9746875,1
direct_code_gen,o1,120,0.97328125,1
direct_code_gen,o1,121,0.97046875,1
direct_code_gen,o1,122,0.9746875,1
direct_code_gen,o1,123,0.97890625,1
direct_code_gen,o1,124,0.97328125,1
direct_code_gen,o1,125,0.9775,1
direct_code_gen,o1,126,0.98453125,1
direct_code_gen,o1,127,0.97046875,1
direct_code_gen,o1,128,0.96625,1
direct_code_gen,o1,129,0.9690625,1
direct_code_gen,o1,130,0.97890625,1
direct_code_gen,o1,131,0.97609375,1
direct_code_gen,o1,132,0.9775,1
direct_code_gen,o1,133,0.9803125,1
direct_code_gen,o1,134,0.983125,1
direct_code_gen,o1,135,0.97046875,1
direct_code_gen,o1,136,0.971875,1
direct_code_gen,o1,137,0.9775,1
direct_code_gen,o1,138,0.971875,1
direct_code_gen,o1,139,0.97609375,1
direct_code_gen,o1,140,0.97328125,1
direct_code_gen,o1,141,0.98171875,1
direct_code_gen,o1,142,0.97328125,1
direct_code_gen,o1,143,0.97046875,1
direct_code_gen,o1,144,0.9803125,1
direct_code_gen,o1,145,0.97328125,1
direct_code_gen,o1,146,0.98171875,1
direct_code_gen,o1,147,0.97328125,1
direct_code_gen,o1,148,0.9746875,1
direct_code_gen,o1,149,0.97890625,1
direct_code_gen,o1,150,0.96203125,1
direct_code_gen,o1,151,0.9746875,1
direct_code_gen,o1,152,0.971875,1
direct_code_gen,o1,153,0.98453125,1
direct_code_gen,o1,154,0.97890625,1
direct_code_gen,o1,155,0.971875,1
direct_code_gen,o1,156,0.9775,1
direct_code_gen,o1,157,0.97046875,1
direct_code_gen,o1,158,0.96765625,1
direct_code_gen,o1,159,0.9634375,1
direct_code_gen,o1,160,0.9690625,1
direct_code_gen,o1,161,0.97328125,1
direct_code_gen,o1,162,0.98171875,1
direct_code_gen,o1,163,0.98171875,1
direct_code_gen,o1,164,0.97609375,1
direct_code_gen,o1,165,0.971875,1
direct_code_gen,o1,166,0.98734375,1
direct_code_gen,o1,167,0.9690625,1
direct_code_gen,o1,168,0.97328125,1
direct_code_gen,o1,169,0.9803125,1
direct_code_gen,o1,170,0.97890625,1
direct_code_gen,o1,171,0.97890625,1
direct_code_gen,o1,172,0.97890625,1
direct_code_gen,o1,173,0.98453125,1
direct_code_gen,o1,174,0.97328125,1
direct_code_gen,o1,175,0.96765625,1
direct_code_gen,o1,176,0.97328125,1
direct_code_gen,o1,177,0.971875,1
direct_code_gen,o1,178,0.9746875,1
direct_code_gen,o1,179,0.98171875,1
direct_code_gen,o1,180,0.97890625,1
direct_code_gen,o1,181,0.971875,1
direct_code_gen,o1,182,0.9746875,1
direct_code_gen,o1,183,0.97328125,1
direct_code_gen,o1,184,0.9775,1
direct_code_gen,o1,185,0.96765625,1
direct_code_gen,o1,186,0.97890625,1
direct_code_gen,o1,187,0.9746875,1
direct_code_gen,o1,188,0.97890625,1
direct_code_gen,o1,189,0.97609375,1
direct_code_gen,o1,190,0.9775,1
direct_code_gen,o1,191,0.97046875,1
direct_code_gen,o1,192,0.97609375,1
direct_code_gen,o1,193,0.97609375,1
direct_code_gen,o1,194,0.97609375,1
direct_code_gen,o1,195,0.97328125,1
direct_code_gen,o1,196,0.97609375,1
direct_code_gen,o1,197,0.9775,1
direct_code_gen,o1,198,0.97046875,1
direct_code_gen,o1,199,0.971875,1
direct_code_gen,o1,200,0.9775,1
direct_code_gen,o1,201,0.97328125,1
direct_code_gen,o1,202,0.971875,1
direct_code_gen,o1,203,0.96625,1
direct_code_gen,o1,204,0.96625,1
direct_code_gen,o1,205,0.97328125,1
direct_code_gen,o1,206,0.96484375,1
direct_code_gen,o1,207,0.97328125,1
direct_code_gen,o1,208,0.98453125,1
direct_code_gen,o1,209,0.96765625,1
direct_code_gen,o1,210,0.97328125,1
direct_code_gen,o1,211,0.971875,1
direct_code_gen,o1,212,0.971875,1
direct_code_gen,o1,213,0.9690625,1
direct_code_gen,o1,214,0.97890625,1
direct_code_gen,o1,215,0.983125,1
direct_code_gen,o1,216,0.9775,1
direct_code_gen,o1,217,0.971875,1
direct_code_gen,o1,218,0.97890625,1
direct_code_gen,o1,219,0.97328125,1
direct_code_gen,o1,220,0.97890625,1
direct_code_gen,o1,221,0.97328125,1
direct_code_gen,o1,222,0.96203125,1
direct_code_gen,o1,223,0.97890625,1
direct_code_gen,o1,224,0.9746875,1
direct_code_gen,o1,225,0.97046875,1
direct_code_gen,o1,226,0.9746875,1
direct_code_gen,o1,227,0.9803125,1
direct_code_gen,o1,228,0.97609375,1
direct_code_gen,o1,229,0.9690625,1
direct_code_gen,o1,230,0.9690625,1
direct_code_gen,o1,231,0.96625,1
direct_code_gen,o1,232,0.9746875,1
direct_code_gen,o1,233,0.97046875,1
direct_code_gen,o1,234,0.97328125,1
direct_code_gen,o1,235,0.97890625,1
direct_code_gen,o1,236,0.97046875,1
direct_code_gen,o1,237,0.9803125,1
direct_code_gen,o1,238,0.96625,1
direct_code_gen,o1,239,0.97046875,1
direct_code_gen,o1,240,0.97890625,1
direct_code_gen,o1,241,0.9746875,1
direct_code_gen,o1,242,0.9803125,1
direct_code_gen,o1,243,0.98453125,1
direct_code_gen,o1,244,0.9746875,1
direct_code_gen,o1,245,0.97609375,1
direct_code_gen,o1,246,0.9775,1
direct_code_gen,o1,247,0.9746875,1
direct_code_gen,o1,248,0.96625,1
direct_code_gen,o1,249,0.9634375,1
direct_code_gen,o1,250,0.9746875,1
direct_code_gen,o1,251,0.97046875,1
direct_code_gen,o1,252,0.97046875,1
direct_code_gen,o1,253,0.9775,1
direct_code_gen,o1,254,0.97046875,1
direct_code_gen,o1,255,0.97046875,1
direct_code_gen,o1,256,0.971875,1
direct_code_gen,o1,257,0.983125,1
direct_code_gen,o1,258,0.9775,1
direct_code_gen,o1,259,0.9775,1
direct_code_gen,o1,260,0.960625,1
direct_code_gen,o1,261,0.97328125,1
direct_code_gen,o1,262,0.97609375,1
direct_code_gen,o1,263,0.97890625,1
direct_code_gen,o1,264,0.9746875,1
direct_code_gen,o1,265,0.971875,1
direct_code_gen,o1,266,0.971875,1
direct_code_gen,o1,267,0.9634375,1
direct_code_gen,o1,268,0.9690625,1
direct_code_gen,o1,269,0.97609375,1
direct_code_gen,o1,270,0.983125,1
direct_code_gen,o1,271,0.983125,1
direct_code_gen,o1,272,0.971875,1
direct_code_gen,o1,273,0.97046875,1
direct_code_gen,o1,274,0.9746875,1
direct_code_gen,o1,275,0.97328125,1
direct_code_gen,o1,276,0.9775,1
direct_code_gen,o1,277,0.97046875,1
direct_code_gen,o1,278,0.98171875,1
direct_code_gen,o1,279,0.9775,1
direct_code_gen,o1,280,0.97328125,1
direct_code_gen,o1,281,0.971875,1
direct_code_gen,o1,282,0.98171875,1
direct_code_gen,o1,283,0.9690625,1
direct_code_gen,o1,284,0.9775,1
direct_code_gen,o1,285,0.971875,1
direct_code_gen,o1,286,0.97046875,1
direct_code_gen,o1,287,0.9775,1
direct_code_gen,o1,288,0.97046875,1
direct_code_gen,o1,289,0.97609375,1
direct_code_gen,o1,290,0.9690625,1
direct_code_gen,o1,291,0.9775,1
direct_code_gen,o1,292,0.97328125,1
direct_code_gen,o1,293,0.9746875,1
direct_code_gen,o1,294,0.97328125,1
direct_code_gen,o1,295,0.9746875,1
direct_code_gen,o1,296,0.97890625,1
direct_code_gen,o1,297,0.9775,1
direct_code_gen,o1,298,0.97890625,1
direct_code_gen,o1,299,0.9746875,1
direct_code_gen,o1,300,0.97890625,1
direct_code_gen,o1,301,0.97890625,1
direct_code_gen,o1,302,0.9746875,1
direct_code_gen,o1,303,0.97609375,1
direct_code_gen,o1,304,0.9690625,1
direct_code_gen,o1,305,0.97046875,1
direct_code_gen,o1,306,0.97890625,1
direct_code_gen,o1,307,0.97046875,1
direct_code_gen,o1,308,0.97046875,1
direct_code_gen,o1,309,0.96765625,1
direct_code_gen,o1,310,0.97328125,1
direct_code_gen,o1,311,0.97328125,1
direct_code_gen,o1,312,0.971875,1
direct_code_gen,o1,313,0.96484375,1
direct_code_gen,o1,314,0.97328125,1
direct_code_gen,o1,315,0.9690625,1
direct_code_gen,o1,316,0.971875,1
direct_code_gen,o1,317,0.97890625,1
direct_code_gen,o1,318,0.9746875,1
direct_code_gen,o1,319,0.97328125,1
direct_code_gen,o1,320,0.9775,1
direct_code_gen,o1,321,0.97609375,1
direct_code_gen,o1,322,0.97328125,1
direct_code_gen,o1,323,0.971875,1
direct_code_gen,o1,324,0.971875,1
direct_code_gen,o1,325,0.97046875,1
direct_code_gen,o1,326,0.97328125,1
direct_code_gen,o1,327,0.97328125,1
direct_code_gen,o1,328,0.983125,1
direct_code_gen,o1,329,0.97609375,1
direct_code_gen,o1,330,0.97046875,1
direct_code_gen,o1,331,0.9746875,1
direct_code_gen,o1,332,0.9746875,1
direct_code_gen,o1,333,0.9746875,1
direct_code_gen,o1,334,0.97609375,1
direct_code_gen,o1,335,0.97890625,1
direct_code_gen,o1,336,0.98171875,1
direct_code_gen,o1,337,0.9775,1
direct_code_gen,o1,338,0.971875,1
direct_code_gen,o1,339,0.983125,1
direct_code_gen,o1,340,0.9690625,1
direct_code_gen,o1,341,0.9803125,1
direct_code_gen,o1,342,0.97328125,1
direct_code_gen,o1,343,0.97609375,1
direct_code_gen,o1,344,0.97890625,1
direct_code_gen,o1,345,0.96765625,1
direct_code_gen,o1,346,0.96765625,1
direct_code_gen,o1,347,0.97609375,1
direct_code_gen,o1,348,0.97328125,1
direct_code_gen,o1,349,0.96765625,1
direct_code_gen,o1,350,0.9746875,1
direct_code_gen,o1,351,0.97890625,1
direct_code_gen,o1,352,0.983125,1
direct_code_gen,o1,353,0.9746875,1
direct_code_gen,o1,354,0.971875,1
direct_code_gen,o1,355,0.97328125,1
direct_code_gen,o1,356,0.97890625,1
direct_code_gen,o1,357,0.97609375,1
direct_code_gen,o1,358,0.97046875,1
direct_code_gen,o1,359,0.97609375,1
direct_code_gen,o1,360,0.9803125,1
direct_code_gen,o1,361,0.9690625,1
direct_code_gen,o1,362,0.9746875,1
direct_code_gen,o1,363,0.97046875,1
direct_code_gen,o1,364,0.971875,1
direct_code_gen,o1,365,0.9803125,1
direct_code_gen,o1,366,0.9803125,1
direct_code_gen,o1,367,0.96625,1
direct_code_gen,o1,368,0.9775,1
direct_code_gen,o1,369,0.98171875,1
direct_code_gen,o1,370,0.9746875,1
direct_code_gen,o1,371,0.983125,1
direct_code_gen,o1,372,0.9775,1
direct_code_gen,o1,373,0.97046875,1
direct_code_gen,o1,374,0.9746875,1
direct_code_gen,o1,375,0.9803125,1
direct_code_gen,o1,376,0.97046875,1
direct_code_gen,o1,377,0.97890625,1
direct_code_gen,o1,378,0.971875,1
direct_code_gen,o1,379,0.971875,1
direct_code_gen,o1,380,0.9775,1
direct_code_gen,o1,381,0.98453125,1
direct_code_gen,o1,382,0.96765625,1
direct_code_gen,o1,383,0.9775,1
direct_code_gen,o1,384,0.9775,1
direct_code_gen,o1,385,0.9775,1
direct_code_gen,o1,386,0.96765625,1
direct_code_gen,o1,387,0.97609375,1
direct_code_gen,o1,388,0.97046875,1
direct_code_gen,o1,389,0.971875,1
direct_code_gen,o1,390,0.97046875,1
direct_code_gen,o1,391,0.9690625,1
direct_code_gen,o1,392,0.9690625,1
direct_code_gen,o1,393,0.971875,1
direct_code_gen,o1,394,0.97328125,1
direct_code_gen,o1,395,0.97890625,1
direct_code_gen,o1,396,0.971875,1
direct_code_gen,o1,397,0.98171875,1
direct_code_gen,o1,398,0.971875,1
direct_code_gen,o1,399,0.983125,1
direct_code_gen,o1,400,0.97328125,1
direct_code_gen,o1,401,0.9803125,1
direct_code_gen,o1,402,0.97609375,1
direct_code_gen,o1,403,0.98171875,1
direct_code_gen,o1,404,0.98453125,1
direct_code_gen,o1,405,0.97046875,1
direct_code_gen,o1,406,0.971875,1
direct_code_gen,o1,407,0.96765625,1
direct_code_gen,o1,408,0.9746875,1
direct_code_gen,o1,409,0.9775,1
direct_code_gen,o1,410,0.97890625,1
direct_code_gen,o1,411,0.97328125,1
direct_code_gen,o1,412,0.983125,1
direct_code_gen,o1,413,0.97609375,1
direct_code_gen,o1,414,0.9775,1
direct_code_gen,o1,415,0.9803125,1
direct_code_gen,o1,416,0.96625,1
direct_code_gen,o1,417,0.97890625,1
direct_code_gen,o1,418,0.9775,1
direct_code_gen,o1,419,0.971875,1
direct_code_gen,o1,420,0.9775,1
direct_code_gen,o1,421,0.9746875,1
direct_code_gen,o1,422,0.9775,1
direct_code_gen,o1,423,0.9746875,1
direct_code_gen,o1,424,0.983125,1
direct_code_gen,o1,425,0.9803125,1
direct_code_gen,o1,426,0.96625,1
direct_code_gen,o1,427,0.97609375,1
direct_code_gen,o1,428,0.97890625,1
direct_code_gen,o1,429,0.97890625,1
direct_code_gen,o1,430,0.9775,1
direct_code_gen,o1,431,0.97890625,1
direct_code_gen,o1,432,0.98171875,1
direct_code_gen,o1,433,0.9746875,1
direct_code_gen,o1,434,0.9746875,1
direct_code_gen,o1,435,0.96625,1
direct_code_gen,o1,436,0.97328125,1
direct_code_gen,o1,437,0.983125,1
direct_code_gen,o1,438,0.98171875,1
direct_code_gen,o1,439,0.98453125,1
direct_code_gen,o1,440,0.9803125,1
direct_code_gen,o1,441,0.971875,1
direct_code_gen,o1,442,0.9775,1
direct_code_gen,o1,443,0.97328125,1
direct_code_gen,o1,444,0.97328125,1
direct_code_gen,o1,445,0.97046875,1
direct_code_gen,o1,446,0.9803125,1
direct_code_gen,o1,447,0.9775,1
direct_code_gen,o1,448,0.98453125,1
direct_code_gen,o1,449,0.97328125,1
direct_code_gen,o1,450,0.9775,1
direct_code_gen,o1,451,0.96484375,1
direct_code_gen,o1,452,0.97890625,1
direct_code_gen,o1,453,0.97609375,1
direct_code_gen,o1,454,0.9690625,1
direct_code_gen,o1,455,0.97609375,1
direct_code_gen,o1,456,0.97046875,1
direct_code_gen,o1,457,0.9775,1
direct_code_gen,o1,458,0.96765625,1
direct_code_gen,o1,459,0.9690625,1
direct_code_gen,o1,460,0.97890625,1
direct_code_gen,o1,461,0.97328125,1
direct_code_gen,o1,462,0.97609375,1
direct_code_gen,o1,463,0.9690625,1
direct_code_gen,o1,464,0.971875,1
direct_code_gen,o1,465,0.97890625,1
direct_code_gen,o1,466,0.9690625,1
direct_code_gen,o1,467,0.97046875,1
direct_code_gen,o1,468,0.96484375,1
direct_code_gen,o1,469,0.971875,1
direct_code_gen,o1,470,0.9803125,1
direct_code_gen,o1,471,0.96625,1
direct_code_gen,o1,472,0.9690625,1
direct_code_gen,o1,473,0.97609375,1
direct_code_gen,o1,474,0.97609375,1
direct_code_gen,o1,475,0.971875,1
direct_code_gen,o1,476,0.96765625,1
direct_code_gen,o1,477,0.9775,1
direct_code_gen,o1,478,0.971875,1
direct_code_gen,o1,479,0.9803125,1
direct_code_gen,o1,480,0.9803125,1
direct_code_gen,o1,481,0.9746875,1
direct_code_gen,o1,482,0.971875,1
direct_code_gen,o1,483,0.97328125,1
direct_code_gen,o1,484,0.96765625,1
direct_code_gen,o1,485,0.98171875,1
direct_code_gen,o1,486,0.97328125,1
direct_code_gen,o1,487,0.9690625,1
direct_code_gen,o1,488,0.97046875,1
direct_code_gen,o1,489,0.97046875,1
direct_code_gen,o1,490,0.96765625,1
direct_code_gen,o1,491,0.9803125,1
direct_code_gen,o1,492,0.9803125,1
direct_code_gen,o1,493,0.9775,1
direct_code_gen,o1,494,0.9746875,1
direct_code_gen,o1,495,0.96765625,1
direct_code_gen,o1,496,0.97328125,1
direct_code_gen,o1,497,0.9775,1
direct_code_gen,o1,498,0.9803125,1
direct_code_gen,o1,499,0.9634375,1
direct_code_gen,o1,500,0.9746875,1
direct_code_gen,o1,501,0.9690625,1
direct_code_gen,o1,502,0.9746875,1
direct_code_gen,o1,503,0.9746875,1
direct_code_gen,o1,504,0.9775,1
direct_code_gen,o1,505,0.98171875,1
direct_code_gen,o1,506,0.98171875,1
direct_code_gen,o1,507,0.9690625,1
direct_code_gen,o1,508,0.971875,1
direct_code_gen,o1,509,0.98171875,1
direct_code_gen,o1,510,0.97890625,1
direct_code_gen,o1,511,0.96625,1
direct_code_gen,o1,512,0.9775,1
direct_code_gen,o1,513,0.97890625,1
direct_code_gen,o1,514,0.97890625,1
direct_code_gen,o1,515,0.971875,1
direct_code_gen,o1,516,0.9746875,1
direct_code_gen,o1,517,0.97328125,1
direct_code_gen,o1,518,0.971875,1
direct_code_gen,o1,519,0.96625,1
direct_code_gen,o1,520,0.9690625,1
direct_code_gen,o1,521,0.9746875,1
direct_code_gen,o1,522,0.9746875,1
direct_code_gen,o1,523,0.9746875,1
direct_code_gen,o1,524,0.97328125,1
direct_code_gen,o1,525,0.97609375,1
direct_code_gen,o1,526,0.97328125,1
direct_code_gen,o1,527,0.98453125,1
direct_code_gen,o1,528,0.971875,1
direct_code_gen,o1,529,0.97890625,1
direct_code_gen,o1,530,0.971875,1
direct_code_gen,o1,531,0.97609375,1
direct_code_gen,o1,532,0.97328125,1
direct_code_gen,o1,533,0.971875,1
direct_code_gen,o1,534,0.97046875,1
direct_code_gen,o1,535,0.96203125,1
direct_code_gen,o1,536,0.98453125,1
direct_code_gen,o1,537,0.9746875,1
direct_code_gen,o1,538,0.97609375,1
direct_code_gen,o1,539,0.9690625,1
direct_code_gen,o1,540,0.97328125,1
direct_code_gen,o1,541,0.9775,1
direct_code_gen,o1,542,0.9803125,1
direct_code_gen,o1,543,0.9803125,1
direct_code_gen,o1,544,0.97328125,1
direct_code_gen,o1,545,0.97328125,1
direct_code_gen,o1,546,0.971875,1
direct_code_gen,o1,547,0.98453125,1
direct_code_gen,o1,548,0.9775,1
direct_code_gen,o1,549,0.97046875,1
direct_code_gen,o1,550,0.97609375,1
direct_code_gen,o1,551,0.9775,1
direct_code_gen,o1,552,0.9775,1
direct_code_gen,o1,553,0.9746875,1
direct_code_gen,o1,554,0.9775,1
direct_code_gen,o1,555,0.97609375,1
direct_code_gen,o1,556,0.97890625,1
direct_code_gen,o1,557,0.9746875,1
direct_code_gen,o1,558,0.97609375,1
direct_code_gen,o1,559,0.97890625,1
direct_code_gen,o1,560,0.97890625,1
direct_code_gen,o1,561,0.97609375,1
direct_code_gen,o1,562,0.97890625,1
direct_code_gen,o1,563,0.9746875,1
direct_code_gen,o1,564,0.97609375,1
direct_code_gen,o1,565,0.9746875,1
direct_code_gen,o1,566,0.97609375,1
direct_code_gen,o1,567,0.9803125,1
direct_code_gen,o1,568,0.97609375,1
direct_code_gen,o1,569,0.97890625,1
direct_code_gen,o1,570,0.971875,1
direct_code_gen,o1,571,0.971875,1
direct_code_gen,o1,572,0.9775,1
direct_code_gen,o1,573,0.97328125,1
direct_code_gen,o1,574,0.971875,1
direct_code_gen,o1,575,0.98171875,1
direct_code_gen,o1,576,0.97046875,1
direct_code_gen,o1,577,0.97046875,1
direct_code_gen,o1,578,0.971875,1
direct_code_gen,o1,579,0.97890625,1
direct_code_gen,o1,580,0.9775,1
direct_code_gen,o1,581,0.9775,1
direct_code_gen,o1,582,0.9803125,1
direct_code_gen,o1,583,0.97046875,1
direct_code_gen,o1,584,0.98171875,1
direct_code_gen,o1,585,0.9746875,1
direct_code_gen,o1,586,0.971875,1
direct_code_gen,o1,587,0.98453125,1
direct_code_gen,o1,588,0.97609375,1
direct_code_gen,o1,589,0.97328125,1
direct_code_gen,o1,590,0.971875,1
direct_code_gen,o1,591,0.971875,1
direct_code_gen,o1,592,0.971875,1
direct_code_gen,o1,593,0.98171875,1
direct_code_gen,o1,594,0.97046875,1
direct_code_gen,o1,595,0.9775,1
direct_code_gen,o1,596,0.9746875,1
direct_code_gen,o1,597,0.97046875,1
direct_code_gen,o1,598,0.9775,1
direct_code_gen,o1,599,0.97609375,1
direct_code_gen,o1,600,0.98171875,1
direct_code_gen,o1,601,0.9803125,1
direct_code_gen,o1,602,0.97609375,1
direct_code_gen,o1,603,0.97609375,1
direct_code_gen,o1,604,0.9690625,1
direct_code_gen,o1,605,0.9803125,1
direct_code_gen,o1,606,0.9775,1
direct_code_gen,o1,607,0.96765625,1
direct_code_gen,o1,608,0.9775,1
direct_code_gen,o1,609,0.97890625,1
direct_code_gen,o1,610,0.9690625,1
direct_code_gen,o1,611,0.96625,1
direct_code_gen,o1,612,0.97609375,1
direct_code_gen,o1,613,0.98171875,1
direct_code_gen,o1,614,0.97609375,1
direct_code_gen,o1,615,0.971875,1
direct_code_gen,o1,616,0.9775,1
direct_code_gen,o1,617,0.98171875,1
direct_code_gen,o1,618,0.97046875,1
direct_code_gen,o1,619,0.97609375,1
direct_code_gen,o1,620,0.97609375,1
direct_code_gen,o1,621,0.97046875,1
direct_code_gen,o1,622,0.9775,1
direct_code_gen,o1,623,0.97890625,1
direct_code_gen,o1,624,0.97609375,1
direct_code_gen,o1,625,0.971875,1
direct_code_gen,o1,626,0.97890625,1
direct_code_gen,o1,627,0.9775,1
direct_code_gen,o1,628,0.97609375,1
direct_code_gen,o1,629,0.97609375,1
direct_code_gen,o1,630,0.96765625,1
direct_code_gen,o1,631,0.98171875,1
direct_code_gen,o1,632,0.97046875,1
direct_code_gen,o1,633,0.97328125,1
direct_code_gen,o1,634,0.971875,1
direct_code_gen,o1,635,0.983125,1
direct_code_gen,o1,636,0.97046875,1
direct_code_gen,o1,637,0.97046875,1
direct_code_gen,o1,638,0.97890625,1
direct_code_gen,o1,639,0.97328125,1
direct_code_gen,o1,640,0.97609375,1
direct_code_gen,o1,641,0.9634375,1
direct_code_gen,o1,642,0.9746875,1
direct_code_gen,o1,643,0.9775,1
direct_code_gen,o1,644,0.9803125,1
direct_code_gen,o1,645,0.9775,1
direct_code_gen,o1,646,0.9775,1
direct_code_gen,o1,647,0.97046875,1
direct_code_gen,o1,648,0.96625,1
direct_code_gen,o1,649,0.971875,1
direct_code_gen,o1,650,0.97328125,1
direct_code_gen,o1,651,0.98734375,1
direct_code_gen,o1,652,0.97328125,1
direct_code_gen,o1,653,0.97609375,1
direct_code_gen,o1,654,0.97890625,1
direct_code_gen,o1,655,0.97328125,1
direct_code_gen,o1,656,0.97328125,1
direct_code_gen,o1,657,0.971875,1
direct_code_gen,o1,658,0.97609375,1
direct_code_gen,o1,659,0.97890625,1
direct_code_gen,o1,660,0.97609375,1
direct_code_gen,o1,661,0.97328125,1
direct_code_gen,o1,662,0.97890625,1
direct_code_gen,o1,663,0.97890625,1
direct_code_gen,o1,664,0.96625,1
direct_code_gen,o1,665,0.97046875,1
direct_code_gen,o1,666,0.9803125,1
direct_code_gen,o1,667,0.98453125,1
direct_code_gen,o1,668,0.97328125,1
direct_code_gen,o1,669,0.97890625,1
direct_code_gen,o1,670,0.9859375,1
direct_code_gen,o1,671,0.9803125,1
direct_code_gen,o1,672,0.98453125,1
direct_code_gen,o1,673,0.98171875,1
direct_code_gen,o1,674,0.9775,1
direct_code_gen,o1,675,0.96625,1
direct_code_gen,o1,676,0.98171875,1
direct_code_gen,o1,677,0.9775,1
direct_code_gen,o1,678,0.9775,1
direct_code_gen,o1,679,0.97609375,1
direct_code_gen,o1,680,0.96765625,1
direct_code_gen,o1,681,0.97609375,1
direct_code_gen,o1,682,0.97328125,1
direct_code_gen,o1,683,0.971875,1
direct_code_gen,o1,684,0.971875,1
direct_code_gen,o1,685,0.96765625,1
direct_code_gen,o1,686,0.96625,1
direct_code_gen,o1,687,0.9803125,1
direct_code_gen,o1,688,0.97328125,1
direct_code_gen,o1,689,0.97890625,1
direct_code_gen,o1,690,0.95921875,1
direct_code_gen,o1,691,0.9746875,1
direct_code_gen,o1,692,0.971875,1
direct_code_gen,o1,693,0.97890625,1
direct_code_gen,o1,694,0.9690625,1
direct_code_gen,o1,695,0.9775,1
direct_code_gen,o1,696,0.9746875,1
direct_code_gen,o1,697,0.98171875,1
direct_code_gen,o1,698,0.97046875,1
direct_code_gen,o1,699,0.9690625,1
direct_code_gen,o1,700,0.971875,1
direct_code_gen,o1,701,0.97609375,1
direct_code_gen,o1,702,0.9775,1
direct_code_gen,o1,703,0.9746875,1
direct_code_gen,o1,704,0.96625,1
direct_code_gen,o1,705,0.97609375,1
direct_code_gen,o1,706,0.97890625,1
direct_code_gen,o1,707,0.97890625,1
direct_code_gen,o1,708,0.97890625,1
direct_code_gen,o1,709,0.9775,1
direct_code_gen,o1,710,0.9746875,1
direct_code_gen,o1,711,0.97046875,1
direct_code_gen,o1,712,0.9746875,1
direct_code_gen,o1,713,0.97046875,1
direct_code_gen,o1,714,0.9746875,1
direct_code_gen,o1,715,0.97609375,1
direct_code_gen,o1,716,0.97046875,1
direct_code_gen,o1,717,0.9803125,1
direct_code_gen,o1,718,0.9775,1
direct_code_gen,o1,719,0.9803125,1
direct_code_gen,o1,720,0.9775,1
direct_code_gen,o1,721,0.9775,1
direct_code_gen,o1,722,0.97046875,1
direct_code_gen,o1,723,0.96765625,1
direct_code_gen,o1,724,0.9803125,1
direct_code_gen,o1,725,0.9775,1
direct_code_gen,o1,726,0.9775,1
direct_code_gen,o1,727,0.9803125,1
direct_code_gen,o1,728,0.96765625,1
direct_code_gen,o1,729,0.97609375,1
direct_code_gen,o1,730,0.9746875,1
direct_code_gen,o1,731,0.9775,1
direct_code_gen,o1,732,0.97046875,1
direct_code_gen,o1,733,0.9803125,1
direct_code_gen,o1,734,0.97328125,1
direct_code_gen,o1,735,0.96765625,1
direct_code_gen,o1,736,0.9746875,1
direct_code_gen,o1,737,0.9746875,1
direct_code_gen,o1,738,0.983125,1
direct_code_gen,o1,739,0.9746875,1
direct_code_gen,o1,740,0.97609375,1
direct_code_gen,o1,741,0.97328125,1
direct_code_gen,o1,742,0.9746875,1
direct_code_gen,o1,743,0.97328125,1
direct_code_gen,o1,744,0.9690625,1
direct_code_gen,o1,745,0.96625,1
direct_code_gen,o1,746,0.9803125,1
direct_code_gen,o1,747,0.97046875,1
direct_code_gen,o1,748,0.971875,1
direct_code_gen,o1,749,0.9775,1
direct_code_gen,o1,750,0.9746875,1
direct_code_gen,o1,751,0.971875,1
direct_code_gen,o1,752,0.9803125,1
direct_code_gen,o1,753,0.96625,1
direct_code_gen,o1,754,0.97328125,1
direct_code_gen,o1,755,0.971875,1
direct_code_gen,o1,756,0.97609375,1
direct_code_gen,o1,757,0.97890625,1
direct_code_gen,o1,758,0.97890625,1
direct_code_gen,o1,759,0.97609375,1
direct_code_gen,o1,760,0.9690625,1
direct_code_gen,o1,761,0.97609375,1
direct_code_gen,o1,762,0.9746875,1
direct_code_gen,o1,763,0.9746875,1
direct_code_gen,o1,764,0.97609375,1
direct_code_gen,o1,765,0.9775,1
direct_code_gen,o1,766,0.97609375,1
direct_code_gen,o1,767,0.971875,1
direct_code_gen,o1,768,0.9746875,1
direct_code_gen,o1,769,0.97046875,1
direct_code_gen,o1,770,0.9746875,1
direct_code_gen,o1,771,0.98171875,1
direct_code_gen,o1,772,0.971875,1
direct_code_gen,o1,773,0.97609375,1
direct_code_gen,o1,774,0.9803125,1
direct_code_gen,o1,775,0.9746875,1
direct_code_gen,o1,776,0.9746875,1
direct_code_gen,o1,777,0.97890625,1
direct_code_gen,o1,778,0.9775,1
direct_code_gen,o1,779,0.9690625,1
direct_code_gen,o1,780,0.9746875,1
direct_code_gen,o1,781,0.97609375,1
direct_code_gen,o1,782,0.97609375,1
direct_code_gen,o1,783,0.971875,1
direct_code_gen,o1,784,0.971875,1
direct_code_gen,o1,785,0.97609375,1
direct_code_gen,o1,786,0.9746875,1
direct_code_gen,o1,787,0.9746875,1
direct_code_gen,o1,788,0.9690625,1
direct_code_gen,o1,789,0.97328125,1
direct_code_gen,o1,790,0.971875,1
direct_code_gen,o1,791,0.9746875,1
direct_code_gen,o1,792,0.983125,1
direct_code_gen,o1,793,0.971875,1
direct_code_gen,o1,794,0.97609375,1
direct_code_gen,o1,795,0.96765625,1
direct_code_gen,o1,796,0.97046875,1
direct_code_gen,o1,797,0.97328125,1
direct_code_gen,o1,798,0.97890625,1
direct_code_gen,o1,799,0.971875,1
direct_code_gen,o1,800,0.97890625,1
direct_code_gen,o1,801,0.9634375,1
direct_code_gen,o1,802,0.9775,1
direct_code_gen,o1,803,0.97890625,1
direct_code_gen,o1,804,0.97328125,1
direct_code_gen,o1,805,0.9746875,1
direct_code_gen,o1,806,0.97328125,1
direct_code_gen,o1,807,0.97890625,1
direct_code_gen,o1,808,0.97890625,1
direct_code_gen,o1,809,0.9690625,1
direct_code_gen,o1,810,0.971875,1
direct_code_gen,o1,811,0.971875,1
direct_code_gen,o1,812,0.97890625,1
direct_code_gen,o1,813,0.9746875,1
direct_code_gen,o1,814,0.9746875,1
direct_code_gen,o1,815,0.9775,1
direct_code_gen,o1,816,0.971875,1
direct_code_gen,o1,817,0.983125,1
direct_code_gen,o1,818,0.971875,1
direct_code_gen,o1,819,0.9746875,1
direct_code_gen,o1,820,0.98453125,1
direct_code_gen,o1,821,0.97328125,1
direct_code_gen,o1,822,0.983125,1
direct_code_gen,o1,823,0.9746875,1
direct_code_gen,o1,824,0.96765625,1
direct_code_gen,o1,825,0.97328125,1
direct_code_gen,o1,826,0.97328125,1
direct_code_gen,o1,827,0.971875,1
direct_code_gen,o1,828,0.97046875,1
direct_code_gen,o1,829,0.98171875,1
direct_code_gen,o1,830,0.9803125,1
direct_code_gen,o1,831,0.9746875,1
direct_code_gen,o1,832,0.9803125,1
direct_code_gen,o1,833,0.9775,1
direct_code_gen,o1,834,0.97046875,1
direct_code_gen,o1,835,0.9775,1
direct_code_gen,o1,836,0.97328125,1
direct_code_gen,o1,837,0.97328125,1
direct_code_gen,o1,838,0.9775,1
direct_code_gen,o1,839,0.98171875,1
direct_code_gen,o1,840,0.9746875,1
direct_code_gen,o1,841,0.98171875,1
direct_code_gen,o1,842,0.9746875,1
direct_code_gen,o1,843,0.9690625,1
direct_code_gen,o1,844,0.9690625,1
direct_code_gen,o1,845,0.97609375,1
direct_code_gen,o1,846,0.9775,1
direct_code_gen,o1,847,0.97890625,1
direct_code_gen,o1,848,0.9690625,1
direct_code_gen,o1,849,0.96484375,1
direct_code_gen,o1,850,0.97890625,1
direct_code_gen,o1,851,0.9775,1
direct_code_gen,o1,852,0.9775,1
direct_code_gen,o1,853,0.9803125,1
direct_code_gen,o1,854,0.97046875,1
direct_code_gen,o1,855,0.97890625,1
direct_code_gen,o1,856,0.9803125,1
direct_code_gen,o1,857,0.971875,1
direct_code_gen,o1,858,0.9775,1
direct_code_gen,o1,859,0.97046875,1
direct_code_gen,o1,860,0.98453125,1
direct_code_gen,o1,861,0.98171875,1
direct_code_gen,o1,862,0.97328125,1
direct_code_gen,o1,863,0.9803125,1
direct_code_gen,o1,864,0.97609375,1
direct_code_gen,o1,865,0.96765625,1
direct_code_gen,o1,866,0.9746875,1
direct_code_gen,o1,867,0.9775,1
direct_code_gen,o1,868,0.97609375,1
direct_code_gen,o1,869,0.97609375,1
direct_code_gen,o1,870,0.9746875,1
direct_code_gen,o1,871,0.9803125,1
direct_code_gen,o1,872,0.96765625,1
direct_code_gen,o1,873,0.971875,1
direct_code_gen,o1,874,0.9775,1
direct_code_gen,o1,875,0.9690625,1
direct_code_gen,o1,876,0.96765625,1
direct_code_gen,o1,877,0.97890625,1
direct_code_gen,o1,878,0.97328125,1
direct_code_gen,o1,879,0.9775,1
direct_code_gen,o1,880,0.9746875,1
direct_code_gen,o1,881,0.97890625,1
direct_code_gen,o1,882,0.9803125,1
direct_code_gen,o1,883,0.98453125,1
direct_code_gen,o1,884,0.97609375,1
direct_code_gen,o1,885,0.96484375,1
direct_code_gen,o1,886,0.971875,1
direct_code_gen,o1,887,0.9746875,1
direct_code_gen,o1,888,0.98171875,1
direct_code_gen,o1,889,0.9690625,1
direct_code_gen,o1,890,0.97328125,1
direct_code_gen,o1,891,0.97609375,1
direct_code_gen,o1,892,0.96765625,1
direct_code_gen,o1,893,0.971875,1
direct_code_gen,o1,894,0.97328125,1
direct_code_gen,o1,895,0.98171875,1
direct_code_gen,o1,896,0.9775,1
direct_code_gen,o1,897,0.97890625,1
direct_code_gen,o1,898,0.97609375,1
direct_code_gen,o1,899,0.9746875,1
direct_code_gen,o1,900,0.97890625,1
direct_code_gen,o1,901,0.97046875,1
direct_code_gen,o1,902,0.9746875,1
direct_code_gen,o1,903,0.9746875,1
direct_code_gen,o1,904,0.9775,1
direct_code_gen,o1,905,0.97890625,1
direct_code_gen,o1,906,0.96765625,1
direct_code_gen,o1,907,0.97046875,1
direct_code_gen,o1,908,0.97609375,1
direct_code_gen,o1,909,0.971875,1
direct_code_gen,o1,910,0.97890625,1
direct_code_gen,o1,911,0.9746875,1
direct_code_gen,o1,912,0.97890625,1
direct_code_gen,o1,913,0.9690625,1
direct_code_gen,o1,914,0.9690625,1
direct_code_gen,o1,915,0.98734375,1
direct_code_gen,o1,916,0.96203125,1
direct_code_gen,o1,917,0.971875,1
direct_code_gen,o1,918,0.9746875,1
direct_code_gen,o1,919,0.971875,1
direct_code_gen,o1,920,0.97046875,1
direct_code_gen,o1,921,0.971875,1
direct_code_gen,o1,922,0.97328125,1
direct_code_gen,o1,923,0.9746875,1
direct_code_gen,o1,924,0.9775,1
direct_code_gen,o1,925,0.9690625,1
direct_code_gen,o1,926,0.96765625,1
direct_code_gen,o1,927,0.98171875,1
direct_code_gen,o1,928,0.97609375,1
direct_code_gen,o1,929,0.971875,1
direct_code_gen,o1,930,0.9775,1
direct_code_gen,o1,931,0.97609375,1
direct_code_gen,o1,932,0.97890625,1
direct_code_gen,o1,933,0.9803125,1
direct_code_gen,o1,934,0.97046875,1
direct_code_gen,o1,935,0.97890625,1
direct_code_gen,o1,936,0.97328125,1
direct_code_gen,o1,937,0.9746875,1
direct_code_gen,o1,938,0.97328125,1
direct_code_gen,o1,939,0.9803125,1
direct_code_gen,o1,940,0.97609375,1
direct_code_gen,o1,941,0.98171875,1
direct_code_gen,o1,942,0.9803125,1
direct_code_gen,o1,943,0.97890625,1
direct_code_gen,o1,944,0.97046875,1
direct_code_gen,o1,945,0.9803125,1
direct_code_gen,o1,946,0.96625,1
direct_code_gen,o1,947,0.9775,1
direct_code_gen,o1,948,0.96765625,1
direct_code_gen,o1,949,0.97609375,1
direct_code_gen,o1,950,0.9803125,1
direct_code_gen,o1,951,0.97890625,1
direct_code_gen,o1,952,0.97046875,1
direct_code_gen,o1,953,0.97609375,1
direct_code_gen,o1,954,0.9803125,1
direct_code_gen,o1,955,0.97328125,1
direct_code_gen,o1,956,0.96625,1
direct_code_gen,o1,957,0.98453125,1
direct_code_gen,o1,958,0.97609375,1
direct_code_gen,o1,959,0.96765625,1
direct_code_gen,o1,960,0.9775,1
direct_code_gen,o1,961,0.9746875,1
direct_code_gen,o1,962,0.971875,1
direct_code_gen,o1,963,0.97609375,1
direct_code_gen,o1,964,0.983125,1
direct_code_gen,o1,965,0.96765625,1
direct_code_gen,o1,966,0.971875,1
direct_code_gen,o1,967,0.97328125,1
direct_code_gen,o1,968,0.971875,1
direct_code_gen,o1,969,0.971875,1
direct_code_gen,o1,970,0.971875,1
direct_code_gen,o1,971,0.9634375,1
direct_code_gen,o1,972,0.97890625,1
direct_code_gen,o1,973,0.971875,1
direct_code_gen,o1,974,0.9775,1
direct_code_gen,o1,975,0.9690625,1
direct_code_gen,o1,976,0.9775,1
direct_code_gen,o1,977,0.9775,1
direct_code_gen,o1,978,0.983125,1
direct_code_gen,o1,979,0.9746875,1
direct_code_gen,o1,980,0.9803125,1
direct_code_gen,o1,981,0.95921875,1
direct_code_gen,o1,982,0.9690625,1
direct_code_gen,o1,983,0.97328125,1
direct_code_gen,o1,984,0.97890625,1
direct_code_gen,o1,985,0.9746875,1
direct_code_gen,o1,986,0.97890625,1
direct_code_gen,o1,987,0.9634375,1
direct_code_gen,o1,988,0.97609375,1
direct_code_gen,o1,989,0.96625,1
direct_code_gen,o1,990,0.97609375,1
direct_code_gen,o1,991,0.97328125,1
direct_code_gen,o1,992,0.96625,1
direct_code_gen,o1,993,0.97609375,1
direct_code_gen,o1,994,0.9803125,1
direct_code_gen,o1,995,0.9775,1
direct_code_gen,o1,996,0.97890625,1
direct_code_gen,o1,997,0.9746875,1
direct_code_gen,o1,998,0.97046875,1
direct_code_gen,o1,999,0.97328125,1
direct_code_gen,gemini_25_pro,0,0.97609375,1
direct_code_gen,gemini_25_pro,1,0.0,0
direct_code_gen,gemini_25_pro,2,0.971875,1
direct_code_gen,gemini_25_pro,3,0.9746875,1
direct_code_gen,gemini_25_pro,4,0.0,0
direct_code_gen,gemini_25_pro,5,0.97609375,1
direct_code_gen,gemini_25_pro,6,0.97046875,1
direct_code_gen,gemini_25_pro,7,0.971875,1
direct_code_gen,gemini_25_pro,8,0.96625,1
direct_code_gen,gemini_25_pro,9,0.9803125,1
direct_code_gen,gemini_25_pro,10,0.0,0
direct_code_gen,gemini_25_pro,11,0.0,0
direct_code_gen,gemini_25_pro,12,0.97890625,1
direct_code_gen,gemini_25_pro,13,0.9634375,1
direct_code_gen,gemini_25_pro,14,0.0,0
direct_code_gen,gemini_25_pro,15,0.971875,1
direct_code_gen,gemini_25_pro,16,0.96625,1
direct_code_gen,gemini_25_pro,17,0.9634375,1
direct_code_gen,gemini_25_pro,18,0.96765625,1
direct_code_gen,gemini_25_pro,19,0.0,0
direct_code_gen,gemini_25_pro,20,0.97609375,1
direct_code_gen,gemini_25_pro,21,0.0,0
direct_code_gen,gemini_25_pro,22,0.97328125,1
direct_code_gen,gemini_25_pro,23,0.97328125,1
direct_code_gen,gemini_25_pro,24,0.960625,1
direct_code_gen,gemini_25_pro,25,0.97890625,1
direct_code_gen,gemini_25_pro,26,0.97328125,1
direct_code_gen,gemini_25_pro,27,0.0,0
direct_code_gen,gemini_25_pro,28,0.9803125,1
direct_code_gen,gemini_25_pro,29,0.9746875,1
direct_code_gen,gemini_25_pro,30,0.0,0
direct_code_gen,gemini_25_pro,31,0.0,0
direct_code_gen,gemini_25_pro,32,0.97046875,1
direct_code_gen,gemini_25_pro,33,0.9690625,1
direct_code_gen,gemini_25_pro,34,0.97328125,1
direct_code_gen,gemini_25_pro,35,0.0,0
direct_code_gen,gemini_25_pro,36,0.971875,1
direct_code_gen,gemini_25_pro,37,0.0,0
direct_code_gen,gemini_25_pro,38,0.0,0
direct_code_gen,gemini_25_pro,39,0.971875,1
direct_code_gen,gemini_25_pro,40,0.97046875,1
direct_code_gen,gemini_25_pro,41,0.96203125,1
direct_code_gen,gemini_25_pro,42,0.971875,1
direct_code_gen,gemini_25_pro,43,0.0,0
direct_code_gen,gemini_25_pro,44,0.96625,1
direct_code_gen,gemini_25_pro,45,0.9746875,1
direct_code_gen,gemini_25_pro,46,0.97046875,1
direct_code_gen,gemini_25_pro,47,0.0,0
direct_code_gen,gemini_25_pro,48,0.0,0
direct_code_gen,gemini_25_pro,49,0.0,0
direct_code_gen,gemini_25_pro,50,0.971875,1
direct_code_gen,gemini_25_pro,51,0.971875,1
direct_code_gen,gemini_25_pro,52,0.971875,1
direct_code_gen,gemini_25_pro,53,0.96484375,1
direct_code_gen,gemini_25_pro,54,0.983125,1
direct_code_gen,gemini_25_pro,55,0.96765625,1
direct_code_gen,gemini_25_pro,56,0.9746875,1
direct_code_gen,gemini_25_pro,57,0.0,0
direct_code_gen,gemini_25_pro,58,0.96765625,1
direct_code_gen,gemini_25_pro,59,0.96765625,1
direct_code_gen,gemini_25_pro,60,0.0,0
direct_code_gen,gemini_25_pro,61,0.97328125,1
direct_code_gen,gemini_25_pro,62,0.971875,1
direct_code_gen,gemini_25_pro,63,0.0,0
direct_code_gen,gemini_25_pro,64,0.96625,1
direct_code_gen,gemini_25_pro,65,0.0,0
direct_code_gen,gemini_25_pro,66,0.97609375,1
direct_code_gen,gemini_25_pro,67,0.97328125,1
direct_code_gen,gemini_25_pro,68,0.97328125,1
direct_code_gen,gemini_25_pro,69,0.0,0
direct_code_gen,gemini_25_pro,70,0.96625,1
direct_code_gen,gemini_25_pro,71,0.97328125,1
direct_code_gen,gemini_25_pro,72,0.97328125,1
direct_code_gen,gemini_25_pro,73,0.96625,1
direct_code_gen,gemini_25_pro,74,0.9803125,1
direct_code_gen,gemini_25_pro,75,0.97046875,1
direct_code_gen,gemini_25_pro,76,0.0,0
direct_code_gen,gemini_25_pro,77,0.97328125,1
direct_code_gen,gemini_25_pro,78,0.9690625,1
direct_code_gen,gemini_25_pro,79,0.9803125,1
direct_code_gen,gemini_25_pro,80,0.96625,1
direct_code_gen,gemini_25_pro,81,0.0,0
direct_code_gen,gemini_25_pro,82,0.0,0
direct_code_gen,gemini_25_pro,83,0.9746875,1
direct_code_gen,gemini_25_pro,84,0.97890625,1
direct_code_gen,gemini_25_pro,85,0.0,0
direct_code_gen,gemini_25_pro,86,0.96484375,1
direct_code_gen,gemini_25_pro,87,0.0,0
direct_code_gen,gemini_25_pro,88,0.9690625,1
direct_code_gen,gemini_25_pro,89,0.9746875,1
direct_code_gen,gemini_25_pro,90,0.971875,1
direct_code_gen,gemini_25_pro,91,0.96484375,1
direct_code_gen,gemini_25_pro,92,0.96625,1
direct_code_gen,gemini_25_pro,93,0.96625,1
direct_code_gen,gemini_25_pro,94,0.0,0
direct_code_gen,gemini_25_pro,95,0.0,0
direct_code_gen,gemini_25_pro,96,0.9746875,1
direct_code_gen,gemini_25_pro,97,0.0,0
direct_code_gen,gemini_25_pro,98,0.97046875,1
direct_code_gen,gemini_25_pro,99,0.97046875,1
direct_code_gen,gemini_25_pro,100,0.97328125,1
direct_code_gen,gemini_25_pro,101,0.96484375,1
direct_code_gen,gemini_25_pro,102,0.9690625,1
direct_code_gen,gemini_25_pro,103,0.97046875,1
direct_code_gen,gemini_25_pro,104,0.0,0
direct_code_gen,gemini_25_pro,105,0.9690625,1
direct_code_gen,gemini_25_pro,106,0.97328125,1
direct_code_gen,gemini_25_pro,107,0.0,0
direct_code_gen,gemini_25_pro,108,0.0,0
direct_code_gen,gemini_25_pro,109,0.9775,1
direct_code_gen,gemini_25_pro,110,0.97046875,1
direct_code_gen,gemini_25_pro,111,0.0,0
direct_code_gen,gemini_25_pro,112,0.0,0
direct_code_gen,gemini_25_pro,113,0.96765625,1
direct_code_gen,gemini_25_pro,114,0.9803125,1
direct_code_gen,gemini_25_pro,115,0.9803125,1
direct_code_gen,gemini_25_pro,116,0.0,0
direct_code_gen,gemini_25_pro,117,0.96625,1
direct_code_gen,gemini_25_pro,118,0.97328125,1
direct_code_gen,gemini_25_pro,119,0.0,0
direct_code_gen,gemini_25_pro,120,0.971875,1
direct_code_gen,gemini_25_pro,121,0.0,0
direct_code_gen,gemini_25_pro,122,0.9690625,1
direct_code_gen,gemini_25_pro,123,0.0,0
direct_code_gen,gemini_25_pro,124,0.96765625,1
direct_code_gen,gemini_25_pro,125,0.97328125,1
direct_code_gen,gemini_25_pro,126,0.0,0
direct_code_gen,gemini_25_pro,127,0.971875,1
direct_code_gen,gemini_25_pro,128,0.97046875,1
direct_code_gen,gemini_25_pro,129,0.97328125,1
direct_code_gen,gemini_25_pro,130,0.9775,1
direct_code_gen,gemini_25_pro,131,0.971875,1
direct_code_gen,gemini_25_pro,132,0.9775,1
direct_code_gen,gemini_25_pro,133,0.97890625,1
direct_code_gen,gemini_25_pro,134,0.0,0
direct_code_gen,gemini_25_pro,135,0.0,0
direct_code_gen,gemini_25_pro,136,0.96625,1
direct_code_gen,gemini_25_pro,137,0.97328125,1
direct_code_gen,gemini_25_pro,138,0.97328125,1
direct_code_gen,gemini_25_pro,139,0.9746875,1
direct_code_gen,gemini_25_pro,140,0.9746875,1
direct_code_gen,gemini_25_pro,141,0.9803125,1
direct_code_gen,gemini_25_pro,142,0.0,0
direct_code_gen,gemini_25_pro,143,0.97046875,1
direct_code_gen,gemini_25_pro,144,0.97046875,1
direct_code_gen,gemini_25_pro,145,0.9775,1
direct_code_gen,gemini_25_pro,146,0.97046875,1
direct_code_gen,gemini_25_pro,147,0.0,0
direct_code_gen,gemini_25_pro,148,0.97609375,1
direct_code_gen,gemini_25_pro,149,0.9634375,1
direct_code_gen,gemini_25_pro,150,0.96625,1
direct_code_gen,gemini_25_pro,151,0.97609375,1
direct_code_gen,gemini_25_pro,152,0.96484375,1
direct_code_gen,gemini_25_pro,153,0.0,0
direct_code_gen,gemini_25_pro,154,0.9803125,1
direct_code_gen,gemini_25_pro,155,0.97328125,1
direct_code_gen,gemini_25_pro,156,0.9803125,1
direct_code_gen,gemini_25_pro,157,0.971875,1
direct_code_gen,gemini_25_pro,158,0.971875,1
direct_code_gen,gemini_25_pro,159,0.96625,1
direct_code_gen,gemini_25_pro,160,0.97046875,1
direct_code_gen,gemini_25_pro,161,0.96765625,1
direct_code_gen,gemini_25_pro,162,0.9690625,1
direct_code_gen,gemini_25_pro,163,0.96625,1
direct_code_gen,gemini_25_pro,164,0.0,0
direct_code_gen,gemini_25_pro,165,0.97046875,1
direct_code_gen,gemini_25_pro,166,0.0,0
direct_code_gen,gemini_25_pro,167,0.9634375,1
direct_code_gen,gemini_25_pro,168,0.9775,1
direct_code_gen,gemini_25_pro,169,0.971875,1
direct_code_gen,gemini_25_pro,170,0.0,0
direct_code_gen,gemini_25_pro,171,0.97890625,1
direct_code_gen,gemini_25_pro,172,0.9803125,1
direct_code_gen,gemini_25_pro,173,0.98171875,1
direct_code_gen,gemini_25_pro,174,0.9775,1
direct_code_gen,gemini_25_pro,175,0.96625,1
direct_code_gen,gemini_25_pro,176,0.0,0
direct_code_gen,gemini_25_pro,177,0.97328125,1
direct_code_gen,gemini_25_pro,178,0.0,0
direct_code_gen,gemini_25_pro,179,0.97328125,1
direct_code_gen,gemini_25_pro,180,0.0,0
direct_code_gen,gemini_25_pro,181,0.96765625,1
direct_code_gen,gemini_25_pro,182,0.9690625,1
direct_code_gen,gemini_25_pro,183,0.97328125,1
direct_code_gen,gemini_25_pro,184,0.97046875,1
direct_code_gen,gemini_25_pro,185,0.971875,1
direct_code_gen,gemini_25_pro,186,0.9803125,1
direct_code_gen,gemini_25_pro,187,0.97328125,1
direct_code_gen,gemini_25_pro,188,0.9746875,1
direct_code_gen,gemini_25_pro,189,0.96625,1
direct_code_gen,gemini_25_pro,190,0.97328125,1
direct_code_gen,gemini_25_pro,191,0.0,0
direct_code_gen,gemini_25_pro,192,0.97890625,1
direct_code_gen,gemini_25_pro,193,0.96625,1
direct_code_gen,gemini_25_pro,194,0.96765625,1
direct_code_gen,gemini_25_pro,195,0.9746875,1
direct_code_gen,gemini_25_pro,196,0.0,0
direct_code_gen,gemini_25_pro,197,0.971875,1
direct_code_gen,gemini_25_pro,198,0.96625,1
direct_code_gen,gemini_25_pro,199,0.97328125,1
direct_code_gen,gemini_25_pro,200,0.97890625,1
direct_code_gen,gemini_25_pro,201,0.9775,1
direct_code_gen,gemini_25_pro,202,0.0,0
direct_code_gen,gemini_25_pro,203,0.97046875,1
direct_code_gen,gemini_25_pro,204,0.97046875,1
direct_code_gen,gemini_25_pro,205,0.96625,1
direct_code_gen,gemini_25_pro,206,0.96625,1
direct_code_gen,gemini_25_pro,207,0.0,0
direct_code_gen,gemini_25_pro,208,0.97890625,1
direct_code_gen,gemini_25_pro,209,0.9690625,1
direct_code_gen,gemini_25_pro,210,0.9746875,1
direct_code_gen,gemini_25_pro,211,0.97328125,1
direct_code_gen,gemini_25_pro,212,0.0,0
direct_code_gen,gemini_25_pro,213,0.97046875,1
direct_code_gen,gemini_25_pro,214,0.0,0
direct_code_gen,gemini_25_pro,215,0.9746875,1
direct_code_gen,gemini_25_pro,216,0.9690625,1
direct_code_gen,gemini_25_pro,217,0.96765625,1
direct_code_gen,gemini_25_pro,218,0.96625,1
direct_code_gen,gemini_25_pro,219,0.0,0
direct_code_gen,gemini_25_pro,220,0.96203125,1
direct_code_gen,gemini_25_pro,221,0.9775,1
direct_code_gen,gemini_25_pro,222,0.9634375,1
direct_code_gen,gemini_25_pro,223,0.0,0
direct_code_gen,gemini_25_pro,224,0.9775,1
direct_code_gen,gemini_25_pro,225,0.97046875,1
direct_code_gen,gemini_25_pro,226,0.971875,1
direct_code_gen,gemini_25_pro,227,0.97046875,1
direct_code_gen,gemini_25_pro,228,0.96625,1
direct_code_gen,gemini_25_pro,229,0.97046875,1
direct_code_gen,gemini_25_pro,230,0.97328125,1
direct_code_gen,gemini_25_pro,231,0.96765625,1
direct_code_gen,gemini_25_pro,232,0.97046875,1
direct_code_gen,gemini_25_pro,233,0.971875,1
direct_code_gen,gemini_25_pro,234,0.971875,1
direct_code_gen,gemini_25_pro,235,0.96625,1
direct_code_gen,gemini_25_pro,236,0.971875,1
direct_code_gen,gemini_25_pro,237,0.9775,1
direct_code_gen,gemini_25_pro,238,0.97046875,1
direct_code_gen,gemini_25_pro,239,0.97046875,1
direct_code_gen,gemini_25_pro,240,0.97046875,1
direct_code_gen,gemini_25_pro,241,0.97328125,1
direct_code_gen,gemini_25_pro,242,0.97046875,1
direct_code_gen,gemini_25_pro,243,0.97328125,1
direct_code_gen,gemini_25_pro,244,0.9690625,1
direct_code_gen,gemini_25_pro,245,0.97046875,1
direct_code_gen,gemini_25_pro,246,0.96765625,1
direct_code_gen,gemini_25_pro,247,0.97328125,1
direct_code_gen,gemini_25_pro,248,0.96765625,1
direct_code_gen,gemini_25_pro,249,0.96484375,1
direct_code_gen,gemini_25_pro,250,0.97890625,1
direct_code_gen,gemini_25_pro,251,0.0,0
direct_code_gen,gemini_25_pro,252,0.97046875,1
direct_code_gen,gemini_25_pro,253,0.97328125,1
direct_code_gen,gemini_25_pro,254,0.960625,1
direct_code_gen,gemini_25_pro,255,0.0,0
direct_code_gen,gemini_25_pro,256,0.96765625,1
direct_code_gen,gemini_25_pro,257,0.983125,1
direct_code_gen,gemini_25_pro,258,0.97328125,1
direct_code_gen,gemini_25_pro,259,0.97890625,1
direct_code_gen,gemini_25_pro,260,0.9634375,1
direct_code_gen,gemini_25_pro,261,0.0,0
direct_code_gen,gemini_25_pro,262,0.9690625,1
direct_code_gen,gemini_25_pro,263,0.97609375,1
direct_code_gen,gemini_25_pro,264,0.0,0
direct_code_gen,gemini_25_pro,265,0.96484375,1
direct_code_gen,gemini_25_pro,266,0.97046875,1
direct_code_gen,gemini_25_pro,267,0.96765625,1
direct_code_gen,gemini_25_pro,268,0.97328125,1
direct_code_gen,gemini_25_pro,269,0.96484375,1
direct_code_gen,gemini_25_pro,270,0.97046875,1
direct_code_gen,gemini_25_pro,271,0.9746875,1
direct_code_gen,gemini_25_pro,272,0.0,0
direct_code_gen,gemini_25_pro,273,0.0,0
direct_code_gen,gemini_25_pro,274,0.0,0
direct_code_gen,gemini_25_pro,275,0.0,0
direct_code_gen,gemini_25_pro,276,0.97890625,1
direct_code_gen,gemini_25_pro,277,0.0,0
direct_code_gen,gemini_25_pro,278,0.983125,1
direct_code_gen,gemini_25_pro,279,0.97046875,1
direct_code_gen,gemini_25_pro,280,0.9746875,1
direct_code_gen,gemini_25_pro,281,0.97328125,1
direct_code_gen,gemini_25_pro,282,0.97046875,1
direct_code_gen,gemini_25_pro,283,0.97046875,1
direct_code_gen,gemini_25_pro,284,0.0,0
direct_code_gen,gemini_25_pro,285,0.97046875,1
direct_code_gen,gemini_25_pro,286,0.971875,1
direct_code_gen,gemini_25_pro,287,0.971875,1
direct_code_gen,gemini_25_pro,288,0.971875,1
direct_code_gen,gemini_25_pro,289,0.9690625,1
direct_code_gen,gemini_25_pro,290,0.97046875,1
direct_code_gen,gemini_25_pro,291,0.97890625,1
direct_code_gen,gemini_25_pro,292,0.97046875,1
direct_code_gen,gemini_25_pro,293,0.0,0
direct_code_gen,gemini_25_pro,294,0.0,0
direct_code_gen,gemini_25_pro,295,0.97609375,1
direct_code_gen,gemini_25_pro,296,0.0,0
direct_code_gen,gemini_25_pro,297,0.97890625,1
direct_code_gen,gemini_25_pro,298,0.96625,1
direct_code_gen,gemini_25_pro,299,0.9746875,1
direct_code_gen,gemini_25_pro,300,0.0,0
direct_code_gen,gemini_25_pro,301,0.0,0
direct_code_gen,gemini_25_pro,302,0.971875,1
direct_code_gen,gemini_25_pro,303,0.9775,1
direct_code_gen,gemini_25_pro,304,0.9690625,1
direct_code_gen,gemini_25_pro,305,0.96625,1
direct_code_gen,gemini_25_pro,306,0.98171875,1
direct_code_gen,gemini_25_pro,307,0.97046875,1
direct_code_gen,gemini_25_pro,308,0.0,0
direct_code_gen,gemini_25_pro,309,0.9690625,1
direct_code_gen,gemini_25_pro,310,0.0,0
direct_code_gen,gemini_25_pro,311,0.9578125,1
direct_code_gen,gemini_25_pro,312,0.0,0
direct_code_gen,gemini_25_pro,313,0.96625,1
direct_code_gen,gemini_25_pro,314,0.9746875,1
direct_code_gen,gemini_25_pro,315,0.97046875,1
direct_code_gen,gemini_25_pro,316,0.97328125,1
direct_code_gen,gemini_25_pro,317,0.0,0
direct_code_gen,gemini_25_pro,318,0.0,0
direct_code_gen,gemini_25_pro,319,0.96484375,1
direct_code_gen,gemini_25_pro,320,0.0,0
direct_code_gen,gemini_25_pro,321,0.9690625,1
direct_code_gen,gemini_25_pro,322,0.0,0
direct_code_gen,gemini_25_pro,323,0.9690625,1
direct_code_gen,gemini_25_pro,324,0.95921875,1
direct_code_gen,gemini_25_pro,325,0.0,0
direct_code_gen,gemini_25_pro,326,0.0,0
direct_code_gen,gemini_25_pro,327,0.9690625,1
direct_code_gen,gemini_25_pro,328,0.0,0
direct_code_gen,gemini_25_pro,329,0.9746875,1
direct_code_gen,gemini_25_pro,330,0.971875,1
direct_code_gen,gemini_25_pro,331,0.0,0
direct_code_gen,gemini_25_pro,332,0.97328125,1
direct_code_gen,gemini_25_pro,333,0.0,0
direct_code_gen,gemini_25_pro,334,0.971875,1
direct_code_gen,gemini_25_pro,335,0.9803125,1
direct_code_gen,gemini_25_pro,336,0.96625,1
direct_code_gen,gemini_25_pro,337,0.97609375,1
direct_code_gen,gemini_25_pro,338,0.96765625,1
direct_code_gen,gemini_25_pro,339,0.0,0
direct_code_gen,gemini_25_pro,340,0.97046875,1
direct_code_gen,gemini_25_pro,341,0.9775,1
direct_code_gen,gemini_25_pro,342,0.96765625,1
direct_code_gen,gemini_25_pro,343,0.0,0
direct_code_gen,gemini_25_pro,344,0.0,0
direct_code_gen,gemini_25_pro,345,0.9690625,1
direct_code_gen,gemini_25_pro,346,0.9690625,1
direct_code_gen,gemini_25_pro,347,0.9746875,1
direct_code_gen,gemini_25_pro,348,0.0,0
direct_code_gen,gemini_25_pro,349,0.96765625,1
direct_code_gen,gemini_25_pro,350,0.97046875,1
direct_code_gen,gemini_25_pro,351,0.9775,1
direct_code_gen,gemini_25_pro,352,0.96765625,1
direct_code_gen,gemini_25_pro,353,0.0,0
direct_code_gen,gemini_25_pro,354,0.97328125,1
direct_code_gen,gemini_25_pro,355,0.9690625,1
direct_code_gen,gemini_25_pro,356,0.9803125,1
direct_code_gen,gemini_25_pro,357,0.971875,1
direct_code_gen,gemini_25_pro,358,0.96625,1
direct_code_gen,gemini_25_pro,359,0.0,0
direct_code_gen,gemini_25_pro,360,0.9634375,1
direct_code_gen,gemini_25_pro,361,0.96484375,1
direct_code_gen,gemini_25_pro,362,0.0,0
direct_code_gen,gemini_25_pro,363,0.971875,1
direct_code_gen,gemini_25_pro,364,0.97328125,1
direct_code_gen,gemini_25_pro,365,0.0,0
direct_code_gen,gemini_25_pro,366,0.0,0
direct_code_gen,gemini_25_pro,367,0.97046875,1
direct_code_gen,gemini_25_pro,368,0.9775,1
direct_code_gen,gemini_25_pro,369,0.98171875,1
direct_code_gen,gemini_25_pro,370,0.97609375,1
direct_code_gen,gemini_25_pro,371,0.9746875,1
direct_code_gen,gemini_25_pro,372,0.97046875,1
direct_code_gen,gemini_25_pro,373,0.96625,1
direct_code_gen,gemini_25_pro,374,0.971875,1
direct_code_gen,gemini_25_pro,375,0.97890625,1
direct_code_gen,gemini_25_pro,376,0.9634375,1
direct_code_gen,gemini_25_pro,377,0.97609375,1
direct_code_gen,gemini_25_pro,378,0.96484375,1
direct_code_gen,gemini_25_pro,379,0.96765625,1
direct_code_gen,gemini_25_pro,380,0.97046875,1
direct_code_gen,gemini_25_pro,381,0.0,0
direct_code_gen,gemini_25_pro,382,0.9690625,1
direct_code_gen,gemini_25_pro,383,0.97890625,1
direct_code_gen,gemini_25_pro,384,0.97890625,1
direct_code_gen,gemini_25_pro,385,0.0,0
direct_code_gen,gemini_25_pro,386,0.971875,1
direct_code_gen,gemini_25_pro,387,0.9746875,1
direct_code_gen,gemini_25_pro,388,0.96625,1
direct_code_gen,gemini_25_pro,389,0.0,0
direct_code_gen,gemini_25_pro,390,0.971875,1
direct_code_gen,gemini_25_pro,391,0.97046875,1
direct_code_gen,gemini_25_pro,392,0.9690625,1
direct_code_gen,gemini_25_pro,393,0.97328125,1
direct_code_gen,gemini_25_pro,394,0.9690625,1
direct_code_gen,gemini_25_pro,395,0.96625,1
direct_code_gen,gemini_25_pro,396,0.97609375,1
direct_code_gen,gemini_25_pro,397,0.97046875,1
direct_code_gen,gemini_25_pro,398,0.0,0
direct_code_gen,gemini_25_pro,399,0.9775,1
direct_code_gen,gemini_25_pro,400,0.97046875,1
direct_code_gen,gemini_25_pro,401,0.97609375,1
direct_code_gen,gemini_25_pro,402,0.9775,1
direct_code_gen,gemini_25_pro,403,0.0,0
direct_code_gen,gemini_25_pro,404,0.96765625,1
direct_code_gen,gemini_25_pro,405,0.0,0
direct_code_gen,gemini_25_pro,406,0.971875,1
direct_code_gen,gemini_25_pro,407,0.9690625,1
direct_code_gen,gemini_25_pro,408,0.97046875,1
direct_code_gen,gemini_25_pro,409,0.0,0
direct_code_gen,gemini_25_pro,410,0.9746875,1
direct_code_gen,gemini_25_pro,411,0.0,0
direct_code_gen,gemini_25_pro,412,0.0,0
direct_code_gen,gemini_25_pro,413,0.971875,1
direct_code_gen,gemini_25_pro,414,0.9746875,1
direct_code_gen,gemini_25_pro,415,0.96484375,1
direct_code_gen,gemini_25_pro,416,0.96765625,1
direct_code_gen,gemini_25_pro,417,0.0,0
direct_code_gen,gemini_25_pro,418,0.97890625,1
direct_code_gen,gemini_25_pro,419,0.96625,1
direct_code_gen,gemini_25_pro,420,0.97890625,1
direct_code_gen,gemini_25_pro,421,0.0,0
direct_code_gen,gemini_25_pro,422,0.97890625,1
direct_code_gen,gemini_25_pro,423,0.96765625,1
direct_code_gen,gemini_25_pro,424,0.0,0
direct_code_gen,gemini_25_pro,425,0.0,0
direct_code_gen,gemini_25_pro,426,0.96765625,1
direct_code_gen,gemini_25_pro,427,0.97046875,1
direct_code_gen,gemini_25_pro,428,0.971875,1
direct_code_gen,gemini_25_pro,429,0.0,0
direct_code_gen,gemini_25_pro,430,0.0,0
direct_code_gen,gemini_25_pro,431,0.97046875,1
direct_code_gen,gemini_25_pro,432,0.97046875,1
direct_code_gen,gemini_25_pro,433,0.0,0
direct_code_gen,gemini_25_pro,434,0.9690625,1
direct_code_gen,gemini_25_pro,435,0.96203125,1
direct_code_gen,gemini_25_pro,436,0.97328125,1
direct_code_gen,gemini_25_pro,437,0.97328125,1
direct_code_gen,gemini_25_pro,438,0.97328125,1
direct_code_gen,gemini_25_pro,439,0.0,0
direct_code_gen,gemini_25_pro,440,0.0,0
direct_code_gen,gemini_25_pro,441,0.97609375,1
direct_code_gen,gemini_25_pro,442,0.97328125,1
direct_code_gen,gemini_25_pro,443,0.0,0
direct_code_gen,gemini_25_pro,444,0.9746875,1
direct_code_gen,gemini_25_pro,445,0.0,0
direct_code_gen,gemini_25_pro,446,0.0,0
direct_code_gen,gemini_25_pro,447,0.96484375,1
direct_code_gen,gemini_25_pro,448,0.98171875,1
direct_code_gen,gemini_25_pro,449,0.97328125,1
direct_code_gen,gemini_25_pro,450,0.97890625,1
direct_code_gen,gemini_25_pro,451,0.9690625,1
direct_code_gen,gemini_25_pro,452,0.0,0
direct_code_gen,gemini_25_pro,453,0.9775,1
direct_code_gen,gemini_25_pro,454,0.97046875,1
direct_code_gen,gemini_25_pro,455,0.9803125,1
direct_code_gen,gemini_25_pro,456,0.971875,1
direct_code_gen,gemini_25_pro,457,0.97890625,1
direct_code_gen,gemini_25_pro,458,0.971875,1
direct_code_gen,gemini_25_pro,459,0.97046875,1
direct_code_gen,gemini_25_pro,460,0.0,0
direct_code_gen,gemini_25_pro,461,0.97328125,1
direct_code_gen,gemini_25_pro,462,0.9746875,1
direct_code_gen,gemini_25_pro,463,0.97046875,1
direct_code_gen,gemini_25_pro,464,0.97328125,1
direct_code_gen,gemini_25_pro,465,0.0,0
direct_code_gen,gemini_25_pro,466,0.0,0
direct_code_gen,gemini_25_pro,467,0.0,0
direct_code_gen,gemini_25_pro,468,0.96625,1
direct_code_gen,gemini_25_pro,469,0.0,0
direct_code_gen,gemini_25_pro,470,0.971875,1
direct_code_gen,gemini_25_pro,471,0.97046875,1
direct_code_gen,gemini_25_pro,472,0.97046875,1
direct_code_gen,gemini_25_pro,473,0.9775,1
direct_code_gen,gemini_25_pro,474,0.9775,1
direct_code_gen,gemini_25_pro,475,0.0,0
direct_code_gen,gemini_25_pro,476,0.96765625,1
direct_code_gen,gemini_25_pro,477,0.97609375,1
direct_code_gen,gemini_25_pro,478,0.97328125,1
direct_code_gen,gemini_25_pro,479,0.96765625,1
direct_code_gen,gemini_25_pro,480,0.9803125,1
direct_code_gen,gemini_25_pro,481,0.96765625,1
direct_code_gen,gemini_25_pro,482,0.97328125,1
direct_code_gen,gemini_25_pro,483,0.9746875,1
direct_code_gen,gemini_25_pro,484,0.96765625,1
direct_code_gen,gemini_25_pro,485,0.97046875,1
direct_code_gen,gemini_25_pro,486,0.960625,1
direct_code_gen,gemini_25_pro,487,0.97328125,1
direct_code_gen,gemini_25_pro,488,0.96484375,1
direct_code_gen,gemini_25_pro,489,0.97046875,1
direct_code_gen,gemini_25_pro,490,0.9690625,1
direct_code_gen,gemini_25_pro,491,0.0,0
direct_code_gen,gemini_25_pro,492,0.971875,1
direct_code_gen,gemini_25_pro,493,0.971875,1
direct_code_gen,gemini_25_pro,494,0.97609375,1
direct_code_gen,gemini_25_pro,495,0.0,0
direct_code_gen,gemini_25_pro,496,0.0,0
direct_code_gen,gemini_25_pro,497,0.0,0
direct_code_gen,gemini_25_pro,498,0.97328125,1
direct_code_gen,gemini_25_pro,499,0.0,0
direct_code_gen,gemini_25_pro,500,0.97609375,1
direct_code_gen,gemini_25_pro,501,0.0,0
direct_code_gen,gemini_25_pro,502,0.0,0
direct_code_gen,gemini_25_pro,503,0.97046875,1
direct_code_gen,gemini_25_pro,504,0.0,0
direct_code_gen,gemini_25_pro,505,0.97609375,1
direct_code_gen,gemini_25_pro,506,0.9803125,1
direct_code_gen,gemini_25_pro,507,0.97328125,1
direct_code_gen,gemini_25_pro,508,0.97328125,1
direct_code_gen,gemini_25_pro,509,0.98171875,1
direct_code_gen,gemini_25_pro,510,0.9803125,1
direct_code_gen,gemini_25_pro,511,0.9634375,1
direct_code_gen,gemini_25_pro,512,0.97609375,1
direct_code_gen,gemini_25_pro,513,0.97609375,1
direct_code_gen,gemini_25_pro,514,0.97609375,1
direct_code_gen,gemini_25_pro,515,0.0,0
direct_code_gen,gemini_25_pro,516,0.0,0
direct_code_gen,gemini_25_pro,517,0.96625,1
direct_code_gen,gemini_25_pro,518,0.97328125,1
direct_code_gen,gemini_25_pro,519,0.96765625,1
direct_code_gen,gemini_25_pro,520,0.97046875,1
direct_code_gen,gemini_25_pro,521,0.0,0
direct_code_gen,gemini_25_pro,522,0.0,0
direct_code_gen,gemini_25_pro,523,0.0,0
direct_code_gen,gemini_25_pro,524,0.0,0
direct_code_gen,gemini_25_pro,525,0.9775,1
direct_code_gen,gemini_25_pro,526,0.9634375,1
direct_code_gen,gemini_25_pro,527,0.98453125,1
direct_code_gen,gemini_25_pro,528,0.0,0
direct_code_gen,gemini_25_pro,529,0.9803125,1
direct_code_gen,gemini_25_pro,530,0.97328125,1
direct_code_gen,gemini_25_pro,531,0.971875,1
direct_code_gen,gemini_25_pro,532,0.96765625,1
direct_code_gen,gemini_25_pro,533,0.97328125,1
direct_code_gen,gemini_25_pro,534,0.9634375,1
direct_code_gen,gemini_25_pro,535,0.0,0
direct_code_gen,gemini_25_pro,536,0.0,0
direct_code_gen,gemini_25_pro,537,0.96765625,1
direct_code_gen,gemini_25_pro,538,0.0,0
direct_code_gen,gemini_25_pro,539,0.96765625,1
direct_code_gen,gemini_25_pro,540,0.9746875,1
direct_code_gen,gemini_25_pro,541,0.97046875,1
direct_code_gen,gemini_25_pro,542,0.9746875,1
direct_code_gen,gemini_25_pro,543,0.9775,1
direct_code_gen,gemini_25_pro,544,0.9746875,1
direct_code_gen,gemini_25_pro,545,0.0,0
direct_code_gen,gemini_25_pro,546,0.97328125,1
direct_code_gen,gemini_25_pro,547,0.9690625,1
direct_code_gen,gemini_25_pro,548,0.97890625,1
direct_code_gen,gemini_25_pro,549,0.971875,1
direct_code_gen,gemini_25_pro,550,0.97328125,1
direct_code_gen,gemini_25_pro,551,0.97890625,1
direct_code_gen,gemini_25_pro,552,0.0,0
direct_code_gen,gemini_25_pro,553,0.97609375,1
direct_code_gen,gemini_25_pro,554,0.97328125,1
direct_code_gen,gemini_25_pro,555,0.9775,1
direct_code_gen,gemini_25_pro,556,0.9690625,1
direct_code_gen,gemini_25_pro,557,0.97328125,1
direct_code_gen,gemini_25_pro,558,0.96625,1
direct_code_gen,gemini_25_pro,559,0.0,0
direct_code_gen,gemini_25_pro,560,0.97328125,1
direct_code_gen,gemini_25_pro,561,0.0,0
direct_code_gen,gemini_25_pro,562,0.0,0
direct_code_gen,gemini_25_pro,563,0.0,0
direct_code_gen,gemini_25_pro,564,0.0,0
direct_code_gen,gemini_25_pro,565,0.96765625,1
direct_code_gen,gemini_25_pro,566,0.971875,1
direct_code_gen,gemini_25_pro,567,0.98171875,1
direct_code_gen,gemini_25_pro,568,0.9746875,1
direct_code_gen,gemini_25_pro,569,0.0,0
direct_code_gen,gemini_25_pro,570,0.97328125,1
direct_code_gen,gemini_25_pro,571,0.9746875,1
direct_code_gen,gemini_25_pro,572,0.97046875,1
direct_code_gen,gemini_25_pro,573,0.960625,1
direct_code_gen,gemini_25_pro,574,0.0,0
direct_code_gen,gemini_25_pro,575,0.97609375,1
direct_code_gen,gemini_25_pro,576,0.971875,1
direct_code_gen,gemini_25_pro,577,0.971875,1
direct_code_gen,gemini_25_pro,578,0.971875,1
direct_code_gen,gemini_25_pro,579,0.96765625,1
direct_code_gen,gemini_25_pro,580,0.0,0
direct_code_gen,gemini_25_pro,581,0.0,0
direct_code_gen,gemini_25_pro,582,0.97890625,1
direct_code_gen,gemini_25_pro,583,0.971875,1
direct_code_gen,gemini_25_pro,584,0.0,0
direct_code_gen,gemini_25_pro,585,0.97609375,1
direct_code_gen,gemini_25_pro,586,0.9746875,1
direct_code_gen,gemini_25_pro,587,0.0,0
direct_code_gen,gemini_25_pro,588,0.0,0
direct_code_gen,gemini_25_pro,589,0.0,0
direct_code_gen,gemini_25_pro,590,0.96484375,1
direct_code_gen,gemini_25_pro,591,0.97328125,1
direct_code_gen,gemini_25_pro,592,0.97046875,1
direct_code_gen,gemini_25_pro,593,0.97328125,1
direct_code_gen,gemini_25_pro,594,0.9746875,1
direct_code_gen,gemini_25_pro,595,0.9775,1
direct_code_gen,gemini_25_pro,596,0.96484375,1
direct_code_gen,gemini_25_pro,597,0.971875,1
direct_code_gen,gemini_25_pro,598,0.0,0
direct_code_gen,gemini_25_pro,599,0.0,0
direct_code_gen,gemini_25_pro,600,0.0,0
direct_code_gen,gemini_25_pro,601,0.96203125,1
direct_code_gen,gemini_25_pro,602,0.0,0
direct_code_gen,gemini_25_pro,603,0.0,0
direct_code_gen,gemini_25_pro,604,0.97046875,1
direct_code_gen,gemini_25_pro,605,0.0,0
direct_code_gen,gemini_25_pro,606,0.97609375,1
direct_code_gen,gemini_25_pro,607,0.97046875,1
direct_code_gen,gemini_25_pro,608,0.97890625,1
direct_code_gen,gemini_25_pro,609,0.97046875,1
direct_code_gen,gemini_25_pro,610,0.97328125,1
direct_code_gen,gemini_25_pro,611,0.9690625,1
direct_code_gen,gemini_25_pro,612,0.9746875,1
direct_code_gen,gemini_25_pro,613,0.9803125,1
direct_code_gen,gemini_25_pro,614,0.9775,1
direct_code_gen,gemini_25_pro,615,0.0,0
direct_code_gen,gemini_25_pro,616,0.0,0
direct_code_gen,gemini_25_pro,617,0.0,0
direct_code_gen,gemini_25_pro,618,0.0,0
direct_code_gen,gemini_25_pro,619,0.9746875,1
direct_code_gen,gemini_25_pro,620,0.97046875,1
direct_code_gen,gemini_25_pro,621,0.9634375,1
direct_code_gen,gemini_25_pro,622,0.97890625,1
direct_code_gen,gemini_25_pro,623,0.97328125,1
direct_code_gen,gemini_25_pro,624,0.9775,1
direct_code_gen,gemini_25_pro,625,0.97328125,1
direct_code_gen,gemini_25_pro,626,0.97328125,1
direct_code_gen,gemini_25_pro,627,0.9746875,1
direct_code_gen,gemini_25_pro,628,0.0,0
direct_code_gen,gemini_25_pro,629,0.960625,1
direct_code_gen,gemini_25_pro,630,0.971875,1
direct_code_gen,gemini_25_pro,631,0.0,0
direct_code_gen,gemini_25_pro,632,0.96625,1
direct_code_gen,gemini_25_pro,633,0.971875,1
direct_code_gen,gemini_25_pro,634,0.96484375,1
direct_code_gen,gemini_25_pro,635,0.98453125,1
direct_code_gen,gemini_25_pro,636,0.0,0
direct_code_gen,gemini_25_pro,637,0.0,0
direct_code_gen,gemini_25_pro,638,0.97328125,1
direct_code_gen,gemini_25_pro,639,0.97328125,1
direct_code_gen,gemini_25_pro,640,0.97890625,1
direct_code_gen,gemini_25_pro,641,0.0,0
direct_code_gen,gemini_25_pro,642,0.0,0
direct_code_gen,gemini_25_pro,643,0.97890625,1
direct_code_gen,gemini_25_pro,644,0.96765625,1
direct_code_gen,gemini_25_pro,645,0.97890625,1
direct_code_gen,gemini_25_pro,646,0.97328125,1
direct_code_gen,gemini_25_pro,647,0.0,0
direct_code_gen,gemini_25_pro,648,0.96765625,1
direct_code_gen,gemini_25_pro,649,0.97609375,1
direct_code_gen,gemini_25_pro,650,0.97046875,1
direct_code_gen,gemini_25_pro,651,0.0,0
direct_code_gen,gemini_25_pro,652,0.9746875,1
direct_code_gen,gemini_25_pro,653,0.9775,1
direct_code_gen,gemini_25_pro,654,0.971875,1
direct_code_gen,gemini_25_pro,655,0.0,0
direct_code_gen,gemini_25_pro,656,0.0,0
direct_code_gen,gemini_25_pro,657,0.97328125,1
direct_code_gen,gemini_25_pro,658,0.971875,1
direct_code_gen,gemini_25_pro,659,0.97609375,1
direct_code_gen,gemini_25_pro,660,0.9775,1
direct_code_gen,gemini_25_pro,661,0.0,0
direct_code_gen,gemini_25_pro,662,0.9634375,1
direct_code_gen,gemini_25_pro,663,0.96765625,1
direct_code_gen,gemini_25_pro,664,0.97046875,1
direct_code_gen,gemini_25_pro,665,0.97046875,1
direct_code_gen,gemini_25_pro,666,0.9746875,1
direct_code_gen,gemini_25_pro,667,0.0,0
direct_code_gen,gemini_25_pro,668,0.96625,1
direct_code_gen,gemini_25_pro,669,0.0,0
direct_code_gen,gemini_25_pro,670,0.0,0
direct_code_gen,gemini_25_pro,671,0.98171875,1
direct_code_gen,gemini_25_pro,672,0.97328125,1
direct_code_gen,gemini_25_pro,673,0.97328125,1
direct_code_gen,gemini_25_pro,674,0.96203125,1
direct_code_gen,gemini_25_pro,675,0.96765625,1
direct_code_gen,gemini_25_pro,676,0.0,0
direct_code_gen,gemini_25_pro,677,0.96484375,1
direct_code_gen,gemini_25_pro,678,0.97328125,1
direct_code_gen,gemini_25_pro,679,0.0,0
direct_code_gen,gemini_25_pro,680,0.96203125,1
direct_code_gen,gemini_25_pro,681,0.9775,1
direct_code_gen,gemini_25_pro,682,0.97609375,1
direct_code_gen,gemini_25_pro,683,0.9746875,1
direct_code_gen,gemini_25_pro,684,0.97328125,1
direct_code_gen,gemini_25_pro,685,0.96765625,1
direct_code_gen,gemini_25_pro,686,0.9690625,1
direct_code_gen,gemini_25_pro,687,0.96625,1
direct_code_gen,gemini_25_pro,688,0.0,0
direct_code_gen,gemini_25_pro,689,0.0,0
direct_code_gen,gemini_25_pro,690,0.0,0
direct_code_gen,gemini_25_pro,691,0.0,0
direct_code_gen,gemini_25_pro,692,0.96765625,1
direct_code_gen,gemini_25_pro,693,0.97890625,1
direct_code_gen,gemini_25_pro,694,0.9690625,1
direct_code_gen,gemini_25_pro,695,0.0,0
direct_code_gen,gemini_25_pro,696,0.97328125,1
direct_code_gen,gemini_25_pro,697,0.97328125,1
direct_code_gen,gemini_25_pro,698,0.0,0
direct_code_gen,gemini_25_pro,699,0.9690625,1
direct_code_gen,gemini_25_pro,700,0.97328125,1
direct_code_gen,gemini_25_pro,701,0.0,0
direct_code_gen,gemini_25_pro,702,0.0,0
direct_code_gen,gemini_25_pro,703,0.9634375,1
direct_code_gen,gemini_25_pro,704,0.97046875,1
direct_code_gen,gemini_25_pro,705,0.0,0
direct_code_gen,gemini_25_pro,706,0.97328125,1
direct_code_gen,gemini_25_pro,707,0.9634375,1
direct_code_gen,gemini_25_pro,708,0.971875,1
direct_code_gen,gemini_25_pro,709,0.9690625,1
direct_code_gen,gemini_25_pro,710,0.97609375,1
direct_code_gen,gemini_25_pro,711,0.9690625,1
direct_code_gen,gemini_25_pro,712,0.0,0
direct_code_gen,gemini_25_pro,713,0.971875,1
direct_code_gen,gemini_25_pro,714,0.9690625,1
direct_code_gen,gemini_25_pro,715,0.9690625,1
direct_code_gen,gemini_25_pro,716,0.971875,1
direct_code_gen,gemini_25_pro,717,0.98171875,1
direct_code_gen,gemini_25_pro,718,0.97046875,1
direct_code_gen,gemini_25_pro,719,0.97890625,1
direct_code_gen,gemini_25_pro,720,0.971875,1
direct_code_gen,gemini_25_pro,721,0.97609375,1
direct_code_gen,gemini_25_pro,722,0.971875,1
direct_code_gen,gemini_25_pro,723,0.96625,1
direct_code_gen,gemini_25_pro,724,0.97890625,1
direct_code_gen,gemini_25_pro,725,0.0,0
direct_code_gen,gemini_25_pro,726,0.0,0
direct_code_gen,gemini_25_pro,727,0.0,0
direct_code_gen,gemini_25_pro,728,0.9690625,1
direct_code_gen,gemini_25_pro,729,0.0,0
direct_code_gen,gemini_25_pro,730,0.97609375,1
direct_code_gen,gemini_25_pro,731,0.0,0
direct_code_gen,gemini_25_pro,732,0.0,0
direct_code_gen,gemini_25_pro,733,0.0,0
direct_code_gen,gemini_25_pro,734,0.9746875,1
direct_code_gen,gemini_25_pro,735,0.0,0
direct_code_gen,gemini_25_pro,736,0.96765625,1
direct_code_gen,gemini_25_pro,737,0.97609375,1
direct_code_gen,gemini_25_pro,738,0.0,0
direct_code_gen,gemini_25_pro,739,0.9775,1
direct_code_gen,gemini_25_pro,740,0.0,0
direct_code_gen,gemini_25_pro,741,0.9746875,1
direct_code_gen,gemini_25_pro,742,0.97046875,1
direct_code_gen,gemini_25_pro,743,0.9746875,1
direct_code_gen,gemini_25_pro,744,0.9634375,1
direct_code_gen,gemini_25_pro,745,0.97046875,1
direct_code_gen,gemini_25_pro,746,0.98171875,1
direct_code_gen,gemini_25_pro,747,0.971875,1
direct_code_gen,gemini_25_pro,748,0.0,0
direct_code_gen,gemini_25_pro,749,0.0,0
direct_code_gen,gemini_25_pro,750,0.97328125,1
direct_code_gen,gemini_25_pro,751,0.9746875,1
direct_code_gen,gemini_25_pro,752,0.97609375,1
direct_code_gen,gemini_25_pro,753,0.97046875,1
direct_code_gen,gemini_25_pro,754,0.9746875,1
direct_code_gen,gemini_25_pro,755,0.97328125,1
direct_code_gen,gemini_25_pro,756,0.9690625,1
direct_code_gen,gemini_25_pro,757,0.97890625,1
direct_code_gen,gemini_25_pro,758,0.9746875,1
direct_code_gen,gemini_25_pro,759,0.9775,1
direct_code_gen,gemini_25_pro,760,0.97046875,1
direct_code_gen,gemini_25_pro,761,0.9746875,1
direct_code_gen,gemini_25_pro,762,0.97046875,1
direct_code_gen,gemini_25_pro,763,0.9746875,1
direct_code_gen,gemini_25_pro,764,0.0,0
direct_code_gen,gemini_25_pro,765,0.96625,1
direct_code_gen,gemini_25_pro,766,0.0,0
direct_code_gen,gemini_25_pro,767,0.97328125,1
direct_code_gen,gemini_25_pro,768,0.0,0
direct_code_gen,gemini_25_pro,769,0.971875,1
direct_code_gen,gemini_25_pro,770,0.0,0
direct_code_gen,gemini_25_pro,771,0.983125,1
direct_code_gen,gemini_25_pro,772,0.97328125,1
direct_code_gen,gemini_25_pro,773,0.0,0
direct_code_gen,gemini_25_pro,774,0.0,0
direct_code_gen,gemini_25_pro,775,0.9746875,1
direct_code_gen,gemini_25_pro,776,0.0,0
direct_code_gen,gemini_25_pro,777,0.96484375,1
direct_code_gen,gemini_25_pro,778,0.96625,1
direct_code_gen,gemini_25_pro,779,0.97328125,1
direct_code_gen,gemini_25_pro,780,0.971875,1
direct_code_gen,gemini_25_pro,781,0.97609375,1
direct_code_gen,gemini_25_pro,782,0.0,0
direct_code_gen,gemini_25_pro,783,0.971875,1
direct_code_gen,gemini_25_pro,784,0.971875,1
direct_code_gen,gemini_25_pro,785,0.9634375,1
direct_code_gen,gemini_25_pro,786,0.97609375,1
direct_code_gen,gemini_25_pro,787,0.9746875,1
direct_code_gen,gemini_25_pro,788,0.97046875,1
direct_code_gen,gemini_25_pro,789,0.9746875,1
direct_code_gen,gemini_25_pro,790,0.97328125,1
direct_code_gen,gemini_25_pro,791,0.97609375,1
direct_code_gen,gemini_25_pro,792,0.971875,1
direct_code_gen,gemini_25_pro,793,0.97609375,1
direct_code_gen,gemini_25_pro,794,0.97609375,1
direct_code_gen,gemini_25_pro,795,0.96765625,1
direct_code_gen,gemini_25_pro,796,0.971875,1
direct_code_gen,gemini_25_pro,797,0.97328125,1
direct_code_gen,gemini_25_pro,798,0.9775,1
direct_code_gen,gemini_25_pro,799,0.0,0
direct_code_gen,gemini_25_pro,800,0.0,0
direct_code_gen,gemini_25_pro,801,0.96484375,1
direct_code_gen,gemini_25_pro,802,0.97046875,1
direct_code_gen,gemini_25_pro,803,0.97609375,1
direct_code_gen,gemini_25_pro,804,0.0,0
direct_code_gen,gemini_25_pro,805,0.97328125,1
direct_code_gen,gemini_25_pro,806,0.9690625,1
direct_code_gen,gemini_25_pro,807,0.9775,1
direct_code_gen,gemini_25_pro,808,0.97046875,1
direct_code_gen,gemini_25_pro,809,0.97046875,1
direct_code_gen,gemini_25_pro,810,0.97328125,1
direct_code_gen,gemini_25_pro,811,0.97328125,1
direct_code_gen,gemini_25_pro,812,0.97328125,1
direct_code_gen,gemini_25_pro,813,0.0,0
direct_code_gen,gemini_25_pro,814,0.0,0
direct_code_gen,gemini_25_pro,815,0.96625,1
direct_code_gen,gemini_25_pro,816,0.0,0
direct_code_gen,gemini_25_pro,817,0.97328125,1
direct_code_gen,gemini_25_pro,818,0.96484375,1
direct_code_gen,gemini_25_pro,819,0.96765625,1
direct_code_gen,gemini_25_pro,820,0.0,0
direct_code_gen,gemini_25_pro,821,0.9746875,1
direct_code_gen,gemini_25_pro,822,0.0,0
direct_code_gen,gemini_25_pro,823,0.97609375,1
direct_code_gen,gemini_25_pro,824,0.96484375,1
direct_code_gen,gemini_25_pro,825,0.9746875,1
direct_code_gen,gemini_25_pro,826,0.97328125,1
direct_code_gen,gemini_25_pro,827,0.0,0
direct_code_gen,gemini_25_pro,828,0.0,0
direct_code_gen,gemini_25_pro,829,0.97046875,1
direct_code_gen,gemini_25_pro,830,0.0,0
direct_code_gen,gemini_25_pro,831,0.0,0
direct_code_gen,gemini_25_pro,832,0.97609375,1
direct_code_gen,gemini_25_pro,833,0.0,0
direct_code_gen,gemini_25_pro,834,0.96765625,1
direct_code_gen,gemini_25_pro,835,0.97046875,1
direct_code_gen,gemini_25_pro,836,0.9746875,1
direct_code_gen,gemini_25_pro,837,0.0,0
direct_code_gen,gemini_25_pro,838,0.0,0
direct_code_gen,gemini_25_pro,839,0.97609375,1
direct_code_gen,gemini_25_pro,840,0.0,0
direct_code_gen,gemini_25_pro,841,0.97609375,1
direct_code_gen,gemini_25_pro,842,0.97328125,1
direct_code_gen,gemini_25_pro,843,0.0,0
direct_code_gen,gemini_25_pro,844,0.97046875,1
direct_code_gen,gemini_25_pro,845,0.0,0
direct_code_gen,gemini_25_pro,846,0.0,0
direct_code_gen,gemini_25_pro,847,0.0,0
direct_code_gen,gemini_25_pro,848,0.0,0
direct_code_gen,gemini_25_pro,849,0.96484375,1
direct_code_gen,gemini_25_pro,850,0.96625,1
direct_code_gen,gemini_25_pro,851,0.96484375,1
direct_code_gen,gemini_25_pro,852,0.97890625,1
direct_code_gen,gemini_25_pro,853,0.0,0
direct_code_gen,gemini_25_pro,854,0.971875,1
direct_code_gen,gemini_25_pro,855,0.0,0
direct_code_gen,gemini_25_pro,856,0.97046875,1
direct_code_gen,gemini_25_pro,857,0.971875,1
direct_code_gen,gemini_25_pro,858,0.0,0
direct_code_gen,gemini_25_pro,859,0.971875,1
direct_code_gen,gemini_25_pro,860,0.0,0
direct_code_gen,gemini_25_pro,861,0.97046875,1
direct_code_gen,gemini_25_pro,862,0.97328125,1
direct_code_gen,gemini_25_pro,863,0.0,0
direct_code_gen,gemini_25_pro,864,0.96625,1
direct_code_gen,gemini_25_pro,865,0.0,0
direct_code_gen,gemini_25_pro,866,0.9746875,1
direct_code_gen,gemini_25_pro,867,0.97046875,1
direct_code_gen,gemini_25_pro,868,0.9775,1
direct_code_gen,gemini_25_pro,869,0.971875,1
direct_code_gen,gemini_25_pro,870,0.9746875,1
direct_code_gen,gemini_25_pro,871,0.0,0
direct_code_gen,gemini_25_pro,872,0.96203125,1
direct_code_gen,gemini_25_pro,873,0.97328125,1
direct_code_gen,gemini_25_pro,874,0.97890625,1
direct_code_gen,gemini_25_pro,875,0.9690625,1
direct_code_gen,gemini_25_pro,876,0.9690625,1
direct_code_gen,gemini_25_pro,877,0.97609375,1
direct_code_gen,gemini_25_pro,878,0.96484375,1
direct_code_gen,gemini_25_pro,879,0.97046875,1
direct_code_gen,gemini_25_pro,880,0.9775,1
direct_code_gen,gemini_25_pro,881,0.9634375,1
direct_code_gen,gemini_25_pro,882,0.96484375,1
direct_code_gen,gemini_25_pro,883,0.97328125,1
direct_code_gen,gemini_25_pro,884,0.9775,1
direct_code_gen,gemini_25_pro,885,0.9690625,1
direct_code_gen,gemini_25_pro,886,0.96625,1
direct_code_gen,gemini_25_pro,887,0.971875,1
direct_code_gen,gemini_25_pro,888,0.9690625,1
direct_code_gen,gemini_25_pro,889,0.97046875,1
direct_code_gen,gemini_25_pro,890,0.0,0
direct_code_gen,gemini_25_pro,891,0.9775,1
direct_code_gen,gemini_25_pro,892,0.9690625,1
direct_code_gen,gemini_25_pro,893,0.97046875,1
direct_code_gen,gemini_25_pro,894,0.971875,1
direct_code_gen,gemini_25_pro,895,0.9803125,1
direct_code_gen,gemini_25_pro,896,0.97609375,1
direct_code_gen,gemini_25_pro,897,0.9803125,1
direct_code_gen,gemini_25_pro,898,0.0,0
direct_code_gen,gemini_25_pro,899,0.97609375,1
direct_code_gen,gemini_25_pro,900,0.0,0
direct_code_gen,gemini_25_pro,901,0.971875,1
direct_code_gen,gemini_25_pro,902,0.96765625,1
direct_code_gen,gemini_25_pro,903,0.9746875,1
direct_code_gen,gemini_25_pro,904,0.9746875,1
direct_code_gen,gemini_25_pro,905,0.9746875,1
direct_code_gen,gemini_25_pro,906,0.9634375,1
direct_code_gen,gemini_25_pro,907,0.971875,1
direct_code_gen,gemini_25_pro,908,0.9775,1
direct_code_gen,gemini_25_pro,909,0.0,0
direct_code_gen,gemini_25_pro,910,0.97046875,1
direct_code_gen,gemini_25_pro,911,0.97609375,1
direct_code_gen,gemini_25_pro,912,0.0,0
direct_code_gen,gemini_25_pro,913,0.97046875,1
direct_code_gen,gemini_25_pro,914,0.96625,1
direct_code_gen,gemini_25_pro,915,0.0,0
direct_code_gen,gemini_25_pro,916,0.96484375,1
direct_code_gen,gemini_25_pro,917,0.971875,1
direct_code_gen,gemini_25_pro,918,0.9746875,1
direct_code_gen,gemini_25_pro,919,0.97328125,1
direct_code_gen,gemini_25_pro,920,0.0,0
direct_code_gen,gemini_25_pro,921,0.97328125,1
direct_code_gen,gemini_25_pro,922,0.97328125,1
direct_code_gen,gemini_25_pro,923,0.9690625,1
direct_code_gen,gemini_25_pro,924,0.0,0
direct_code_gen,gemini_25_pro,925,0.96765625,1
direct_code_gen,gemini_25_pro,926,0.9690625,1
direct_code_gen,gemini_25_pro,927,0.96625,1
direct_code_gen,gemini_25_pro,928,0.0,0
direct_code_gen,gemini_25_pro,929,0.97328125,1
direct_code_gen,gemini_25_pro,930,0.97890625,1
direct_code_gen,gemini_25_pro,931,0.97609375,1
direct_code_gen,gemini_25_pro,932,0.0,0
direct_code_gen,gemini_25_pro,933,0.97328125,1
direct_code_gen,gemini_25_pro,934,0.971875,1
direct_code_gen,gemini_25_pro,935,0.97328125,1
direct_code_gen,gemini_25_pro,936,0.97609375,1
direct_code_gen,gemini_25_pro,937,0.97328125,1
direct_code_gen,gemini_25_pro,938,0.0,0
direct_code_gen,gemini_25_pro,939,0.0,0
direct_code_gen,gemini_25_pro,940,0.9746875,1
direct_code_gen,gemini_25_pro,941,0.0,0
direct_code_gen,gemini_25_pro,942,0.9803125,1
direct_code_gen,gemini_25_pro,943,0.9690625,1
direct_code_gen,gemini_25_pro,944,0.971875,1
direct_code_gen,gemini_25_pro,945,0.971875,1
direct_code_gen,gemini_25_pro,946,0.96765625,1
direct_code_gen,gemini_25_pro,947,0.97890625,1
direct_code_gen,gemini_25_pro,948,0.971875,1
direct_code_gen,gemini_25_pro,949,0.971875,1
direct_code_gen,gemini_25_pro,950,0.9775,1
direct_code_gen,gemini_25_pro,951,0.96765625,1
direct_code_gen,gemini_25_pro,952,0.971875,1
direct_code_gen,gemini_25_pro,953,0.97328125,1
direct_code_gen,gemini_25_pro,954,0.0,0
direct_code_gen,gemini_25_pro,955,0.0,0
direct_code_gen,gemini_25_pro,956,0.96765625,1
direct_code_gen,gemini_25_pro,957,0.0,0
direct_code_gen,gemini_25_pro,958,0.9746875,1
direct_code_gen,gemini_25_pro,959,0.9690625,1
direct_code_gen,gemini_25_pro,960,0.0,0
direct_code_gen,gemini_25_pro,961,0.0,0
direct_code_gen,gemini_25_pro,962,0.0,0
direct_code_gen,gemini_25_pro,963,0.0,0
direct_code_gen,gemini_25_pro,964,0.96765625,1
direct_code_gen,gemini_25_pro,965,0.9690625,1
direct_code_gen,gemini_25_pro,966,0.9690625,1
direct_code_gen,gemini_25_pro,967,0.0,0
direct_code_gen,gemini_25_pro,968,0.97609375,1
direct_code_gen,gemini_25_pro,969,0.97328125,1
direct_code_gen,gemini_25_pro,970,0.0,0
direct_code_gen,gemini_25_pro,971,0.0,0
direct_code_gen,gemini_25_pro,972,0.0,0
direct_code_gen,gemini_25_pro,973,0.97046875,1
direct_code_gen,gemini_25_pro,974,0.97046875,1
direct_code_gen,gemini_25_pro,975,0.9690625,1
direct_code_gen,gemini_25_pro,976,0.0,0
direct_code_gen,gemini_25_pro,977,0.9634375,1
direct_code_gen,gemini_25_pro,978,0.0,0
direct_code_gen,gemini_25_pro,979,0.9746875,1
direct_code_gen,gemini_25_pro,980,0.97046875,1
direct_code_gen,gemini_25_pro,981,0.9634375,1
direct_code_gen,gemini_25_pro,982,0.96765625,1
direct_code_gen,gemini_25_pro,983,0.960625,1
direct_code_gen,gemini_25_pro,984,0.0,0
direct_code_gen,gemini_25_pro,985,0.97328125,1
direct_code_gen,gemini_25_pro,986,0.9775,1
direct_code_gen,gemini_25_pro,987,0.96484375,1
direct_code_gen,gemini_25_pro,988,0.0,0
direct_code_gen,gemini_25_pro,989,0.9690625,1
direct_code_gen,gemini_25_pro,990,0.97328125,1
direct_code_gen,gemini_25_pro,991,0.9746875,1
direct_code_gen,gemini_25_pro,992,0.96765625,1
direct_code_gen,gemini_25_pro,993,0.971875,1
direct_code_gen,gemini_25_pro,994,0.9746875,1
direct_code_gen,gemini_25_pro,995,0.9775,1
direct_code_gen,gemini_25_pro,996,0.97328125,1
direct_code_gen,gemini_25_pro,997,0.9746875,1
direct_code_gen,gemini_25_pro,998,0.971875,1
direct_code_gen,gemini_25_pro,999,0.97328125,1
direct_code_gen,deepseek,0,0.97609375,1
direct_code_gen,deepseek,1,0.97328125,1
direct_code_gen,deepseek,2,0.971875,1
direct_code_gen,deepseek,3,0.9775,1
direct_code_gen,deepseek,4,0.983125,1
direct_code_gen,deepseek,5,0.97890625,1
direct_code_gen,deepseek,6,0.0,0
direct_code_gen,deepseek,7,0.9775,1
direct_code_gen,deepseek,8,0.96625,1
direct_code_gen,deepseek,9,0.9803125,1
direct_code_gen,deepseek,10,0.98453125,1
direct_code_gen,deepseek,11,0.97890625,1
direct_code_gen,deepseek,12,0.98171875,1
direct_code_gen,deepseek,13,0.9690625,1
direct_code_gen,deepseek,14,0.971875,1
direct_code_gen,deepseek,15,0.971875,1
direct_code_gen,deepseek,16,0.9803125,1
direct_code_gen,deepseek,17,0.9690625,1
direct_code_gen,deepseek,18,0.97890625,1
direct_code_gen,deepseek,19,0.98171875,1
direct_code_gen,deepseek,20,0.97609375,1
direct_code_gen,deepseek,21,0.983125,1
direct_code_gen,deepseek,22,0.97328125,1
direct_code_gen,deepseek,23,0.97328125,1
direct_code_gen,deepseek,24,0.971875,1
direct_code_gen,deepseek,25,0.97890625,1
direct_code_gen,deepseek,26,0.97328125,1
direct_code_gen,deepseek,27,0.9803125,1
direct_code_gen,deepseek,28,0.9803125,1
direct_code_gen,deepseek,29,0.9775,1
direct_code_gen,deepseek,30,0.96625,1
direct_code_gen,deepseek,31,0.97609375,1
direct_code_gen,deepseek,32,0.97328125,1
direct_code_gen,deepseek,33,0.9775,1
direct_code_gen,deepseek,34,0.97328125,1
direct_code_gen,deepseek,35,0.9775,1
direct_code_gen,deepseek,36,0.9803125,1
direct_code_gen,deepseek,37,0.97609375,1
direct_code_gen,deepseek,38,0.97609375,1
direct_code_gen,deepseek,39,0.971875,1
direct_code_gen,deepseek,40,0.97046875,1
direct_code_gen,deepseek,41,0.97890625,1
direct_code_gen,deepseek,42,0.971875,1
direct_code_gen,deepseek,43,0.0,0
direct_code_gen,deepseek,44,0.971875,1
direct_code_gen,deepseek,45,0.9775,1
direct_code_gen,deepseek,46,0.97609375,1
direct_code_gen,deepseek,47,0.98171875,1
direct_code_gen,deepseek,48,0.97046875,1
direct_code_gen,deepseek,49,0.9803125,1
direct_code_gen,deepseek,50,0.9746875,1
direct_code_gen,deepseek,51,0.9746875,1
direct_code_gen,deepseek,52,0.971875,1
direct_code_gen,deepseek,53,0.97890625,1
direct_code_gen,deepseek,54,0.983125,1
direct_code_gen,deepseek,55,0.96765625,1
direct_code_gen,deepseek,56,0.983125,1
direct_code_gen,deepseek,57,0.98171875,1
direct_code_gen,deepseek,58,0.0,0
direct_code_gen,deepseek,59,0.97609375,1
direct_code_gen,deepseek,60,0.9775,1
direct_code_gen,deepseek,61,0.97609375,1
direct_code_gen,deepseek,62,0.971875,1
direct_code_gen,deepseek,63,0.97890625,1
direct_code_gen,deepseek,64,0.971875,1
direct_code_gen,deepseek,65,0.0,0
direct_code_gen,deepseek,66,0.97609375,1
direct_code_gen,deepseek,67,0.97609375,1
direct_code_gen,deepseek,68,0.97328125,1
direct_code_gen,deepseek,69,0.98171875,1
direct_code_gen,deepseek,70,0.96625,1
direct_code_gen,deepseek,71,0.98171875,1
direct_code_gen,deepseek,72,0.97890625,1
direct_code_gen,deepseek,73,0.971875,1
direct_code_gen,deepseek,74,0.9803125,1
direct_code_gen,deepseek,75,0.97890625,1
direct_code_gen,deepseek,76,0.9775,1
direct_code_gen,deepseek,77,0.97328125,1
direct_code_gen,deepseek,78,0.9803125,1
direct_code_gen,deepseek,79,0.9803125,1
direct_code_gen,deepseek,80,0.96625,1
direct_code_gen,deepseek,81,0.97609375,1
direct_code_gen,deepseek,82,0.9803125,1
direct_code_gen,deepseek,83,0.9775,1
direct_code_gen,deepseek,84,0.97890625,1
direct_code_gen,deepseek,85,0.98453125,1
direct_code_gen,deepseek,86,0.96765625,1
direct_code_gen,deepseek,87,0.9775,1
direct_code_gen,deepseek,88,0.9803125,1
direct_code_gen,deepseek,89,0.9803125,1
direct_code_gen,deepseek,90,0.971875,1
direct_code_gen,deepseek,91,0.96484375,1
direct_code_gen,deepseek,92,0.9775,1
direct_code_gen,deepseek,93,0.9746875,1
direct_code_gen,deepseek,94,0.9775,1
direct_code_gen,deepseek,95,0.9803125,1
direct_code_gen,deepseek,96,0.9746875,1
direct_code_gen,deepseek,97,0.97609375,1
direct_code_gen,deepseek,98,0.97890625,1
direct_code_gen,deepseek,99,0.97046875,1
direct_code_gen,deepseek,100,0.0,0
direct_code_gen,deepseek,101,0.97328125,1
direct_code_gen,deepseek,102,0.9690625,1
direct_code_gen,deepseek,103,0.97609375,1
direct_code_gen,deepseek,104,0.9775,1
direct_code_gen,deepseek,105,0.9775,1
direct_code_gen,deepseek,106,0.97328125,1
direct_code_gen,deepseek,107,0.9803125,1
direct_code_gen,deepseek,108,0.97890625,1
direct_code_gen,deepseek,109,0.9775,1
direct_code_gen,deepseek,110,0.0,0
direct_code_gen,deepseek,111,0.9803125,1
direct_code_gen,deepseek,112,0.0,0
direct_code_gen,deepseek,113,0.97046875,1
direct_code_gen,deepseek,114,0.9803125,1
direct_code_gen,deepseek,115,0.9803125,1
direct_code_gen,deepseek,116,0.9775,1
direct_code_gen,deepseek,117,0.96625,1
direct_code_gen,deepseek,118,0.97890625,1
direct_code_gen,deepseek,119,0.97609375,1
direct_code_gen,deepseek,120,0.9775,1
direct_code_gen,deepseek,121,0.9746875,1
direct_code_gen,deepseek,122,0.9746875,1
direct_code_gen,deepseek,123,0.9803125,1
direct_code_gen,deepseek,124,0.97609375,1
direct_code_gen,deepseek,125,0.97890625,1
direct_code_gen,deepseek,126,0.9859375,1
direct_code_gen,deepseek,127,0.9746875,1
direct_code_gen,deepseek,128,0.97046875,1
direct_code_gen,deepseek,129,0.97328125,1
direct_code_gen,deepseek,130,0.9803125,1
direct_code_gen,deepseek,131,0.9775,1
direct_code_gen,deepseek,132,0.9775,1
direct_code_gen,deepseek,133,0.98171875,1
direct_code_gen,deepseek,134,0.983125,1
direct_code_gen,deepseek,135,0.971875,1
direct_code_gen,deepseek,136,0.9746875,1
direct_code_gen,deepseek,137,0.97890625,1
direct_code_gen,deepseek,138,0.97328125,1
direct_code_gen,deepseek,139,0.9775,1
direct_code_gen,deepseek,140,0.9746875,1
direct_code_gen,deepseek,141,0.983125,1
direct_code_gen,deepseek,142,0.9746875,1
direct_code_gen,deepseek,143,0.97046875,1
direct_code_gen,deepseek,144,0.98171875,1
direct_code_gen,deepseek,145,0.9775,1
direct_code_gen,deepseek,146,0.98171875,1
direct_code_gen,deepseek,147,0.9746875,1
direct_code_gen,deepseek,148,0.97609375,1
direct_code_gen,deepseek,149,0.0,0
direct_code_gen,deepseek,150,0.96625,1
direct_code_gen,deepseek,151,0.97609375,1
direct_code_gen,deepseek,152,0.97328125,1
direct_code_gen,deepseek,153,0.9859375,1
direct_code_gen,deepseek,154,0.9775,1
direct_code_gen,deepseek,155,0.97328125,1
direct_code_gen,deepseek,156,0.9803125,1
direct_code_gen,deepseek,157,0.971875,1
direct_code_gen,deepseek,158,0.971875,1
direct_code_gen,deepseek,159,0.96625,1
direct_code_gen,deepseek,160,0.97046875,1
direct_code_gen,deepseek,161,0.97609375,1
direct_code_gen,deepseek,162,0.983125,1
direct_code_gen,deepseek,163,0.0,0
direct_code_gen,deepseek,164,0.9803125,1
direct_code_gen,deepseek,165,0.97328125,1
direct_code_gen,deepseek,166,0.0,0
direct_code_gen,deepseek,167,0.971875,1
direct_code_gen,deepseek,168,0.9775,1
direct_code_gen,deepseek,169,0.0,0
direct_code_gen,deepseek,170,0.98171875,1
direct_code_gen,deepseek,171,0.97890625,1
direct_code_gen,deepseek,172,0.9803125,1
direct_code_gen,deepseek,173,0.98453125,1
direct_code_gen,deepseek,174,0.9775,1
direct_code_gen,deepseek,175,0.971875,1
direct_code_gen,deepseek,176,0.9746875,1
direct_code_gen,deepseek,177,0.97328125,1
direct_code_gen,deepseek,178,0.97609375,1
direct_code_gen,deepseek,179,0.98171875,1
direct_code_gen,deepseek,180,0.9803125,1
direct_code_gen,deepseek,181,0.97328125,1
direct_code_gen,deepseek,182,0.9775,1
direct_code_gen,deepseek,183,0.97328125,1
direct_code_gen,deepseek,184,0.97890625,1
direct_code_gen,deepseek,185,0.971875,1
direct_code_gen,deepseek,186,0.9803125,1
direct_code_gen,deepseek,187,0.97609375,1
direct_code_gen,deepseek,188,0.9803125,1
direct_code_gen,deepseek,189,0.0,0
direct_code_gen,deepseek,190,0.0,0
direct_code_gen,deepseek,191,0.971875,1
direct_code_gen,deepseek,192,0.97890625,1
direct_code_gen,deepseek,193,0.9775,1
direct_code_gen,deepseek,194,0.97609375,1
direct_code_gen,deepseek,195,0.9746875,1
direct_code_gen,deepseek,196,0.9775,1
direct_code_gen,deepseek,197,0.9803125,1
direct_code_gen,deepseek,198,0.971875,1
direct_code_gen,deepseek,199,0.97046875,1
direct_code_gen,deepseek,200,0.97890625,1
direct_code_gen,deepseek,201,0.9775,1
direct_code_gen,deepseek,202,0.97328125,1
direct_code_gen,deepseek,203,0.97046875,1
direct_code_gen,deepseek,204,0.97046875,1
direct_code_gen,deepseek,205,0.9746875,1
direct_code_gen,deepseek,206,0.9690625,1
direct_code_gen,deepseek,207,0.9746875,1
direct_code_gen,deepseek,208,0.98453125,1
direct_code_gen,deepseek,209,0.9690625,1
direct_code_gen,deepseek,210,0.9746875,1
direct_code_gen,deepseek,211,0.97328125,1
direct_code_gen,deepseek,212,0.97328125,1
direct_code_gen,deepseek,213,0.97046875,1
direct_code_gen,deepseek,214,0.9803125,1
direct_code_gen,deepseek,215,0.983125,1
direct_code_gen,deepseek,216,0.9775,1
direct_code_gen,deepseek,217,0.97328125,1
direct_code_gen,deepseek,218,0.9803125,1
direct_code_gen,deepseek,219,0.9746875,1
direct_code_gen,deepseek,220,0.97890625,1
direct_code_gen,deepseek,221,0.9775,1
direct_code_gen,deepseek,222,0.9634375,1
direct_code_gen,deepseek,223,0.9803125,1
direct_code_gen,deepseek,224,0.9775,1
direct_code_gen,deepseek,225,0.97328125,1
direct_code_gen,deepseek,226,0.9746875,1
direct_code_gen,deepseek,227,0.0,0
direct_code_gen,deepseek,228,0.9775,1
direct_code_gen,deepseek,229,0.97046875,1
direct_code_gen,deepseek,230,0.97328125,1
direct_code_gen,deepseek,231,0.96765625,1
direct_code_gen,deepseek,232,0.97890625,1
direct_code_gen,deepseek,233,0.971875,1
direct_code_gen,deepseek,234,0.9746875,1
direct_code_gen,deepseek,235,0.9803125,1
direct_code_gen,deepseek,236,0.971875,1
direct_code_gen,deepseek,237,0.9803125,1
direct_code_gen,deepseek,238,0.97046875,1
direct_code_gen,deepseek,239,0.97046875,1
direct_code_gen,deepseek,240,0.97890625,1
direct_code_gen,deepseek,241,0.97890625,1
direct_code_gen,deepseek,242,0.98171875,1
direct_code_gen,deepseek,243,0.98171875,1
direct_code_gen,deepseek,244,0.9775,1
direct_code_gen,deepseek,245,0.97609375,1
direct_code_gen,deepseek,246,0.97890625,1
direct_code_gen,deepseek,247,0.97609375,1
direct_code_gen,deepseek,248,0.97046875,1
direct_code_gen,deepseek,249,0.96765625,1
direct_code_gen,deepseek,250,0.97890625,1
direct_code_gen,deepseek,251,0.971875,1
direct_code_gen,deepseek,252,0.97046875,1
direct_code_gen,deepseek,253,0.97890625,1
direct_code_gen,deepseek,254,0.971875,1
direct_code_gen,deepseek,255,0.971875,1
direct_code_gen,deepseek,256,0.97328125,1
direct_code_gen,deepseek,257,0.983125,1
direct_code_gen,deepseek,258,0.97890625,1
direct_code_gen,deepseek,259,0.97890625,1
direct_code_gen,deepseek,260,0.9634375,1
direct_code_gen,deepseek,261,0.9775,1
direct_code_gen,deepseek,262,0.9803125,1
direct_code_gen,deepseek,263,0.0,0
direct_code_gen,deepseek,264,0.97609375,1
direct_code_gen,deepseek,265,0.97609375,1
direct_code_gen,deepseek,266,0.97328125,1
direct_code_gen,deepseek,267,0.96765625,1
direct_code_gen,deepseek,268,0.97328125,1
direct_code_gen,deepseek,269,0.97609375,1
direct_code_gen,deepseek,270,0.0,0
direct_code_gen,deepseek,271,0.0,0
direct_code_gen,deepseek,272,0.97328125,1
direct_code_gen,deepseek,273,0.971875,1
direct_code_gen,deepseek,274,0.97609375,1
direct_code_gen,deepseek,275,0.9746875,1
direct_code_gen,deepseek,276,0.97890625,1
direct_code_gen,deepseek,277,0.971875,1
direct_code_gen,deepseek,278,0.983125,1
direct_code_gen,deepseek,279,0.98171875,1
direct_code_gen,deepseek,280,0.9746875,1
direct_code_gen,deepseek,281,0.97328125,1
direct_code_gen,deepseek,282,0.98171875,1
direct_code_gen,deepseek,283,0.97046875,1
direct_code_gen,deepseek,284,0.97890625,1
direct_code_gen,deepseek,285,0.97609375,1
direct_code_gen,deepseek,286,0.971875,1
direct_code_gen,deepseek,287,0.9803125,1
direct_code_gen,deepseek,288,0.971875,1
direct_code_gen,deepseek,289,0.9775,1
direct_code_gen,deepseek,290,0.97046875,1
direct_code_gen,deepseek,291,0.97890625,1
direct_code_gen,deepseek,292,0.97328125,1
direct_code_gen,deepseek,293,0.97609375,1
direct_code_gen,deepseek,294,0.9746875,1
direct_code_gen,deepseek,295,0.97609375,1
direct_code_gen,deepseek,296,0.0,0
direct_code_gen,deepseek,297,0.97890625,1
direct_code_gen,deepseek,298,0.9803125,1
direct_code_gen,deepseek,299,0.9746875,1
direct_code_gen,deepseek,300,0.9803125,1
direct_code_gen,deepseek,301,0.0,0
direct_code_gen,deepseek,302,0.9746875,1
direct_code_gen,deepseek,303,0.9775,1
direct_code_gen,deepseek,304,0.971875,1
direct_code_gen,deepseek,305,0.971875,1
direct_code_gen,deepseek,306,0.98171875,1
direct_code_gen,deepseek,307,0.97046875,1
direct_code_gen,deepseek,308,0.9746875,1
direct_code_gen,deepseek,309,0.971875,1
direct_code_gen,deepseek,310,0.9746875,1
direct_code_gen,deepseek,311,0.9746875,1
direct_code_gen,deepseek,312,0.97328125,1
direct_code_gen,deepseek,313,0.96625,1
direct_code_gen,deepseek,314,0.9746875,1
direct_code_gen,deepseek,315,0.97328125,1
direct_code_gen,deepseek,316,0.97328125,1
direct_code_gen,deepseek,317,0.9803125,1
direct_code_gen,deepseek,318,0.97609375,1
direct_code_gen,deepseek,319,0.97328125,1
direct_code_gen,deepseek,320,0.97890625,1
direct_code_gen,deepseek,321,0.9775,1
direct_code_gen,deepseek,322,0.9746875,1
direct_code_gen,deepseek,323,0.971875,1
direct_code_gen,deepseek,324,0.0,0
direct_code_gen,deepseek,325,0.971875,1
direct_code_gen,deepseek,326,0.9746875,1
direct_code_gen,deepseek,327,0.9746875,1
direct_code_gen,deepseek,328,0.0,0
direct_code_gen,deepseek,329,0.9775,1
direct_code_gen,deepseek,330,0.9746875,1
direct_code_gen,deepseek,331,0.0,0
direct_code_gen,deepseek,332,0.97890625,1
direct_code_gen,deepseek,333,0.97609375,1
direct_code_gen,deepseek,334,0.9775,1
direct_code_gen,deepseek,335,0.9803125,1
direct_code_gen,deepseek,336,0.983125,1
direct_code_gen,deepseek,337,0.97890625,1
direct_code_gen,deepseek,338,0.97609375,1
direct_code_gen,deepseek,339,0.0,0
direct_code_gen,deepseek,340,0.97046875,1
direct_code_gen,deepseek,341,0.9803125,1
direct_code_gen,deepseek,342,0.97328125,1
direct_code_gen,deepseek,343,0.9775,1
direct_code_gen,deepseek,344,0.0,0
direct_code_gen,deepseek,345,0.9690625,1
direct_code_gen,deepseek,346,0.9690625,1
direct_code_gen,deepseek,347,0.9803125,1
direct_code_gen,deepseek,348,0.0,0
direct_code_gen,deepseek,349,0.96765625,1
direct_code_gen,deepseek,350,0.97609375,1
direct_code_gen,deepseek,351,0.9803125,1
direct_code_gen,deepseek,352,0.0,0
direct_code_gen,deepseek,353,0.97609375,1
direct_code_gen,deepseek,354,0.97328125,1
direct_code_gen,deepseek,355,0.9746875,1
direct_code_gen,deepseek,356,0.9803125,1
direct_code_gen,deepseek,357,0.9775,1
direct_code_gen,deepseek,358,0.9746875,1
direct_code_gen,deepseek,359,0.9803125,1
direct_code_gen,deepseek,360,0.9803125,1
direct_code_gen,deepseek,361,0.97046875,1
direct_code_gen,deepseek,362,0.97890625,1
direct_code_gen,deepseek,363,0.971875,1
direct_code_gen,deepseek,364,0.97328125,1
direct_code_gen,deepseek,365,0.98171875,1
direct_code_gen,deepseek,366,0.98171875,1
direct_code_gen,deepseek,367,0.97046875,1
direct_code_gen,deepseek,368,0.9775,1
direct_code_gen,deepseek,369,0.98171875,1
direct_code_gen,deepseek,370,0.97609375,1
direct_code_gen,deepseek,371,0.983125,1
direct_code_gen,deepseek,372,0.97890625,1
direct_code_gen,deepseek,373,0.9746875,1
direct_code_gen,deepseek,374,0.9746875,1
direct_code_gen,deepseek,375,0.98171875,1
direct_code_gen,deepseek,376,0.971875,1
direct_code_gen,deepseek,377,0.97890625,1
direct_code_gen,deepseek,378,0.97609375,1
direct_code_gen,deepseek,379,0.97328125,1
direct_code_gen,deepseek,380,0.97890625,1
direct_code_gen,deepseek,381,0.98453125,1
direct_code_gen,deepseek,382,0.9690625,1
direct_code_gen,deepseek,383,0.97890625,1
direct_code_gen,deepseek,384,0.97890625,1
direct_code_gen,deepseek,385,0.9803125,1
direct_code_gen,deepseek,386,0.971875,1
direct_code_gen,deepseek,387,0.9775,1
direct_code_gen,deepseek,388,0.9746875,1
direct_code_gen,deepseek,389,0.97328125,1
direct_code_gen,deepseek,390,0.9746875,1
direct_code_gen,deepseek,391,0.97046875,1
direct_code_gen,deepseek,392,0.9690625,1
direct_code_gen,deepseek,393,0.97328125,1
direct_code_gen,deepseek,394,0.9775,1
direct_code_gen,deepseek,395,0.9803125,1
direct_code_gen,deepseek,396,0.97609375,1
direct_code_gen,deepseek,397,0.98171875,1
direct_code_gen,deepseek,398,0.9746875,1
direct_code_gen,deepseek,399,0.0,0
direct_code_gen,deepseek,400,0.97609375,1
direct_code_gen,deepseek,401,0.98171875,1
direct_code_gen,deepseek,402,0.9775,1
direct_code_gen,deepseek,403,0.983125,1
direct_code_gen,deepseek,404,0.0,0
direct_code_gen,deepseek,405,0.971875,1
direct_code_gen,deepseek,406,0.9746875,1
direct_code_gen,deepseek,407,0.9690625,1
direct_code_gen,deepseek,408,0.97609375,1
direct_code_gen,deepseek,409,0.97890625,1
direct_code_gen,deepseek,410,0.9803125,1
direct_code_gen,deepseek,411,0.9746875,1
direct_code_gen,deepseek,412,0.9859375,1
direct_code_gen,deepseek,413,0.9775,1
direct_code_gen,deepseek,414,0.9775,1
direct_code_gen,deepseek,415,0.98171875,1
direct_code_gen,deepseek,416,0.96765625,1
direct_code_gen,deepseek,417,0.0,0
direct_code_gen,deepseek,418,0.97890625,1
direct_code_gen,deepseek,419,0.9746875,1
direct_code_gen,deepseek,420,0.97609375,1
direct_code_gen,deepseek,421,0.97609375,1
direct_code_gen,deepseek,422,0.97890625,1
direct_code_gen,deepseek,423,0.97609375,1
direct_code_gen,deepseek,424,0.98453125,1
direct_code_gen,deepseek,425,0.98171875,1
direct_code_gen,deepseek,426,0.96765625,1
direct_code_gen,deepseek,427,0.97609375,1
direct_code_gen,deepseek,428,0.9803125,1
direct_code_gen,deepseek,429,0.9803125,1
direct_code_gen,deepseek,430,0.97890625,1
direct_code_gen,deepseek,431,0.97890625,1
direct_code_gen,deepseek,432,0.98171875,1
direct_code_gen,deepseek,433,0.97890625,1
direct_code_gen,deepseek,434,0.9775,1
direct_code_gen,deepseek,435,0.97046875,1
direct_code_gen,deepseek,436,0.97328125,1
direct_code_gen,deepseek,437,0.0,0
direct_code_gen,deepseek,438,0.98171875,1
direct_code_gen,deepseek,439,0.9859375,1
direct_code_gen,deepseek,440,0.98171875,1
direct_code_gen,deepseek,441,0.97609375,1
direct_code_gen,deepseek,442,0.97890625,1
direct_code_gen,deepseek,443,0.9746875,1
direct_code_gen,deepseek,444,0.9746875,1
direct_code_gen,deepseek,445,0.971875,1
direct_code_gen,deepseek,446,0.98171875,1
direct_code_gen,deepseek,447,0.97890625,1
direct_code_gen,deepseek,448,0.98453125,1
direct_code_gen,deepseek,449,0.97328125,1
direct_code_gen,deepseek,450,0.97890625,1
direct_code_gen,deepseek,451,0.9690625,1
direct_code_gen,deepseek,452,0.9803125,1
direct_code_gen,deepseek,453,0.9746875,1
direct_code_gen,deepseek,454,0.97328125,1
direct_code_gen,deepseek,455,0.9803125,1
direct_code_gen,deepseek,456,0.971875,1
direct_code_gen,deepseek,457,0.97890625,1
direct_code_gen,deepseek,458,0.971875,1
direct_code_gen,deepseek,459,0.97328125,1
direct_code_gen,deepseek,460,0.9803125,1
direct_code_gen,deepseek,461,0.97609375,1
direct_code_gen,deepseek,462,0.9775,1
direct_code_gen,deepseek,463,0.97328125,1
direct_code_gen,deepseek,464,0.97328125,1
direct_code_gen,deepseek,465,0.9803125,1
direct_code_gen,deepseek,466,0.97328125,1
direct_code_gen,deepseek,467,0.971875,1
direct_code_gen,deepseek,468,0.96625,1
direct_code_gen,deepseek,469,0.97328125,1
direct_code_gen,deepseek,470,0.9803125,1
direct_code_gen,deepseek,471,0.97046875,1
direct_code_gen,deepseek,472,0.97046875,1
direct_code_gen,deepseek,473,0.9775,1
direct_code_gen,deepseek,474,0.9775,1
direct_code_gen,deepseek,475,0.97328125,1
direct_code_gen,deepseek,476,0.96765625,1
direct_code_gen,deepseek,477,0.97890625,1
direct_code_gen,deepseek,478,0.97328125,1
direct_code_gen,deepseek,479,0.0,0
direct_code_gen,deepseek,480,0.9803125,1
direct_code_gen,deepseek,481,0.97609375,1
direct_code_gen,deepseek,482,0.97328125,1
direct_code_gen,deepseek,483,0.9746875,1
direct_code_gen,deepseek,484,0.96765625,1
direct_code_gen,deepseek,485,0.0,0
direct_code_gen,deepseek,486,0.9746875,1
direct_code_gen,deepseek,487,0.97328125,1
direct_code_gen,deepseek,488,0.97046875,1
direct_code_gen,deepseek,489,0.97046875,1
direct_code_gen,deepseek,490,0.9690625,1
direct_code_gen,deepseek,491,0.98171875,1
direct_code_gen,deepseek,492,0.9803125,1
direct_code_gen,deepseek,493,0.9803125,1
direct_code_gen,deepseek,494,0.97609375,1
direct_code_gen,deepseek,495,0.9690625,1
direct_code_gen,deepseek,496,0.9746875,1
direct_code_gen,deepseek,497,0.97890625,1
direct_code_gen,deepseek,498,0.98171875,1
direct_code_gen,deepseek,499,0.96625,1
direct_code_gen,deepseek,500,0.97609375,1
direct_code_gen,deepseek,501,0.971875,1
direct_code_gen,deepseek,502,0.97609375,1
direct_code_gen,deepseek,503,0.0,0
direct_code_gen,deepseek,504,0.9803125,1
direct_code_gen,deepseek,505,0.98171875,1
direct_code_gen,deepseek,506,0.983125,1
direct_code_gen,deepseek,507,0.97328125,1
direct_code_gen,deepseek,508,0.97328125,1
direct_code_gen,deepseek,509,0.98171875,1
direct_code_gen,deepseek,510,0.9775,1
direct_code_gen,deepseek,511,0.9690625,1
direct_code_gen,deepseek,512,0.97890625,1
direct_code_gen,deepseek,513,0.98171875,1
direct_code_gen,deepseek,514,0.97890625,1
direct_code_gen,deepseek,515,0.97328125,1
direct_code_gen,deepseek,516,0.97609375,1
direct_code_gen,deepseek,517,0.9775,1
direct_code_gen,deepseek,518,0.97328125,1
direct_code_gen,deepseek,519,0.97046875,1
direct_code_gen,deepseek,520,0.97328125,1
direct_code_gen,deepseek,521,0.97609375,1
direct_code_gen,deepseek,522,0.97609375,1
direct_code_gen,deepseek,523,0.97890625,1
direct_code_gen,deepseek,524,0.0,0
direct_code_gen,deepseek,525,0.9775,1
direct_code_gen,deepseek,526,0.9746875,1
direct_code_gen,deepseek,527,0.98453125,1
direct_code_gen,deepseek,528,0.97328125,1
direct_code_gen,deepseek,529,0.9803125,1
direct_code_gen,deepseek,530,0.97328125,1
direct_code_gen,deepseek,531,0.9775,1
direct_code_gen,deepseek,532,0.97609375,1
direct_code_gen,deepseek,533,0.97046875,1
direct_code_gen,deepseek,534,0.971875,1
direct_code_gen,deepseek,535,0.96625,1
direct_code_gen,deepseek,536,0.98453125,1
direct_code_gen,deepseek,537,0.97609375,1
direct_code_gen,deepseek,538,0.9775,1
direct_code_gen,deepseek,539,0.97046875,1
direct_code_gen,deepseek,540,0.9746875,1
direct_code_gen,deepseek,541,0.97890625,1
direct_code_gen,deepseek,542,0.9803125,1
direct_code_gen,deepseek,543,0.9803125,1
direct_code_gen,deepseek,544,0.9746875,1
direct_code_gen,deepseek,545,0.9746875,1
direct_code_gen,deepseek,546,0.97328125,1
direct_code_gen,deepseek,547,0.0,0
direct_code_gen,deepseek,548,0.97890625,1
direct_code_gen,deepseek,549,0.9746875,1
direct_code_gen,deepseek,550,0.97609375,1
direct_code_gen,deepseek,551,0.97890625,1
direct_code_gen,deepseek,552,0.97890625,1
direct_code_gen,deepseek,553,0.97328125,1
direct_code_gen,deepseek,554,0.97890625,1
direct_code_gen,deepseek,555,0.9775,1
direct_code_gen,deepseek,556,0.9803125,1
direct_code_gen,deepseek,557,0.97609375,1
direct_code_gen,deepseek,558,0.9775,1
direct_code_gen,deepseek,559,0.0,0
direct_code_gen,deepseek,560,0.97890625,1
direct_code_gen,deepseek,561,0.9775,1
direct_code_gen,deepseek,562,0.9803125,1
direct_code_gen,deepseek,563,0.97609375,1
direct_code_gen,deepseek,564,0.9775,1
direct_code_gen,deepseek,565,0.97609375,1
direct_code_gen,deepseek,566,0.9775,1
direct_code_gen,deepseek,567,0.98171875,1
direct_code_gen,deepseek,568,0.9775,1
direct_code_gen,deepseek,569,0.9803125,1
direct_code_gen,deepseek,570,0.97328125,1
direct_code_gen,deepseek,571,0.9746875,1
direct_code_gen,deepseek,572,0.97890625,1
direct_code_gen,deepseek,573,0.9746875,1
direct_code_gen,deepseek,574,0.97328125,1
direct_code_gen,deepseek,575,0.98171875,1
direct_code_gen,deepseek,576,0.971875,1
direct_code_gen,deepseek,577,0.971875,1
direct_code_gen,deepseek,578,0.971875,1
direct_code_gen,deepseek,579,0.97890625,1
direct_code_gen,deepseek,580,0.0,0
direct_code_gen,deepseek,581,0.97890625,1
direct_code_gen,deepseek,582,0.98171875,1
direct_code_gen,deepseek,583,0.971875,1
direct_code_gen,deepseek,584,0.983125,1
direct_code_gen,deepseek,585,0.97609375,1
direct_code_gen,deepseek,586,0.9746875,1
direct_code_gen,deepseek,587,0.98453125,1
direct_code_gen,deepseek,588,0.9775,1
direct_code_gen,deepseek,589,0.9775,1
direct_code_gen,deepseek,590,0.97328125,1
direct_code_gen,deepseek,591,0.97328125,1
direct_code_gen,deepseek,592,0.97328125,1
direct_code_gen,deepseek,593,0.98171875,1
direct_code_gen,deepseek,594,0.9746875,1
direct_code_gen,deepseek,595,0.9775,1
direct_code_gen,deepseek,596,0.97609375,1
direct_code_gen,deepseek,597,0.9746875,1
direct_code_gen,deepseek,598,0.97890625,1
direct_code_gen,deepseek,599,0.97890625,1
direct_code_gen,deepseek,600,0.0,0
direct_code_gen,deepseek,601,0.98171875,1
direct_code_gen,deepseek,602,0.9775,1
direct_code_gen,deepseek,603,0.9775,1
direct_code_gen,deepseek,604,0.97046875,1
direct_code_gen,deepseek,605,0.98171875,1
direct_code_gen,deepseek,606,0.97890625,1
direct_code_gen,deepseek,607,0.97046875,1
direct_code_gen,deepseek,608,0.97890625,1
direct_code_gen,deepseek,609,0.97890625,1
direct_code_gen,deepseek,610,0.97328125,1
direct_code_gen,deepseek,611,0.9690625,1
direct_code_gen,deepseek,612,0.9775,1
direct_code_gen,deepseek,613,0.983125,1
direct_code_gen,deepseek,614,0.9775,1
direct_code_gen,deepseek,615,0.9746875,1
direct_code_gen,deepseek,616,0.97890625,1
direct_code_gen,deepseek,617,0.0,0
direct_code_gen,deepseek,618,0.971875,1
direct_code_gen,deepseek,619,0.9775,1
direct_code_gen,deepseek,620,0.97609375,1
direct_code_gen,deepseek,621,0.9746875,1
direct_code_gen,deepseek,622,0.97890625,1
direct_code_gen,deepseek,623,0.97890625,1
direct_code_gen,deepseek,624,0.9775,1
direct_code_gen,deepseek,625,0.97328125,1
direct_code_gen,deepseek,626,0.97890625,1
direct_code_gen,deepseek,627,0.9775,1
direct_code_gen,deepseek,628,0.9775,1
direct_code_gen,deepseek,629,0.9775,1
direct_code_gen,deepseek,630,0.971875,1
direct_code_gen,deepseek,631,0.983125,1
direct_code_gen,deepseek,632,0.0,0
direct_code_gen,deepseek,633,0.9775,1
direct_code_gen,deepseek,634,0.97609375,1
direct_code_gen,deepseek,635,0.98453125,1
direct_code_gen,deepseek,636,0.971875,1
direct_code_gen,deepseek,637,0.971875,1
direct_code_gen,deepseek,638,0.97890625,1
direct_code_gen,deepseek,639,0.97609375,1
direct_code_gen,deepseek,640,0.97890625,1
direct_code_gen,deepseek,641,0.96625,1
direct_code_gen,deepseek,642,0.97609375,1
direct_code_gen,deepseek,643,0.97890625,1
direct_code_gen,deepseek,644,0.98171875,1
direct_code_gen,deepseek,645,0.97890625,1
direct_code_gen,deepseek,646,0.0,0
direct_code_gen,deepseek,647,0.971875,1
direct_code_gen,deepseek,648,0.96765625,1
direct_code_gen,deepseek,649,0.97609375,1
direct_code_gen,deepseek,650,0.97328125,1
direct_code_gen,deepseek,651,0.98734375,1
direct_code_gen,deepseek,652,0.9746875,1
direct_code_gen,deepseek,653,0.9775,1
direct_code_gen,deepseek,654,0.0,0
direct_code_gen,deepseek,655,0.9746875,1
direct_code_gen,deepseek,656,0.0,0
direct_code_gen,deepseek,657,0.97328125,1
direct_code_gen,deepseek,658,0.9775,1
direct_code_gen,deepseek,659,0.97890625,1
direct_code_gen,deepseek,660,0.9775,1
direct_code_gen,deepseek,661,0.9746875,1
direct_code_gen,deepseek,662,0.9803125,1
direct_code_gen,deepseek,663,0.97890625,1
direct_code_gen,deepseek,664,0.97046875,1
direct_code_gen,deepseek,665,0.97328125,1
direct_code_gen,deepseek,666,0.0,0
direct_code_gen,deepseek,667,0.9859375,1
direct_code_gen,deepseek,668,0.9746875,1
direct_code_gen,deepseek,669,0.97890625,1
direct_code_gen,deepseek,670,0.0,0
direct_code_gen,deepseek,671,0.98171875,1
direct_code_gen,deepseek,672,0.98171875,1
direct_code_gen,deepseek,673,0.98171875,1
direct_code_gen,deepseek,674,0.97890625,1
direct_code_gen,deepseek,675,0.97046875,1
direct_code_gen,deepseek,676,0.983125,1
direct_code_gen,deepseek,677,0.97890625,1
direct_code_gen,deepseek,678,0.97890625,1
direct_code_gen,deepseek,679,0.9775,1
direct_code_gen,deepseek,680,0.97046875,1
direct_code_gen,deepseek,681,0.9746875,1
direct_code_gen,deepseek,682,0.97609375,1
direct_code_gen,deepseek,683,0.9746875,1
direct_code_gen,deepseek,684,0.97328125,1
direct_code_gen,deepseek,685,0.96765625,1
direct_code_gen,deepseek,686,0.9690625,1
direct_code_gen,deepseek,687,0.9803125,1
direct_code_gen,deepseek,688,0.9746875,1
direct_code_gen,deepseek,689,0.9803125,1
direct_code_gen,deepseek,690,0.9634375,1
direct_code_gen,deepseek,691,0.97609375,1
direct_code_gen,deepseek,692,0.97328125,1
direct_code_gen,deepseek,693,0.97890625,1
direct_code_gen,deepseek,694,0.9690625,1
direct_code_gen,deepseek,695,0.97890625,1
direct_code_gen,deepseek,696,0.97890625,1
direct_code_gen,deepseek,697,0.97890625,1
direct_code_gen,deepseek,698,0.97328125,1
direct_code_gen,deepseek,699,0.971875,1
direct_code_gen,deepseek,700,0.97328125,1
direct_code_gen,deepseek,701,0.0,0
direct_code_gen,deepseek,702,0.97890625,1
direct_code_gen,deepseek,703,0.9746875,1
direct_code_gen,deepseek,704,0.97046875,1
direct_code_gen,deepseek,705,0.9775,1
direct_code_gen,deepseek,706,0.97890625,1
direct_code_gen,deepseek,707,0.9803125,1
direct_code_gen,deepseek,708,0.9803125,1
direct_code_gen,deepseek,709,0.9803125,1
direct_code_gen,deepseek,710,0.97609375,1
direct_code_gen,deepseek,711,0.9746875,1
direct_code_gen,deepseek,712,0.97609375,1
direct_code_gen,deepseek,713,0.9746875,1
direct_code_gen,deepseek,714,0.9746875,1
direct_code_gen,deepseek,715,0.9775,1
direct_code_gen,deepseek,716,0.971875,1
direct_code_gen,deepseek,717,0.98171875,1
direct_code_gen,deepseek,718,0.97890625,1
direct_code_gen,deepseek,719,0.98171875,1
direct_code_gen,deepseek,720,0.9775,1
direct_code_gen,deepseek,721,0.97890625,1
direct_code_gen,deepseek,722,0.971875,1
direct_code_gen,deepseek,723,0.971875,1
direct_code_gen,deepseek,724,0.98171875,1
direct_code_gen,deepseek,725,0.97890625,1
direct_code_gen,deepseek,726,0.97890625,1
direct_code_gen,deepseek,727,0.0,0
direct_code_gen,deepseek,728,0.9690625,1
direct_code_gen,deepseek,729,0.9775,1
direct_code_gen,deepseek,730,0.97609375,1
direct_code_gen,deepseek,731,0.97890625,1
direct_code_gen,deepseek,732,0.971875,1
direct_code_gen,deepseek,733,0.9803125,1
direct_code_gen,deepseek,734,0.9775,1
direct_code_gen,deepseek,735,0.9690625,1
direct_code_gen,deepseek,736,0.97609375,1
direct_code_gen,deepseek,737,0.97609375,1
direct_code_gen,deepseek,738,0.98453125,1
direct_code_gen,deepseek,739,0.9775,1
direct_code_gen,deepseek,740,0.9775,1
direct_code_gen,deepseek,741,0.9746875,1
direct_code_gen,deepseek,742,0.97890625,1
direct_code_gen,deepseek,743,0.9775,1
direct_code_gen,deepseek,744,0.9690625,1
direct_code_gen,deepseek,745,0.97046875,1
direct_code_gen,deepseek,746,0.98171875,1
direct_code_gen,deepseek,747,0.971875,1
direct_code_gen,deepseek,748,0.97609375,1
direct_code_gen,deepseek,749,0.97890625,1
direct_code_gen,deepseek,750,0.97890625,1
direct_code_gen,deepseek,751,0.9746875,1
direct_code_gen,deepseek,752,0.0,0
direct_code_gen,deepseek,753,0.97046875,1
direct_code_gen,deepseek,754,0.9746875,1
direct_code_gen,deepseek,755,0.97609375,1
direct_code_gen,deepseek,756,0.9775,1
direct_code_gen,deepseek,757,0.97890625,1
direct_code_gen,deepseek,758,0.9803125,1
direct_code_gen,deepseek,759,0.9775,1
direct_code_gen,deepseek,760,0.97046875,1
direct_code_gen,deepseek,761,0.9803125,1
direct_code_gen,deepseek,762,0.0,0
direct_code_gen,deepseek,763,0.9746875,1
direct_code_gen,deepseek,764,0.9775,1
direct_code_gen,deepseek,765,0.9775,1
direct_code_gen,deepseek,766,0.97890625,1
direct_code_gen,deepseek,767,0.97328125,1
direct_code_gen,deepseek,768,0.97609375,1
direct_code_gen,deepseek,769,0.971875,1
direct_code_gen,deepseek,770,0.9746875,1
direct_code_gen,deepseek,771,0.983125,1
direct_code_gen,deepseek,772,0.97328125,1
direct_code_gen,deepseek,773,0.97609375,1
direct_code_gen,deepseek,774,0.98453125,1
direct_code_gen,deepseek,775,0.9746875,1
direct_code_gen,deepseek,776,0.97890625,1
direct_code_gen,deepseek,777,0.0,0
direct_code_gen,deepseek,778,0.9775,1
direct_code_gen,deepseek,779,0.97328125,1
direct_code_gen,deepseek,780,0.9746875,1
direct_code_gen,deepseek,781,0.97609375,1
direct_code_gen,deepseek,782,0.9775,1
direct_code_gen,deepseek,783,0.971875,1
direct_code_gen,deepseek,784,0.971875,1
direct_code_gen,deepseek,785,0.9775,1
direct_code_gen,deepseek,786,0.97609375,1
direct_code_gen,deepseek,787,0.971875,1
direct_code_gen,deepseek,788,0.97328125,1
direct_code_gen,deepseek,789,0.9746875,1
direct_code_gen,deepseek,790,0.97328125,1
direct_code_gen,deepseek,791,0.97609375,1
direct_code_gen,deepseek,792,0.983125,1
direct_code_gen,deepseek,793,0.97609375,1
direct_code_gen,deepseek,794,0.97609375,1
direct_code_gen,deepseek,795,0.96765625,1
direct_code_gen,deepseek,796,0.971875,1
direct_code_gen,deepseek,797,0.97328125,1
direct_code_gen,deepseek,798,0.9803125,1
direct_code_gen,deepseek,799,0.97609375,1
direct_code_gen,deepseek,800,0.9803125,1
direct_code_gen,deepseek,801,0.96484375,1
direct_code_gen,deepseek,802,0.0,0
direct_code_gen,deepseek,803,0.98171875,1
direct_code_gen,deepseek,804,0.9746875,1
direct_code_gen,deepseek,805,0.97609375,1
direct_code_gen,deepseek,806,0.9746875,1
direct_code_gen,deepseek,807,0.9803125,1
direct_code_gen,deepseek,808,0.97890625,1
direct_code_gen,deepseek,809,0.97328125,1
direct_code_gen,deepseek,810,0.97328125,1
direct_code_gen,deepseek,811,0.97328125,1
direct_code_gen,deepseek,812,0.97890625,1
direct_code_gen,deepseek,813,0.97890625,1
direct_code_gen,deepseek,814,0.97609375,1
direct_code_gen,deepseek,815,0.9775,1
direct_code_gen,deepseek,816,0.97328125,1
direct_code_gen,deepseek,817,0.98453125,1
direct_code_gen,deepseek,818,0.97609375,1
direct_code_gen,deepseek,819,0.97609375,1
direct_code_gen,deepseek,820,0.9859375,1
direct_code_gen,deepseek,821,0.9746875,1
direct_code_gen,deepseek,822,0.98453125,1
direct_code_gen,deepseek,823,0.97609375,1
direct_code_gen,deepseek,824,0.97046875,1
direct_code_gen,deepseek,825,0.9746875,1
direct_code_gen,deepseek,826,0.97046875,1
direct_code_gen,deepseek,827,0.97328125,1
direct_code_gen,deepseek,828,0.971875,1
direct_code_gen,deepseek,829,0.98171875,1
direct_code_gen,deepseek,830,0.98171875,1
direct_code_gen,deepseek,831,0.97609375,1
direct_code_gen,deepseek,832,0.98171875,1
direct_code_gen,deepseek,833,0.97890625,1
direct_code_gen,deepseek,834,0.97328125,1
direct_code_gen,deepseek,835,0.97890625,1
direct_code_gen,deepseek,836,0.9746875,1
direct_code_gen,deepseek,837,0.9746875,1
direct_code_gen,deepseek,838,0.97890625,1
direct_code_gen,deepseek,839,0.98171875,1
direct_code_gen,deepseek,840,0.97609375,1
direct_code_gen,deepseek,841,0.98171875,1
direct_code_gen,deepseek,842,0.97609375,1
direct_code_gen,deepseek,843,0.971875,1
direct_code_gen,deepseek,844,0.97328125,1
direct_code_gen,deepseek,845,0.9803125,1
direct_code_gen,deepseek,846,0.97890625,1
direct_code_gen,deepseek,847,0.9803125,1
direct_code_gen,deepseek,848,0.97046875,1
direct_code_gen,deepseek,849,0.96765625,1
direct_code_gen,deepseek,850,0.9803125,1
direct_code_gen,deepseek,851,0.97890625,1
direct_code_gen,deepseek,852,0.97890625,1
direct_code_gen,deepseek,853,0.98171875,1
direct_code_gen,deepseek,854,0.971875,1
direct_code_gen,deepseek,855,0.97890625,1
direct_code_gen,deepseek,856,0.97890625,1
direct_code_gen,deepseek,857,0.971875,1
direct_code_gen,deepseek,858,0.97890625,1
direct_code_gen,deepseek,859,0.971875,1
direct_code_gen,deepseek,860,0.98453125,1
direct_code_gen,deepseek,861,0.98171875,1
direct_code_gen,deepseek,862,0.97328125,1
direct_code_gen,deepseek,863,0.98171875,1
direct_code_gen,deepseek,864,0.9775,1
direct_code_gen,deepseek,865,0.9690625,1
direct_code_gen,deepseek,866,0.9746875,1
direct_code_gen,deepseek,867,0.97890625,1
direct_code_gen,deepseek,868,0.9746875,1
direct_code_gen,deepseek,869,0.9775,1
direct_code_gen,deepseek,870,0.9746875,1
direct_code_gen,deepseek,871,0.98171875,1
direct_code_gen,deepseek,872,0.97046875,1
direct_code_gen,deepseek,873,0.97328125,1
direct_code_gen,deepseek,874,0.97890625,1
direct_code_gen,deepseek,875,0.971875,1
direct_code_gen,deepseek,876,0.9690625,1
direct_code_gen,deepseek,877,0.97890625,1
direct_code_gen,deepseek,878,0.97328125,1
direct_code_gen,deepseek,879,0.97890625,1
direct_code_gen,deepseek,880,0.9775,1
direct_code_gen,deepseek,881,0.9803125,1
direct_code_gen,deepseek,882,0.98171875,1
direct_code_gen,deepseek,883,0.98171875,1
direct_code_gen,deepseek,884,0.9746875,1
direct_code_gen,deepseek,885,0.9690625,1
direct_code_gen,deepseek,886,0.9746875,1
direct_code_gen,deepseek,887,0.9775,1
direct_code_gen,deepseek,888,0.983125,1
direct_code_gen,deepseek,889,0.97328125,1
direct_code_gen,deepseek,890,0.9746875,1
direct_code_gen,deepseek,891,0.9775,1
direct_code_gen,deepseek,892,0.9690625,1
direct_code_gen,deepseek,893,0.97328125,1
direct_code_gen,deepseek,894,0.9746875,1
direct_code_gen,deepseek,895,0.983125,1
direct_code_gen,deepseek,896,0.98171875,1
direct_code_gen,deepseek,897,0.9803125,1
direct_code_gen,deepseek,898,0.9775,1
direct_code_gen,deepseek,899,0.97609375,1
direct_code_gen,deepseek,900,0.9803125,1
direct_code_gen,deepseek,901,0.9746875,1
direct_code_gen,deepseek,902,0.0,0
direct_code_gen,deepseek,903,0.9746875,1
direct_code_gen,deepseek,904,0.9775,1
direct_code_gen,deepseek,905,0.9803125,1
direct_code_gen,deepseek,906,0.971875,1
direct_code_gen,deepseek,907,0.9746875,1
direct_code_gen,deepseek,908,0.9746875,1
direct_code_gen,deepseek,909,0.97328125,1
direct_code_gen,deepseek,910,0.97609375,1
direct_code_gen,deepseek,911,0.97890625,1
direct_code_gen,deepseek,912,0.9803125,1
direct_code_gen,deepseek,913,0.97046875,1
direct_code_gen,deepseek,914,0.971875,1
direct_code_gen,deepseek,915,0.98734375,1
direct_code_gen,deepseek,916,0.96484375,1
direct_code_gen,deepseek,917,0.971875,1
direct_code_gen,deepseek,918,0.9775,1
direct_code_gen,deepseek,919,0.97609375,1
direct_code_gen,deepseek,920,0.9746875,1
direct_code_gen,deepseek,921,0.97328125,1
direct_code_gen,deepseek,922,0.97328125,1
direct_code_gen,deepseek,923,0.9775,1
direct_code_gen,deepseek,924,0.97890625,1
direct_code_gen,deepseek,925,0.97046875,1
direct_code_gen,deepseek,926,0.9690625,1
direct_code_gen,deepseek,927,0.983125,1
direct_code_gen,deepseek,928,0.9775,1
direct_code_gen,deepseek,929,0.97328125,1
direct_code_gen,deepseek,930,0.97890625,1
direct_code_gen,deepseek,931,0.97609375,1
direct_code_gen,deepseek,932,0.9803125,1
direct_code_gen,deepseek,933,0.97890625,1
direct_code_gen,deepseek,934,0.971875,1
direct_code_gen,deepseek,935,0.97890625,1
direct_code_gen,deepseek,936,0.97609375,1
direct_code_gen,deepseek,937,0.97890625,1
direct_code_gen,deepseek,938,0.9746875,1
direct_code_gen,deepseek,939,0.98171875,1
direct_code_gen,deepseek,940,0.9775,1
direct_code_gen,deepseek,941,0.983125,1
direct_code_gen,deepseek,942,0.9803125,1
direct_code_gen,deepseek,943,0.9803125,1
direct_code_gen,deepseek,944,0.971875,1
direct_code_gen,deepseek,945,0.9803125,1
direct_code_gen,deepseek,946,0.96765625,1
direct_code_gen,deepseek,947,0.97890625,1
direct_code_gen,deepseek,948,0.971875,1
direct_code_gen,deepseek,949,0.9775,1
direct_code_gen,deepseek,950,0.0,0
direct_code_gen,deepseek,951,0.98171875,1
direct_code_gen,deepseek,952,0.971875,1
direct_code_gen,deepseek,953,0.97609375,1
direct_code_gen,deepseek,954,0.9803125,1
direct_code_gen,deepseek,955,0.9746875,1
direct_code_gen,deepseek,956,0.96765625,1
direct_code_gen,deepseek,957,0.9859375,1
direct_code_gen,deepseek,958,0.9775,1
direct_code_gen,deepseek,959,0.9690625,1
direct_code_gen,deepseek,960,0.97890625,1
direct_code_gen,deepseek,961,0.97609375,1
direct_code_gen,deepseek,962,0.97328125,1
direct_code_gen,deepseek,963,0.9775,1
direct_code_gen,deepseek,964,0.0,0
direct_code_gen,deepseek,965,0.9690625,1
direct_code_gen,deepseek,966,0.971875,1
direct_code_gen,deepseek,967,0.9746875,1
direct_code_gen,deepseek,968,0.97609375,1
direct_code_gen,deepseek,969,0.97609375,1
direct_code_gen,deepseek,970,0.97609375,1
direct_code_gen,deepseek,971,0.96484375,1
direct_code_gen,deepseek,972,0.0,0
direct_code_gen,deepseek,973,0.97328125,1
direct_code_gen,deepseek,974,0.97890625,1
direct_code_gen,deepseek,975,0.9690625,1
direct_code_gen,deepseek,976,0.97890625,1
direct_code_gen,deepseek,977,0.9775,1
direct_code_gen,deepseek,978,0.0,0
direct_code_gen,deepseek,979,0.9746875,1
direct_code_gen,deepseek,980,0.0,0
direct_code_gen,deepseek,981,0.9634375,1
direct_code_gen,deepseek,982,0.97328125,1
direct_code_gen,deepseek,983,0.9746875,1
direct_code_gen,deepseek,984,0.9803125,1
direct_code_gen,deepseek,985,0.97609375,1
direct_code_gen,deepseek,986,0.9803125,1
direct_code_gen,deepseek,987,0.96484375,1
direct_code_gen,deepseek,988,0.9775,1
direct_code_gen,deepseek,989,0.9690625,1
direct_code_gen,deepseek,990,0.97609375,1
direct_code_gen,deepseek,991,0.9746875,1
direct_code_gen,deepseek,992,0.96765625,1
direct_code_gen,deepseek,993,0.9775,1
direct_code_gen,deepseek,994,0.0,0
direct_code_gen,deepseek,995,0.9775,1
direct_code_gen,deepseek,996,0.98171875,1
direct_code_gen,deepseek,997,0.9746875,1
direct_code_gen,deepseek,998,0.9746875,1
direct_code_gen,deepseek,999,0.97328125,1
direct_code_gen,gpt_4o,0,0.0,0
direct_code_gen,gpt_4o,1,0.0,0
direct_code_gen,gpt_4o,2,0.0,0
direct_code_gen,gpt_4o,3,0.0,0
direct_code_gen,gpt_4o,4,0.0,0
direct_code_gen,gpt_4o,5,0.0,0
direct_code_gen,gpt_4o,6,0.0,0
direct_code_gen,gpt_4o,7,0.0,0
direct_code_gen,gpt_4o,8,0.0,0
direct_code_gen,gpt_4o,9,0.0,0
direct_code_gen,gpt_4o,10,0.0,0
direct_code_gen,gpt_4o,11,0.0,0
direct_code_gen,gpt_4o,12,0.0,0
direct_code_gen,gpt_4o,13,0.0,0
direct_code_gen,gpt_4o,14,0.0,0
direct_code_gen,gpt_4o,15,0.0,0
direct_code_gen,gpt_4o,16,0.0,0
direct_code_gen,gpt_4o,17,0.0,0
direct_code_gen,gpt_4o,18,0.0,0
direct_code_gen,gpt_4o,19,0.0,0
direct_code_gen,gpt_4o,20,0.0,0
direct_code_gen,gpt_4o,21,0.0,0
direct_code_gen,gpt_4o,22,0.0,0
direct_code_gen,gpt_4o,23,0.0,0
direct_code_gen,gpt_4o,24,0.0,0
direct_code_gen,gpt_4o,25,0.0,0
direct_code_gen,gpt_4o,26,0.0,0
direct_code_gen,gpt_4o,27,0.0,0
direct_code_gen,gpt_4o,28,0.0,0
direct_code_gen,gpt_4o,29,0.0,0
direct_code_gen,gpt_4o,30,0.0,0
direct_code_gen,gpt_4o,31,0.0,0
direct_code_gen,gpt_4o,32,0.0,0
direct_code_gen,gpt_4o,33,0.0,0
direct_code_gen,gpt_4o,34,0.0,0
direct_code_gen,gpt_4o,35,0.0,0
direct_code_gen,gpt_4o,36,0.0,0
direct_code_gen,gpt_4o,37,0.0,0
direct_code_gen,gpt_4o,38,0.0,0
direct_code_gen,gpt_4o,39,0.0,0
direct_code_gen,gpt_4o,40,0.0,0
direct_code_gen,gpt_4o,41,0.0,0
direct_code_gen,gpt_4o,42,0.0,0
direct_code_gen,gpt_4o,43,0.0,0
direct_code_gen,gpt_4o,44,0.0,0
direct_code_gen,gpt_4o,45,0.0,0
direct_code_gen,gpt_4o,46,0.0,0
direct_code_gen,gpt_4o,47,0.0,0
direct_code_gen,gpt_4o,48,0.0,0
direct_code_gen,gpt_4o,49,0.0,0
direct_code_gen,gpt_4o,50,0.0,0
direct_code_gen,gpt_4o,51,0.0,0
direct_code_gen,gpt_4o,52,0.0,0
direct_code_gen,gpt_4o,53,0.0,0
direct_code_gen,gpt_4o,54,0.0,0
direct_code_gen,gpt_4o,55,0.0,0
direct_code_gen,gpt_4o,56,0.0,0
direct_code_gen,gpt_4o,57,0.0,0
direct_code_gen,gpt_4o,58,0.0,0
direct_code_gen,gpt_4o,59,0.0,0
direct_code_gen,gpt_4o,60,0.0,0
direct_code_gen,gpt_4o,61,0.0,0
direct_code_gen,gpt_4o,62,0.0,0
direct_code_gen,gpt_4o,63,0.0,0
direct_code_gen,gpt_4o,64,0.0,0
direct_code_gen,gpt_4o,65,0.0,0
direct_code_gen,gpt_4o,66,0.0,0
direct_code_gen,gpt_4o,67,0.0,0
direct_code_gen,gpt_4o,68,0.0,0
direct_code_gen,gpt_4o,69,0.0,0
direct_code_gen,gpt_4o,70,0.0,0
direct_code_gen,gpt_4o,71,0.0,0
direct_code_gen,gpt_4o,72,0.0,0
direct_code_gen,gpt_4o,73,0.0,0
direct_code_gen,gpt_4o,74,0.0,0
direct_code_gen,gpt_4o,75,0.0,0
direct_code_gen,gpt_4o,76,0.0,0
direct_code_gen,gpt_4o,77,0.0,0
direct_code_gen,gpt_4o,78,0.0,0
direct_code_gen,gpt_4o,79,0.0,0
direct_code_gen,gpt_4o,80,0.0,0
direct_code_gen,gpt_4o,81,0.0,0
direct_code_gen,gpt_4o,82,0.0,0
direct_code_gen,gpt_4o,83,0.0,0
direct_code_gen,gpt_4o,84,0.0,0
direct_code_gen,gpt_4o,85,0.0,0
direct_code_gen,gpt_4o,86,0.0,0
direct_code_gen,gpt_4o,87,0.0,0
direct_code_gen,gpt_4o,88,0.0,0
direct_code_gen,gpt_4o,89,0.0,0
direct_code_gen,gpt_4o,90,0.0,0
direct_code_gen,gpt_4o,91,0.0,0
direct_code_gen,gpt_4o,92,0.0,0
direct_code_gen,gpt_4o,93,0.0,0
direct_code_gen,gpt_4o,94,0.0,0
direct_code_gen,gpt_4o,95,0.0,0
direct_code_gen,gpt_4o,96,0.0,0
direct_code_gen,gpt_4o,97,0.0,0
direct_code_gen,gpt_4o,98,0.0,0
direct_code_gen,gpt_4o,99,0.0,0
direct_code_gen,gpt_4o,100,0.0,0
direct_code_gen,gpt_4o,101,0.0,0
direct_code_gen,gpt_4o,102,0.0,0
direct_code_gen,gpt_4o,103,0.0,0
direct_code_gen,gpt_4o,104,0.0,0
direct_code_gen,gpt_4o,105,0.0,0
direct_code_gen,gpt_4o,106,0.0,0
direct_code_gen,gpt_4o,107,0.0,0
direct_code_gen,gpt_4o,108,0.0,0
direct_code_gen,gpt_4o,109,0.0,0
direct_code_gen,gpt_4o,110,0.0,0
direct_code_gen,gpt_4o,111,0.0,0
direct_code_gen,gpt_4o,112,0.0,0
direct_code_gen,gpt_4o,113,0.0,0
direct_code_gen,gpt_4o,114,0.0,0
direct_code_gen,gpt_4o,115,0.0,0
direct_code_gen,gpt_4o,116,0.0,0
direct_code_gen,gpt_4o,117,0.0,0
direct_code_gen,gpt_4o,118,0.0,0
direct_code_gen,gpt_4o,119,0.0,0
direct_code_gen,gpt_4o,120,0.0,0
direct_code_gen,gpt_4o,121,0.0,0
direct_code_gen,gpt_4o,122,0.0,0
direct_code_gen,gpt_4o,123,0.0,0
direct_code_gen,gpt_4o,124,0.0,0
direct_code_gen,gpt_4o,125,0.0,0
direct_code_gen,gpt_4o,126,0.0,0
direct_code_gen,gpt_4o,127,0.0,0
direct_code_gen,gpt_4o,128,0.0,0
direct_code_gen,gpt_4o,129,0.0,0
direct_code_gen,gpt_4o,130,0.0,0
direct_code_gen,gpt_4o,131,0.0,0
direct_code_gen,gpt_4o,132,0.0,0
direct_code_gen,gpt_4o,133,0.0,0
direct_code_gen,gpt_4o,134,0.0,0
direct_code_gen,gpt_4o,135,0.0,0
direct_code_gen,gpt_4o,136,0.0,0
direct_code_gen,gpt_4o,137,0.0,0
direct_code_gen,gpt_4o,138,0.0,0
direct_code_gen,gpt_4o,139,0.0,0
direct_code_gen,gpt_4o,140,0.0,0
direct_code_gen,gpt_4o,141,0.0,0
direct_code_gen,gpt_4o,142,0.0,0
direct_code_gen,gpt_4o,143,0.0,0
direct_code_gen,gpt_4o,144,0.0,0
direct_code_gen,gpt_4o,145,0.0,0
direct_code_gen,gpt_4o,146,0.0,0
direct_code_gen,gpt_4o,147,0.0,0
direct_code_gen,gpt_4o,148,0.0,0
direct_code_gen,gpt_4o,149,0.0,0
direct_code_gen,gpt_4o,150,0.0,0
direct_code_gen,gpt_4o,151,0.0,0
direct_code_gen,gpt_4o,152,0.0,0
direct_code_gen,gpt_4o,153,0.0,0
direct_code_gen,gpt_4o,154,0.0,0
direct_code_gen,gpt_4o,155,0.0,0
direct_code_gen,gpt_4o,156,0.0,0
direct_code_gen,gpt_4o,157,0.0,0
direct_code_gen,gpt_4o,158,0.0,0
direct_code_gen,gpt_4o,159,0.0,0
direct_code_gen,gpt_4o,160,0.0,0
direct_code_gen,gpt_4o,161,0.0,0
direct_code_gen,gpt_4o,162,0.0,0
direct_code_gen,gpt_4o,163,0.0,0
direct_code_gen,gpt_4o,164,0.0,0
direct_code_gen,gpt_4o,165,0.0,0
direct_code_gen,gpt_4o,166,0.0,0
direct_code_gen,gpt_4o,167,0.0,0
direct_code_gen,gpt_4o,168,0.0,0
direct_code_gen,gpt_4o,169,0.0,0
direct_code_gen,gpt_4o,170,0.0,0
direct_code_gen,gpt_4o,171,0.0,0
direct_code_gen,gpt_4o,172,0.0,0
direct_code_gen,gpt_4o,173,0.0,0
direct_code_gen,gpt_4o,174,0.0,0
direct_code_gen,gpt_4o,175,0.0,0
direct_code_gen,gpt_4o,176,0.0,0
direct_code_gen,gpt_4o,177,0.0,0
direct_code_gen,gpt_4o,178,0.0,0
direct_code_gen,gpt_4o,179,0.0,0
direct_code_gen,gpt_4o,180,0.0,0
direct_code_gen,gpt_4o,181,0.0,0
direct_code_gen,gpt_4o,182,0.0,0
direct_code_gen,gpt_4o,183,0.0,0
direct_code_gen,gpt_4o,184,0.0,0
direct_code_gen,gpt_4o,185,0.0,0
direct_code_gen,gpt_4o,186,0.0,0
direct_code_gen,gpt_4o,187,0.0,0
direct_code_gen,gpt_4o,188,0.0,0
direct_code_gen,gpt_4o,189,0.0,0
direct_code_gen,gpt_4o,190,0.0,0
direct_code_gen,gpt_4o,191,0.0,0
direct_code_gen,gpt_4o,192,0.0,0
direct_code_gen,gpt_4o,193,0.0,0
direct_code_gen,gpt_4o,194,0.0,0
direct_code_gen,gpt_4o,195,0.0,0
direct_code_gen,gpt_4o,196,0.0,0
direct_code_gen,gpt_4o,197,0.0,0
direct_code_gen,gpt_4o,198,0.0,0
direct_code_gen,gpt_4o,199,0.0,0
direct_code_gen,gpt_4o,200,0.0,0
direct_code_gen,gpt_4o,201,0.0,0
direct_code_gen,gpt_4o,202,0.0,0
direct_code_gen,gpt_4o,203,0.0,0
direct_code_gen,gpt_4o,204,0.0,0
direct_code_gen,gpt_4o,205,0.0,0
direct_code_gen,gpt_4o,206,0.0,0
direct_code_gen,gpt_4o,207,0.0,0
direct_code_gen,gpt_4o,208,0.0,0
direct_code_gen,gpt_4o,209,0.0,0
direct_code_gen,gpt_4o,210,0.0,0
direct_code_gen,gpt_4o,211,0.0,0
direct_code_gen,gpt_4o,212,0.0,0
direct_code_gen,gpt_4o,213,0.0,0
direct_code_gen,gpt_4o,214,0.0,0
direct_code_gen,gpt_4o,215,0.0,0
direct_code_gen,gpt_4o,216,0.0,0
direct_code_gen,gpt_4o,217,0.0,0
direct_code_gen,gpt_4o,218,0.0,0
direct_code_gen,gpt_4o,219,0.0,0
direct_code_gen,gpt_4o,220,0.0,0
direct_code_gen,gpt_4o,221,0.0,0
direct_code_gen,gpt_4o,222,0.0,0
direct_code_gen,gpt_4o,223,0.0,0
direct_code_gen,gpt_4o,224,0.0,0
direct_code_gen,gpt_4o,225,0.0,0
direct_code_gen,gpt_4o,226,0.0,0
direct_code_gen,gpt_4o,227,0.0,0
direct_code_gen,gpt_4o,228,0.0,0
direct_code_gen,gpt_4o,229,0.0,0
direct_code_gen,gpt_4o,230,0.0,0
direct_code_gen,gpt_4o,231,0.0,0
direct_code_gen,gpt_4o,232,0.0,0
direct_code_gen,gpt_4o,233,0.0,0
direct_code_gen,gpt_4o,234,0.0,0
direct_code_gen,gpt_4o,235,0.0,0
direct_code_gen,gpt_4o,236,0.0,0
direct_code_gen,gpt_4o,237,0.0,0
direct_code_gen,gpt_4o,238,0.0,0
direct_code_gen,gpt_4o,239,0.0,0
direct_code_gen,gpt_4o,240,0.0,0
direct_code_gen,gpt_4o,241,0.0,0
direct_code_gen,gpt_4o,242,0.0,0
direct_code_gen,gpt_4o,243,0.0,0
direct_code_gen,gpt_4o,244,0.0,0
direct_code_gen,gpt_4o,245,0.0,0
direct_code_gen,gpt_4o,246,0.0,0
direct_code_gen,gpt_4o,247,0.0,0
direct_code_gen,gpt_4o,248,0.0,0
direct_code_gen,gpt_4o,249,0.0,0
direct_code_gen,gpt_4o,250,0.0,0
direct_code_gen,gpt_4o,251,0.0,0
direct_code_gen,gpt_4o,252,0.0,0
direct_code_gen,gpt_4o,253,0.0,0
direct_code_gen,gpt_4o,254,0.0,0
direct_code_gen,gpt_4o,255,0.0,0
direct_code_gen,gpt_4o,256,0.0,0
direct_code_gen,gpt_4o,257,0.0,0
direct_code_gen,gpt_4o,258,0.0,0
direct_code_gen,gpt_4o,259,0.0,0
direct_code_gen,gpt_4o,260,0.0,0
direct_code_gen,gpt_4o,261,0.0,0
direct_code_gen,gpt_4o,262,0.0,0
direct_code_gen,gpt_4o,263,0.0,0
direct_code_gen,gpt_4o,264,0.0,0
direct_code_gen,gpt_4o,265,0.0,0
direct_code_gen,gpt_4o,266,0.0,0
direct_code_gen,gpt_4o,267,0.0,0
direct_code_gen,gpt_4o,268,0.0,0
direct_code_gen,gpt_4o,269,0.0,0
direct_code_gen,gpt_4o,270,0.0,0
direct_code_gen,gpt_4o,271,0.0,0
direct_code_gen,gpt_4o,272,0.0,0
direct_code_gen,gpt_4o,273,0.0,0
direct_code_gen,gpt_4o,274,0.0,0
direct_code_gen,gpt_4o,275,0.0,0
direct_code_gen,gpt_4o,276,0.0,0
direct_code_gen,gpt_4o,277,0.0,0
direct_code_gen,gpt_4o,278,0.0,0
direct_code_gen,gpt_4o,279,0.0,0
direct_code_gen,gpt_4o,280,0.0,0
direct_code_gen,gpt_4o,281,0.0,0
direct_code_gen,gpt_4o,282,0.0,0
direct_code_gen,gpt_4o,283,0.0,0
direct_code_gen,gpt_4o,284,0.0,0
direct_code_gen,gpt_4o,285,0.0,0
direct_code_gen,gpt_4o,286,0.0,0
direct_code_gen,gpt_4o,287,0.0,0
direct_code_gen,gpt_4o,288,0.0,0
direct_code_gen,gpt_4o,289,0.0,0
direct_code_gen,gpt_4o,290,0.0,0
direct_code_gen,gpt_4o,291,0.0,0
direct_code_gen,gpt_4o,292,0.0,0
direct_code_gen,gpt_4o,293,0.0,0
direct_code_gen,gpt_4o,294,0.0,0
direct_code_gen,gpt_4o,295,0.0,0
direct_code_gen,gpt_4o,296,0.0,0
direct_code_gen,gpt_4o,297,0.0,0
direct_code_gen,gpt_4o,298,0.0,0
direct_code_gen,gpt_4o,299,0.0,0
direct_code_gen,gpt_4o,300,0.0,0
direct_code_gen,gpt_4o,301,0.0,0
direct_code_gen,gpt_4o,302,0.0,0
direct_code_gen,gpt_4o,303,0.0,0
direct_code_gen,gpt_4o,304,0.0,0
direct_code_gen,gpt_4o,305,0.0,0
direct_code_gen,gpt_4o,306,0.0,0
direct_code_gen,gpt_4o,307,0.0,0
direct_code_gen,gpt_4o,308,0.0,0
direct_code_gen,gpt_4o,309,0.0,0
direct_code_gen,gpt_4o,310,0.0,0
direct_code_gen,gpt_4o,311,0.0,0
direct_code_gen,gpt_4o,312,0.0,0
direct_code_gen,gpt_4o,313,0.0,0
direct_code_gen,gpt_4o,314,0.0,0
direct_code_gen,gpt_4o,315,0.0,0
direct_code_gen,gpt_4o,316,0.0,0
direct_code_gen,gpt_4o,317,0.0,0
direct_code_gen,gpt_4o,318,0.0,0
direct_code_gen,gpt_4o,319,0.0,0
direct_code_gen,gpt_4o,320,0.0,0
direct_code_gen,gpt_4o,321,0.0,0
direct_code_gen,gpt_4o,322,0.0,0
direct_code_gen,gpt_4o,323,0.0,0
direct_code_gen,gpt_4o,324,0.0,0
direct_code_gen,gpt_4o,325,0.0,0
direct_code_gen,gpt_4o,326,0.0,0
direct_code_gen,gpt_4o,327,0.0,0
direct_code_gen,gpt_4o,328,0.0,0
direct_code_gen,gpt_4o,329,0.0,0
direct_code_gen,gpt_4o,330,0.0,0
direct_code_gen,gpt_4o,331,0.0,0
direct_code_gen,gpt_4o,332,0.0,0
direct_code_gen,gpt_4o,333,0.0,0
direct_code_gen,gpt_4o,334,0.0,0
direct_code_gen,gpt_4o,335,0.0,0
direct_code_gen,gpt_4o,336,0.0,0
direct_code_gen,gpt_4o,337,0.0,0
direct_code_gen,gpt_4o,338,0.0,0
direct_code_gen,gpt_4o,339,0.0,0
direct_code_gen,gpt_4o,340,0.0,0
direct_code_gen,gpt_4o,341,0.0,0
direct_code_gen,gpt_4o,342,0.0,0
direct_code_gen,gpt_4o,343,0.0,0
direct_code_gen,gpt_4o,344,0.0,0
direct_code_gen,gpt_4o,345,0.0,0
direct_code_gen,gpt_4o,346,0.0,0
direct_code_gen,gpt_4o,347,0.0,0
direct_code_gen,gpt_4o,348,0.0,0
direct_code_gen,gpt_4o,349,0.0,0
direct_code_gen,gpt_4o,350,0.0,0
direct_code_gen,gpt_4o,351,0.0,0
direct_code_gen,gpt_4o,352,0.0,0
direct_code_gen,gpt_4o,353,0.0,0
direct_code_gen,gpt_4o,354,0.0,0
direct_code_gen,gpt_4o,355,0.0,0
direct_code_gen,gpt_4o,356,0.0,0
direct_code_gen,gpt_4o,357,0.0,0
direct_code_gen,gpt_4o,358,0.0,0
direct_code_gen,gpt_4o,359,0.0,0
direct_code_gen,gpt_4o,360,0.0,0
direct_code_gen,gpt_4o,361,0.0,0
direct_code_gen,gpt_4o,362,0.0,0
direct_code_gen,gpt_4o,363,0.0,0
direct_code_gen,gpt_4o,364,0.0,0
direct_code_gen,gpt_4o,365,0.0,0
direct_code_gen,gpt_4o,366,0.0,0
direct_code_gen,gpt_4o,367,0.0,0
direct_code_gen,gpt_4o,368,0.0,0
direct_code_gen,gpt_4o,369,0.0,0
direct_code_gen,gpt_4o,370,0.0,0
direct_code_gen,gpt_4o,371,0.0,0
direct_code_gen,gpt_4o,372,0.0,0
direct_code_gen,gpt_4o,373,0.0,0
direct_code_gen,gpt_4o,374,0.0,0
direct_code_gen,gpt_4o,375,0.0,0
direct_code_gen,gpt_4o,376,0.0,0
direct_code_gen,gpt_4o,377,0.0,0
direct_code_gen,gpt_4o,378,0.0,0
direct_code_gen,gpt_4o,379,0.0,0
direct_code_gen,gpt_4o,380,0.0,0
direct_code_gen,gpt_4o,381,0.0,0
direct_code_gen,gpt_4o,382,0.0,0
direct_code_gen,gpt_4o,383,0.0,0
direct_code_gen,gpt_4o,384,0.0,0
direct_code_gen,gpt_4o,385,0.0,0
direct_code_gen,gpt_4o,386,0.0,0
direct_code_gen,gpt_4o,387,0.0,0
direct_code_gen,gpt_4o,388,0.0,0
direct_code_gen,gpt_4o,389,0.0,0
direct_code_gen,gpt_4o,390,0.0,0
direct_code_gen,gpt_4o,391,0.0,0
direct_code_gen,gpt_4o,392,0.0,0
direct_code_gen,gpt_4o,393,0.0,0
direct_code_gen,gpt_4o,394,0.0,0
direct_code_gen,gpt_4o,395,0.0,0
direct_code_gen,gpt_4o,396,0.0,0
direct_code_gen,gpt_4o,397,0.0,0
direct_code_gen,gpt_4o,398,0.0,0
direct_code_gen,gpt_4o,399,0.0,0
direct_code_gen,gpt_4o,400,0.0,0
direct_code_gen,gpt_4o,401,0.0,0
direct_code_gen,gpt_4o,402,0.0,0
direct_code_gen,gpt_4o,403,0.0,0
direct_code_gen,gpt_4o,404,0.0,0
direct_code_gen,gpt_4o,405,0.0,0
direct_code_gen,gpt_4o,406,0.0,0
direct_code_gen,gpt_4o,407,0.0,0
direct_code_gen,gpt_4o,408,0.0,0
direct_code_gen,gpt_4o,409,0.0,0
direct_code_gen,gpt_4o,410,0.0,0
direct_code_gen,gpt_4o,411,0.0,0
direct_code_gen,gpt_4o,412,0.0,0
direct_code_gen,gpt_4o,413,0.0,0
direct_code_gen,gpt_4o,414,0.0,0
direct_code_gen,gpt_4o,415,0.0,0
direct_code_gen,gpt_4o,416,0.0,0
direct_code_gen,gpt_4o,417,0.0,0
direct_code_gen,gpt_4o,418,0.0,0
direct_code_gen,gpt_4o,419,0.0,0
direct_code_gen,gpt_4o,420,0.0,0
direct_code_gen,gpt_4o,421,0.0,0
direct_code_gen,gpt_4o,422,0.0,0
direct_code_gen,gpt_4o,423,0.0,0
direct_code_gen,gpt_4o,424,0.0,0
direct_code_gen,gpt_4o,425,0.0,0
direct_code_gen,gpt_4o,426,0.0,0
direct_code_gen,gpt_4o,427,0.0,0
direct_code_gen,gpt_4o,428,0.0,0
direct_code_gen,gpt_4o,429,0.0,0
direct_code_gen,gpt_4o,430,0.0,0
direct_code_gen,gpt_4o,431,0.0,0
direct_code_gen,gpt_4o,432,0.0,0
direct_code_gen,gpt_4o,433,0.0,0
direct_code_gen,gpt_4o,434,0.0,0
direct_code_gen,gpt_4o,435,0.0,0
direct_code_gen,gpt_4o,436,0.0,0
direct_code_gen,gpt_4o,437,0.0,0
direct_code_gen,gpt_4o,438,0.0,0
direct_code_gen,gpt_4o,439,0.0,0
direct_code_gen,gpt_4o,440,0.0,0
direct_code_gen,gpt_4o,441,0.0,0
direct_code_gen,gpt_4o,442,0.0,0
direct_code_gen,gpt_4o,443,0.0,0
direct_code_gen,gpt_4o,444,0.0,0
direct_code_gen,gpt_4o,445,0.0,0
direct_code_gen,gpt_4o,446,0.0,0
direct_code_gen,gpt_4o,447,0.0,0
direct_code_gen,gpt_4o,448,0.0,0
direct_code_gen,gpt_4o,449,0.0,0
direct_code_gen,gpt_4o,450,0.0,0
direct_code_gen,gpt_4o,451,0.0,0
direct_code_gen,gpt_4o,452,0.0,0
direct_code_gen,gpt_4o,453,0.0,0
direct_code_gen,gpt_4o,454,0.0,0
direct_code_gen,gpt_4o,455,0.0,0
direct_code_gen,gpt_4o,456,0.0,0
direct_code_gen,gpt_4o,457,0.0,0
direct_code_gen,gpt_4o,458,0.0,0
direct_code_gen,gpt_4o,459,0.0,0
direct_code_gen,gpt_4o,460,0.0,0
direct_code_gen,gpt_4o,461,0.0,0
direct_code_gen,gpt_4o,462,0.0,0
direct_code_gen,gpt_4o,463,0.0,0
direct_code_gen,gpt_4o,464,0.0,0
direct_code_gen,gpt_4o,465,0.0,0
direct_code_gen,gpt_4o,466,0.0,0
direct_code_gen,gpt_4o,467,0.0,0
direct_code_gen,gpt_4o,468,0.0,0
direct_code_gen,gpt_4o,469,0.0,0
direct_code_gen,gpt_4o,470,0.0,0
direct_code_gen,gpt_4o,471,0.0,0
direct_code_gen,gpt_4o,472,0.0,0
direct_code_gen,gpt_4o,473,0.0,0
direct_code_gen,gpt_4o,474,0.0,0
direct_code_gen,gpt_4o,475,0.0,0
direct_code_gen,gpt_4o,476,0.0,0
direct_code_gen,gpt_4o,477,0.0,0
direct_code_gen,gpt_4o,478,0.0,0
direct_code_gen,gpt_4o,479,0.0,0
direct_code_gen,gpt_4o,480,0.0,0
direct_code_gen,gpt_4o,481,0.0,0
direct_code_gen,gpt_4o,482,0.0,0
direct_code_gen,gpt_4o,483,0.0,0
direct_code_gen,gpt_4o,484,0.0,0
direct_code_gen,gpt_4o,485,0.0,0
direct_code_gen,gpt_4o,486,0.0,0
direct_code_gen,gpt_4o,487,0.0,0
direct_code_gen,gpt_4o,488,0.0,0
direct_code_gen,gpt_4o,489,0.0,0
direct_code_gen,gpt_4o,490,0.0,0
direct_code_gen,gpt_4o,491,0.0,0
direct_code_gen,gpt_4o,492,0.0,0
direct_code_gen,gpt_4o,493,0.0,0
direct_code_gen,gpt_4o,494,0.0,0
direct_code_gen,gpt_4o,495,0.0,0
direct_code_gen,gpt_4o,496,0.0,0
direct_code_gen,gpt_4o,497,0.0,0
direct_code_gen,gpt_4o,498,0.0,0
direct_code_gen,gpt_4o,499,0.0,0
direct_code_gen,gpt_4o,500,0.0,0
direct_code_gen,gpt_4o,501,0.0,0
direct_code_gen,gpt_4o,502,0.0,0
direct_code_gen,gpt_4o,503,0.0,0
direct_code_gen,gpt_4o,504,0.0,0
direct_code_gen,gpt_4o,505,0.0,0
direct_code_gen,gpt_4o,506,0.0,0
direct_code_gen,gpt_4o,507,0.0,0
direct_code_gen,gpt_4o,508,0.0,0
direct_code_gen,gpt_4o,509,0.0,0
direct_code_gen,gpt_4o,510,0.0,0
direct_code_gen,gpt_4o,511,0.0,0
direct_code_gen,gpt_4o,512,0.0,0
direct_code_gen,gpt_4o,513,0.0,0
direct_code_gen,gpt_4o,514,0.0,0
direct_code_gen,gpt_4o,515,0.0,0
direct_code_gen,gpt_4o,516,0.0,0
direct_code_gen,gpt_4o,517,0.0,0
direct_code_gen,gpt_4o,518,0.0,0
direct_code_gen,gpt_4o,519,0.0,0
direct_code_gen,gpt_4o,520,0.0,0
direct_code_gen,gpt_4o,521,0.0,0
direct_code_gen,gpt_4o,522,0.0,0
direct_code_gen,gpt_4o,523,0.0,0
direct_code_gen,gpt_4o,524,0.0,0
direct_code_gen,gpt_4o,525,0.0,0
direct_code_gen,gpt_4o,526,0.0,0
direct_code_gen,gpt_4o,527,0.0,0
direct_code_gen,gpt_4o,528,0.0,0
direct_code_gen,gpt_4o,529,0.0,0
direct_code_gen,gpt_4o,530,0.0,0
direct_code_gen,gpt_4o,531,0.0,0
direct_code_gen,gpt_4o,532,0.0,0
direct_code_gen,gpt_4o,533,0.0,0
direct_code_gen,gpt_4o,534,0.0,0
direct_code_gen,gpt_4o,535,0.0,0
direct_code_gen,gpt_4o,536,0.0,0
direct_code_gen,gpt_4o,537,0.0,0
direct_code_gen,gpt_4o,538,0.0,0
direct_code_gen,gpt_4o,539,0.0,0
direct_code_gen,gpt_4o,540,0.0,0
direct_code_gen,gpt_4o,541,0.0,0
direct_code_gen,gpt_4o,542,0.0,0
direct_code_gen,gpt_4o,543,0.0,0
direct_code_gen,gpt_4o,544,0.0,0
direct_code_gen,gpt_4o,545,0.0,0
direct_code_gen,gpt_4o,546,0.0,0
direct_code_gen,gpt_4o,547,0.0,0
direct_code_gen,gpt_4o,548,0.0,0
direct_code_gen,gpt_4o,549,0.0,0
direct_code_gen,gpt_4o,550,0.0,0
direct_code_gen,gpt_4o,551,0.0,0
direct_code_gen,gpt_4o,552,0.0,0
direct_code_gen,gpt_4o,553,0.0,0
direct_code_gen,gpt_4o,554,0.0,0
direct_code_gen,gpt_4o,555,0.0,0
direct_code_gen,gpt_4o,556,0.0,0
direct_code_gen,gpt_4o,557,0.0,0
direct_code_gen,gpt_4o,558,0.0,0
direct_code_gen,gpt_4o,559,0.0,0
direct_code_gen,gpt_4o,560,0.0,0
direct_code_gen,gpt_4o,561,0.0,0
direct_code_gen,gpt_4o,562,0.0,0
direct_code_gen,gpt_4o,563,0.0,0
direct_code_gen,gpt_4o,564,0.0,0
direct_code_gen,gpt_4o,565,0.0,0
direct_code_gen,gpt_4o,566,0.0,0
direct_code_gen,gpt_4o,567,0.0,0
direct_code_gen,gpt_4o,568,0.0,0
direct_code_gen,gpt_4o,569,0.0,0
direct_code_gen,gpt_4o,570,0.0,0
direct_code_gen,gpt_4o,571,0.0,0
direct_code_gen,gpt_4o,572,0.0,0
direct_code_gen,gpt_4o,573,0.0,0
direct_code_gen,gpt_4o,574,0.0,0
direct_code_gen,gpt_4o,575,0.0,0
direct_code_gen,gpt_4o,576,0.0,0
direct_code_gen,gpt_4o,577,0.0,0
direct_code_gen,gpt_4o,578,0.0,0
direct_code_gen,gpt_4o,579,0.0,0
direct_code_gen,gpt_4o,580,0.0,0
direct_code_gen,gpt_4o,581,0.0,0
direct_code_gen,gpt_4o,582,0.0,0
direct_code_gen,gpt_4o,583,0.0,0
direct_code_gen,gpt_4o,584,0.0,0
direct_code_gen,gpt_4o,585,0.0,0
direct_code_gen,gpt_4o,586,0.0,0
direct_code_gen,gpt_4o,587,0.0,0
direct_code_gen,gpt_4o,588,0.0,0
direct_code_gen,gpt_4o,589,0.0,0
direct_code_gen,gpt_4o,590,0.0,0
direct_code_gen,gpt_4o,591,0.0,0
direct_code_gen,gpt_4o,592,0.0,0
direct_code_gen,gpt_4o,593,0.0,0
direct_code_gen,gpt_4o,594,0.0,0
direct_code_gen,gpt_4o,595,0.0,0
direct_code_gen,gpt_4o,596,0.0,0
direct_code_gen,gpt_4o,597,0.0,0
direct_code_gen,gpt_4o,598,0.0,0
direct_code_gen,gpt_4o,599,0.0,0
direct_code_gen,gpt_4o,600,0.0,0
direct_code_gen,gpt_4o,601,0.0,0
direct_code_gen,gpt_4o,602,0.0,0
direct_code_gen,gpt_4o,603,0.0,0
direct_code_gen,gpt_4o,604,0.0,0
direct_code_gen,gpt_4o,605,0.0,0
direct_code_gen,gpt_4o,606,0.0,0
direct_code_gen,gpt_4o,607,0.0,0
direct_code_gen,gpt_4o,608,0.0,0
direct_code_gen,gpt_4o,609,0.0,0
direct_code_gen,gpt_4o,610,0.0,0
direct_code_gen,gpt_4o,611,0.0,0
direct_code_gen,gpt_4o,612,0.0,0
direct_code_gen,gpt_4o,613,0.0,0
direct_code_gen,gpt_4o,614,0.0,0
direct_code_gen,gpt_4o,615,0.0,0
direct_code_gen,gpt_4o,616,0.0,0
direct_code_gen,gpt_4o,617,0.0,0
direct_code_gen,gpt_4o,618,0.0,0
direct_code_gen,gpt_4o,619,0.0,0
direct_code_gen,gpt_4o,620,0.0,0
direct_code_gen,gpt_4o,621,0.0,0
direct_code_gen,gpt_4o,622,0.0,0
direct_code_gen,gpt_4o,623,0.0,0
direct_code_gen,gpt_4o,624,0.0,0
direct_code_gen,gpt_4o,625,0.0,0
direct_code_gen,gpt_4o,626,0.0,0
direct_code_gen,gpt_4o,627,0.0,0
direct_code_gen,gpt_4o,628,0.0,0
direct_code_gen,gpt_4o,629,0.0,0
direct_code_gen,gpt_4o,630,0.0,0
direct_code_gen,gpt_4o,631,0.0,0
direct_code_gen,gpt_4o,632,0.0,0
direct_code_gen,gpt_4o,633,0.0,0
direct_code_gen,gpt_4o,634,0.0,0
direct_code_gen,gpt_4o,635,0.0,0
direct_code_gen,gpt_4o,636,0.0,0
direct_code_gen,gpt_4o,637,0.0,0
direct_code_gen,gpt_4o,638,0.0,0
direct_code_gen,gpt_4o,639,0.0,0
direct_code_gen,gpt_4o,640,0.0,0
direct_code_gen,gpt_4o,641,0.0,0
direct_code_gen,gpt_4o,642,0.0,0
direct_code_gen,gpt_4o,643,0.0,0
direct_code_gen,gpt_4o,644,0.0,0
direct_code_gen,gpt_4o,645,0.0,0
direct_code_gen,gpt_4o,646,0.0,0
direct_code_gen,gpt_4o,647,0.0,0
direct_code_gen,gpt_4o,648,0.0,0
direct_code_gen,gpt_4o,649,0.0,0
direct_code_gen,gpt_4o,650,0.0,0
direct_code_gen,gpt_4o,651,0.0,0
direct_code_gen,gpt_4o,652,0.0,0
direct_code_gen,gpt_4o,653,0.0,0
direct_code_gen,gpt_4o,654,0.0,0
direct_code_gen,gpt_4o,655,0.0,0
direct_code_gen,gpt_4o,656,0.0,0
direct_code_gen,gpt_4o,657,0.0,0
direct_code_gen,gpt_4o,658,0.0,0
direct_code_gen,gpt_4o,659,0.0,0
direct_code_gen,gpt_4o,660,0.0,0
direct_code_gen,gpt_4o,661,0.0,0
direct_code_gen,gpt_4o,662,0.0,0
direct_code_gen,gpt_4o,663,0.0,0
direct_code_gen,gpt_4o,664,0.0,0
direct_code_gen,gpt_4o,665,0.0,0
direct_code_gen,gpt_4o,666,0.0,0
direct_code_gen,gpt_4o,667,0.0,0
direct_code_gen,gpt_4o,668,0.0,0
direct_code_gen,gpt_4o,669,0.0,0
direct_code_gen,gpt_4o,670,0.0,0
direct_code_gen,gpt_4o,671,0.0,0
direct_code_gen,gpt_4o,672,0.0,0
direct_code_gen,gpt_4o,673,0.0,0
direct_code_gen,gpt_4o,674,0.0,0
direct_code_gen,gpt_4o,675,0.0,0
direct_code_gen,gpt_4o,676,0.0,0
direct_code_gen,gpt_4o,677,0.0,0
direct_code_gen,gpt_4o,678,0.0,0
direct_code_gen,gpt_4o,679,0.0,0
direct_code_gen,gpt_4o,680,0.0,0
direct_code_gen,gpt_4o,681,0.0,0
direct_code_gen,gpt_4o,682,0.0,0
direct_code_gen,gpt_4o,683,0.0,0
direct_code_gen,gpt_4o,684,0.0,0
direct_code_gen,gpt_4o,685,0.0,0
direct_code_gen,gpt_4o,686,0.0,0
direct_code_gen,gpt_4o,687,0.0,0
direct_code_gen,gpt_4o,688,0.0,0
direct_code_gen,gpt_4o,689,0.0,0
direct_code_gen,gpt_4o,690,0.0,0
direct_code_gen,gpt_4o,691,0.0,0
direct_code_gen,gpt_4o,692,0.0,0
direct_code_gen,gpt_4o,693,0.0,0
direct_code_gen,gpt_4o,694,0.0,0
direct_code_gen,gpt_4o,695,0.0,0
direct_code_gen,gpt_4o,696,0.0,0
direct_code_gen,gpt_4o,697,0.0,0
direct_code_gen,gpt_4o,698,0.0,0
direct_code_gen,gpt_4o,699,0.0,0
direct_code_gen,gpt_4o,700,0.0,0
direct_code_gen,gpt_4o,701,0.0,0
direct_code_gen,gpt_4o,702,0.0,0
direct_code_gen,gpt_4o,703,0.0,0
direct_code_gen,gpt_4o,704,0.0,0
direct_code_gen,gpt_4o,705,0.0,0
direct_code_gen,gpt_4o,706,0.0,0
direct_code_gen,gpt_4o,707,0.0,0
direct_code_gen,gpt_4o,708,0.0,0
direct_code_gen,gpt_4o,709,0.0,0
direct_code_gen,gpt_4o,710,0.0,0
direct_code_gen,gpt_4o,711,0.0,0
direct_code_gen,gpt_4o,712,0.0,0
direct_code_gen,gpt_4o,713,0.0,0
direct_code_gen,gpt_4o,714,0.0,0
direct_code_gen,gpt_4o,715,0.0,0
direct_code_gen,gpt_4o,716,0.0,0
direct_code_gen,gpt_4o,717,0.0,0
direct_code_gen,gpt_4o,718,0.0,0
direct_code_gen,gpt_4o,719,0.0,0
direct_code_gen,gpt_4o,720,0.0,0
direct_code_gen,gpt_4o,721,0.0,0
direct_code_gen,gpt_4o,722,0.0,0
direct_code_gen,gpt_4o,723,0.0,0
direct_code_gen,gpt_4o,724,0.0,0
direct_code_gen,gpt_4o,725,0.0,0
direct_code_gen,gpt_4o,726,0.0,0
direct_code_gen,gpt_4o,727,0.0,0
direct_code_gen,gpt_4o,728,0.0,0
direct_code_gen,gpt_4o,729,0.0,0
direct_code_gen,gpt_4o,730,0.0,0
direct_code_gen,gpt_4o,731,0.0,0
direct_code_gen,gpt_4o,732,0.0,0
direct_code_gen,gpt_4o,733,0.0,0
direct_code_gen,gpt_4o,734,0.0,0
direct_code_gen,gpt_4o,735,0.0,0
direct_code_gen,gpt_4o,736,0.0,0
direct_code_gen,gpt_4o,737,0.0,0
direct_code_gen,gpt_4o,738,0.0,0
direct_code_gen,gpt_4o,739,0.0,0
direct_code_gen,gpt_4o,740,0.0,0
direct_code_gen,gpt_4o,741,0.0,0
direct_code_gen,gpt_4o,742,0.0,0
direct_code_gen,gpt_4o,743,0.0,0
direct_code_gen,gpt_4o,744,0.0,0
direct_code_gen,gpt_4o,745,0.0,0
direct_code_gen,gpt_4o,746,0.0,0
direct_code_gen,gpt_4o,747,0.0,0
direct_code_gen,gpt_4o,748,0.0,0
direct_code_gen,gpt_4o,749,0.0,0
direct_code_gen,gpt_4o,750,0.0,0
direct_code_gen,gpt_4o,751,0.0,0
direct_code_gen,gpt_4o,752,0.0,0
direct_code_gen,gpt_4o,753,0.0,0
direct_code_gen,gpt_4o,754,0.0,0
direct_code_gen,gpt_4o,755,0.0,0
direct_code_gen,gpt_4o,756,0.0,0
direct_code_gen,gpt_4o,757,0.0,0
direct_code_gen,gpt_4o,758,0.0,0
direct_code_gen,gpt_4o,759,0.0,0
direct_code_gen,gpt_4o,760,0.0,0
direct_code_gen,gpt_4o,761,0.0,0
direct_code_gen,gpt_4o,762,0.0,0
direct_code_gen,gpt_4o,763,0.0,0
direct_code_gen,gpt_4o,764,0.0,0
direct_code_gen,gpt_4o,765,0.0,0
direct_code_gen,gpt_4o,766,0.0,0
direct_code_gen,gpt_4o,767,0.0,0
direct_code_gen,gpt_4o,768,0.0,0
direct_code_gen,gpt_4o,769,0.0,0
direct_code_gen,gpt_4o,770,0.0,0
direct_code_gen,gpt_4o,771,0.0,0
direct_code_gen,gpt_4o,772,0.0,0
direct_code_gen,gpt_4o,773,0.0,0
direct_code_gen,gpt_4o,774,0.0,0
direct_code_gen,gpt_4o,775,0.0,0
direct_code_gen,gpt_4o,776,0.0,0
direct_code_gen,gpt_4o,777,0.0,0
direct_code_gen,gpt_4o,778,0.0,0
direct_code_gen,gpt_4o,779,0.0,0
direct_code_gen,gpt_4o,780,0.0,0
direct_code_gen,gpt_4o,781,0.0,0
direct_code_gen,gpt_4o,782,0.0,0
direct_code_gen,gpt_4o,783,0.0,0
direct_code_gen,gpt_4o,784,0.0,0
direct_code_gen,gpt_4o,785,0.0,0
direct_code_gen,gpt_4o,786,0.0,0
direct_code_gen,gpt_4o,787,0.0,0
direct_code_gen,gpt_4o,788,0.0,0
direct_code_gen,gpt_4o,789,0.0,0
direct_code_gen,gpt_4o,790,0.0,0
direct_code_gen,gpt_4o,791,0.0,0
direct_code_gen,gpt_4o,792,0.0,0
direct_code_gen,gpt_4o,793,0.0,0
direct_code_gen,gpt_4o,794,0.0,0
direct_code_gen,gpt_4o,795,0.0,0
direct_code_gen,gpt_4o,796,0.0,0
direct_code_gen,gpt_4o,797,0.0,0
direct_code_gen,gpt_4o,798,0.0,0
direct_code_gen,gpt_4o,799,0.0,0
direct_code_gen,gpt_4o,800,0.0,0
direct_code_gen,gpt_4o,801,0.0,0
direct_code_gen,gpt_4o,802,0.0,0
direct_code_gen,gpt_4o,803,0.0,0
direct_code_gen,gpt_4o,804,0.0,0
direct_code_gen,gpt_4o,805,0.0,0
direct_code_gen,gpt_4o,806,0.0,0
direct_code_gen,gpt_4o,807,0.0,0
direct_code_gen,gpt_4o,808,0.0,0
direct_code_gen,gpt_4o,809,0.0,0
direct_code_gen,gpt_4o,810,0.0,0
direct_code_gen,gpt_4o,811,0.0,0
direct_code_gen,gpt_4o,812,0.0,0
direct_code_gen,gpt_4o,813,0.0,0
direct_code_gen,gpt_4o,814,0.0,0
direct_code_gen,gpt_4o,815,0.0,0
direct_code_gen,gpt_4o,816,0.0,0
direct_code_gen,gpt_4o,817,0.0,0
direct_code_gen,gpt_4o,818,0.0,0
direct_code_gen,gpt_4o,819,0.0,0
direct_code_gen,gpt_4o,820,0.0,0
direct_code_gen,gpt_4o,821,0.0,0
direct_code_gen,gpt_4o,822,0.0,0
direct_code_gen,gpt_4o,823,0.0,0
direct_code_gen,gpt_4o,824,0.0,0
direct_code_gen,gpt_4o,825,0.0,0
direct_code_gen,gpt_4o,826,0.0,0
direct_code_gen,gpt_4o,827,0.0,0
direct_code_gen,gpt_4o,828,0.0,0
direct_code_gen,gpt_4o,829,0.0,0
direct_code_gen,gpt_4o,830,0.0,0
direct_code_gen,gpt_4o,831,0.0,0
direct_code_gen,gpt_4o,832,0.0,0
direct_code_gen,gpt_4o,833,0.0,0
direct_code_gen,gpt_4o,834,0.0,0
direct_code_gen,gpt_4o,835,0.0,0
direct_code_gen,gpt_4o,836,0.0,0
direct_code_gen,gpt_4o,837,0.0,0
direct_code_gen,gpt_4o,838,0.0,0
direct_code_gen,gpt_4o,839,0.0,0
direct_code_gen,gpt_4o,840,0.0,0
direct_code_gen,gpt_4o,841,0.0,0
direct_code_gen,gpt_4o,842,0.0,0
direct_code_gen,gpt_4o,843,0.0,0
direct_code_gen,gpt_4o,844,0.0,0
direct_code_gen,gpt_4o,845,0.0,0
direct_code_gen,gpt_4o,846,0.0,0
direct_code_gen,gpt_4o,847,0.0,0
direct_code_gen,gpt_4o,848,0.0,0
direct_code_gen,gpt_4o,849,0.0,0
direct_code_gen,gpt_4o,850,0.0,0
direct_code_gen,gpt_4o,851,0.0,0
direct_code_gen,gpt_4o,852,0.0,0
direct_code_gen,gpt_4o,853,0.0,0
direct_code_gen,gpt_4o,854,0.0,0
direct_code_gen,gpt_4o,855,0.0,0
direct_code_gen,gpt_4o,856,0.0,0
direct_code_gen,gpt_4o,857,0.0,0
direct_code_gen,gpt_4o,858,0.0,0
direct_code_gen,gpt_4o,859,0.0,0
direct_code_gen,gpt_4o,860,0.0,0
direct_code_gen,gpt_4o,861,0.0,0
direct_code_gen,gpt_4o,862,0.0,0
direct_code_gen,gpt_4o,863,0.0,0
direct_code_gen,gpt_4o,864,0.0,0
direct_code_gen,gpt_4o,865,0.0,0
direct_code_gen,gpt_4o,866,0.0,0
direct_code_gen,gpt_4o,867,0.0,0
direct_code_gen,gpt_4o,868,0.0,0
direct_code_gen,gpt_4o,869,0.0,0
direct_code_gen,gpt_4o,870,0.0,0
direct_code_gen,gpt_4o,871,0.0,0
direct_code_gen,gpt_4o,872,0.0,0
direct_code_gen,gpt_4o,873,0.0,0
direct_code_gen,gpt_4o,874,0.0,0
direct_code_gen,gpt_4o,875,0.0,0
direct_code_gen,gpt_4o,876,0.0,0
direct_code_gen,gpt_4o,877,0.0,0
direct_code_gen,gpt_4o,878,0.0,0
direct_code_gen,gpt_4o,879,0.0,0
direct_code_gen,gpt_4o,880,0.0,0
direct_code_gen,gpt_4o,881,0.0,0
direct_code_gen,gpt_4o,882,0.0,0
direct_code_gen,gpt_4o,883,0.0,0
direct_code_gen,gpt_4o,884,0.0,0
direct_code_gen,gpt_4o,885,0.0,0
direct_code_gen,gpt_4o,886,0.0,0
direct_code_gen,gpt_4o,887,0.0,0
direct_code_gen,gpt_4o,888,0.0,0
direct_code_gen,gpt_4o,889,0.0,0
direct_code_gen,gpt_4o,890,0.0,0
direct_code_gen,gpt_4o,891,0.0,0
direct_code_gen,gpt_4o,892,0.0,0
direct_code_gen,gpt_4o,893,0.0,0
direct_code_gen,gpt_4o,894,0.0,0
direct_code_gen,gpt_4o,895,0.0,0
direct_code_gen,gpt_4o,896,0.0,0
direct_code_gen,gpt_4o,897,0.0,0
direct_code_gen,gpt_4o,898,0.0,0
direct_code_gen,gpt_4o,899,0.0,0
direct_code_gen,gpt_4o,900,0.0,0
direct_code_gen,gpt_4o,901,0.0,0
direct_code_gen,gpt_4o,902,0.0,0
direct_code_gen,gpt_4o,903,0.0,0
direct_code_gen,gpt_4o,904,0.0,0
direct_code_gen,gpt_4o,905,0.0,0
direct_code_gen,gpt_4o,906,0.0,0
direct_code_gen,gpt_4o,907,0.0,0
direct_code_gen,gpt_4o,908,0.0,0
direct_code_gen,gpt_4o,909,0.0,0
direct_code_gen,gpt_4o,910,0.0,0
direct_code_gen,gpt_4o,911,0.0,0
direct_code_gen,gpt_4o,912,0.0,0
direct_code_gen,gpt_4o,913,0.0,0
direct_code_gen,gpt_4o,914,0.0,0
direct_code_gen,gpt_4o,915,0.0,0
direct_code_gen,gpt_4o,916,0.0,0
direct_code_gen,gpt_4o,917,0.0,0
direct_code_gen,gpt_4o,918,0.0,0
direct_code_gen,gpt_4o,919,0.0,0
direct_code_gen,gpt_4o,920,0.0,0
direct_code_gen,gpt_4o,921,0.0,0
direct_code_gen,gpt_4o,922,0.0,0
direct_code_gen,gpt_4o,923,0.0,0
direct_code_gen,gpt_4o,924,0.0,0
direct_code_gen,gpt_4o,925,0.0,0
direct_code_gen,gpt_4o,926,0.0,0
direct_code_gen,gpt_4o,927,0.0,0
direct_code_gen,gpt_4o,928,0.0,0
direct_code_gen,gpt_4o,929,0.0,0
direct_code_gen,gpt_4o,930,0.0,0
direct_code_gen,gpt_4o,931,0.0,0
direct_code_gen,gpt_4o,932,0.0,0
direct_code_gen,gpt_4o,933,0.0,0
direct_code_gen,gpt_4o,934,0.0,0
direct_code_gen,gpt_4o,935,0.0,0
direct_code_gen,gpt_4o,936,0.0,0
direct_code_gen,gpt_4o,937,0.0,0
direct_code_gen,gpt_4o,938,0.0,0
direct_code_gen,gpt_4o,939,0.0,0
direct_code_gen,gpt_4o,940,0.0,0
direct_code_gen,gpt_4o,941,0.0,0
direct_code_gen,gpt_4o,942,0.0,0
direct_code_gen,gpt_4o,943,0.0,0
direct_code_gen,gpt_4o,944,0.0,0
direct_code_gen,gpt_4o,945,0.0,0
direct_code_gen,gpt_4o,946,0.0,0
direct_code_gen,gpt_4o,947,0.0,0
direct_code_gen,gpt_4o,948,0.0,0
direct_code_gen,gpt_4o,949,0.0,0
direct_code_gen,gpt_4o,950,0.0,0
direct_code_gen,gpt_4o,951,0.0,0
direct_code_gen,gpt_4o,952,0.0,0
direct_code_gen,gpt_4o,953,0.0,0
direct_code_gen,gpt_4o,954,0.0,0
direct_code_gen,gpt_4o,955,0.0,0
direct_code_gen,gpt_4o,956,0.0,0
direct_code_gen,gpt_4o,957,0.0,0
direct_code_gen,gpt_4o,958,0.0,0
direct_code_gen,gpt_4o,959,0.0,0
direct_code_gen,gpt_4o,960,0.0,0
direct_code_gen,gpt_4o,961,0.0,0
direct_code_gen,gpt_4o,962,0.0,0
direct_code_gen,gpt_4o,963,0.0,0
direct_code_gen,gpt_4o,964,0.0,0
direct_code_gen,gpt_4o,965,0.0,0
direct_code_gen,gpt_4o,966,0.0,0
direct_code_gen,gpt_4o,967,0.0,0
direct_code_gen,gpt_4o,968,0.0,0
direct_code_gen,gpt_4o,969,0.0,0
direct_code_gen,gpt_4o,970,0.0,0
direct_code_gen,gpt_4o,971,0.0,0
direct_code_gen,gpt_4o,972,0.0,0
direct_code_gen,gpt_4o,973,0.0,0
direct_code_gen,gpt_4o,974,0.0,0
direct_code_gen,gpt_4o,975,0.0,0
direct_code_gen,gpt_4o,976,0.0,0
direct_code_gen,gpt_4o,977,0.0,0
direct_code_gen,gpt_4o,978,0.0,0
direct_code_gen,gpt_4o,979,0.0,0
direct_code_gen,gpt_4o,980,0.0,0
direct_code_gen,gpt_4o,981,0.0,0
direct_code_gen,gpt_4o,982,0.0,0
direct_code_gen,gpt_4o,983,0.0,0
direct_code_gen,gpt_4o,984,0.0,0
direct_code_gen,gpt_4o,985,0.0,0
direct_code_gen,gpt_4o,986,0.0,0
direct_code_gen,gpt_4o,987,0.0,0
direct_code_gen,gpt_4o,988,0.0,0
direct_code_gen,gpt_4o,989,0.0,0
direct_code_gen,gpt_4o,990,0.0,0
direct_code_gen,gpt_4o,991,0.0,0
direct_code_gen,gpt_4o,992,0.0,0
direct_code_gen,gpt_4o,993,0.0,0
direct_code_gen,gpt_4o,994,0.0,0
direct_code_gen,gpt_4o,995,0.0,0
direct_code_gen,gpt_4o,996,0.0,0
direct_code_gen,gpt_4o,997,0.0,0
direct_code_gen,gpt_4o,998,0.0,0
direct_code_gen,gpt_4o,999,0.0,0
iterative,o3_mini_b,0,0.97328125,1
iterative,o3_mini_b,1,0.97046875,1
iterative,o3_mini_b,2,0.9690625,1
iterative,o3_mini_b,3,0.9746875,1
iterative,o3_mini_b,4,0.9775,1
iterative,o3_mini_b,5,0.97328125,1
iterative,o3_mini_b,6,0.97328125,1
iterative,o3_mini_b,7,0.971875,1
iterative,o3_mini_b,8,0.955,1
iterative,o3_mini_b,9,0.9746875,1
iterative,o3_mini_b,10,0.97328125,1
iterative,o3_mini_b,11,0.97890625,1
iterative,o3_mini_b,12,0.97609375,1
iterative,o3_mini_b,13,0.96625,1
iterative,o3_mini_b,14,0.971875,1
iterative,o3_mini_b,15,0.971875,1
iterative,o3_mini_b,16,0.9803125,1
iterative,o3_mini_b,17,0.9690625,1
iterative,o3_mini_b,18,0.96765625,1
iterative,o3_mini_b,19,0.97328125,1
iterative,o3_mini_b,20,0.97609375,1
iterative,o3_mini_b,21,0.983125,1
iterative,o3_mini_b,22,0.97046875,1
iterative,o3_mini_b,23,0.0,0
iterative,o3_mini_b,24,0.971875,1
iterative,o3_mini_b,25,0.97046875,1
iterative,o3_mini_b,26,0.97046875,1
iterative,o3_mini_b,27,0.0,0
iterative,o3_mini_b,28,0.971875,1
iterative,o3_mini_b,29,0.971875,1
iterative,o3_mini_b,30,0.0,0
iterative,o3_mini_b,31,0.97609375,1
iterative,o3_mini_b,32,0.96765625,1
iterative,o3_mini_b,33,0.9775,1
iterative,o3_mini_b,34,0.0,0
iterative,o3_mini_b,35,0.0,0
iterative,o3_mini_b,36,0.9746875,1
iterative,o3_mini_b,37,0.97609375,1
iterative,o3_mini_b,38,0.97609375,1
iterative,o3_mini_b,39,0.971875,1
iterative,o3_mini_b,40,0.96484375,1
iterative,o3_mini_b,41,0.97890625,1
iterative,o3_mini_b,42,0.971875,1
iterative,o3_mini_b,43,0.9775,1
iterative,o3_mini_b,44,0.971875,1
iterative,o3_mini_b,45,0.9746875,1
iterative,o3_mini_b,46,0.96765625,1
iterative,o3_mini_b,47,0.98171875,1
iterative,o3_mini_b,48,0.97046875,1
iterative,o3_mini_b,49,0.9803125,1
iterative,o3_mini_b,50,0.971875,1
iterative,o3_mini_b,51,0.971875,1
iterative,o3_mini_b,52,0.96625,1
iterative,o3_mini_b,53,0.97609375,1
iterative,o3_mini_b,54,0.983125,1
iterative,o3_mini_b,55,0.96765625,1
iterative,o3_mini_b,56,0.9746875,1
iterative,o3_mini_b,57,0.98171875,1
iterative,o3_mini_b,58,0.98171875,1
iterative,o3_mini_b,59,0.97328125,1
iterative,o3_mini_b,60,0.0,0
iterative,o3_mini_b,61,0.97609375,1
iterative,o3_mini_b,62,0.971875,1
iterative,o3_mini_b,63,0.97328125,1
iterative,o3_mini_b,64,0.9690625,1
iterative,o3_mini_b,65,0.0,0
iterative,o3_mini_b,66,0.97046875,1
iterative,o3_mini_b,67,0.97046875,1
iterative,o3_mini_b,68,0.96765625,1
iterative,o3_mini_b,69,0.98171875,1
iterative,o3_mini_b,70,0.9634375,1
iterative,o3_mini_b,71,0.97328125,1
iterative,o3_mini_b,72,0.97328125,1
iterative,o3_mini_b,73,0.971875,1
iterative,o3_mini_b,74,0.9803125,1
iterative,o3_mini_b,75,0.97609375,1
iterative,o3_mini_b,76,0.9775,1
iterative,o3_mini_b,77,0.97328125,1
iterative,o3_mini_b,78,0.971875,1
iterative,o3_mini_b,79,0.0,0
iterative,o3_mini_b,80,0.96625,1
iterative,o3_mini_b,81,0.97609375,1
iterative,o3_mini_b,82,0.9803125,1
iterative,o3_mini_b,83,0.9775,1
iterative,o3_mini_b,84,0.96484375,1
iterative,o3_mini_b,85,0.97609375,1
iterative,o3_mini_b,86,0.95921875,1
iterative,o3_mini_b,87,0.9775,1
iterative,o3_mini_b,88,0.9803125,1
iterative,o3_mini_b,89,0.9775,1
iterative,o3_mini_b,90,0.96625,1
iterative,o3_mini_b,91,0.96203125,1
iterative,o3_mini_b,92,0.9775,1
iterative,o3_mini_b,93,0.971875,1
iterative,o3_mini_b,94,0.9775,1
iterative,o3_mini_b,95,0.9746875,1
iterative,o3_mini_b,96,0.971875,1
iterative,o3_mini_b,97,0.97609375,1
iterative,o3_mini_b,98,0.97609375,1
iterative,o3_mini_b,99,0.97046875,1
iterative,o3_mini_b,100,0.97609375,1
iterative,o3_mini_b,101,0.97328125,1
iterative,o3_mini_b,102,0.9634375,1
iterative,o3_mini_b,103,0.96765625,1
iterative,o3_mini_b,104,0.9775,1
iterative,o3_mini_b,105,0.9775,1
iterative,o3_mini_b,106,0.97328125,1
iterative,o3_mini_b,107,0.0,0
iterative,o3_mini_b,108,0.0,0
iterative,o3_mini_b,109,0.9775,1
iterative,o3_mini_b,110,0.97046875,1
iterative,o3_mini_b,111,0.9746875,1
iterative,o3_mini_b,112,0.983125,1
iterative,o3_mini_b,113,0.97046875,1
iterative,o3_mini_b,114,0.0,0
iterative,o3_mini_b,115,0.96625,1
iterative,o3_mini_b,116,0.0,0
iterative,o3_mini_b,117,0.96625,1
iterative,o3_mini_b,118,0.97046875,1
iterative,o3_mini_b,119,0.97609375,1
iterative,o3_mini_b,120,0.971875,1
iterative,o3_mini_b,121,0.971875,1
iterative,o3_mini_b,122,0.96625,1
iterative,o3_mini_b,123,0.9803125,1
iterative,o3_mini_b,124,0.97328125,1
iterative,o3_mini_b,125,0.97890625,1
iterative,o3_mini_b,126,0.9746875,1
iterative,o3_mini_b,127,0.96625,1
iterative,o3_mini_b,128,0.96765625,1
iterative,o3_mini_b,129,0.97046875,1
iterative,o3_mini_b,130,0.971875,1
iterative,o3_mini_b,131,0.9775,1
iterative,o3_mini_b,132,0.971875,1
iterative,o3_mini_b,133,0.97046875,1
iterative,o3_mini_b,134,0.9746875,1
iterative,o3_mini_b,135,0.960625,1
iterative,o3_mini_b,136,0.971875,1
iterative,o3_mini_b,137,0.97328125,1
iterative,o3_mini_b,138,0.97328125,1
iterative,o3_mini_b,139,0.9775,1
iterative,o3_mini_b,140,0.9746875,1
iterative,o3_mini_b,141,0.9803125,1
iterative,o3_mini_b,142,0.9746875,1
iterative,o3_mini_b,143,0.96765625,1
iterative,o3_mini_b,144,0.97046875,1
iterative,o3_mini_b,145,0.9690625,1
iterative,o3_mini_b,146,0.97328125,1
iterative,o3_mini_b,147,0.0,0
iterative,o3_mini_b,148,0.97609375,1
iterative,o3_mini_b,149,0.9690625,1
iterative,o3_mini_b,150,0.960625,1
iterative,o3_mini_b,151,0.97609375,1
iterative,o3_mini_b,152,0.97328125,1
iterative,o3_mini_b,153,0.9775,1
iterative,o3_mini_b,154,0.9775,1
iterative,o3_mini_b,155,0.97328125,1
iterative,o3_mini_b,156,0.971875,1
iterative,o3_mini_b,157,0.0,0
iterative,o3_mini_b,158,0.96625,1
iterative,o3_mini_b,159,0.96625,1
iterative,o3_mini_b,160,0.0,0
iterative,o3_mini_b,161,0.97328125,1
iterative,o3_mini_b,162,0.983125,1
iterative,o3_mini_b,163,0.983125,1
iterative,o3_mini_b,164,0.971875,1
iterative,o3_mini_b,165,0.97328125,1
iterative,o3_mini_b,166,0.97890625,1
iterative,o3_mini_b,167,0.9690625,1
iterative,o3_mini_b,168,0.9690625,1
iterative,o3_mini_b,169,0.9803125,1
iterative,o3_mini_b,170,0.97890625,1
iterative,o3_mini_b,171,0.97046875,1
iterative,o3_mini_b,172,0.96625,1
iterative,o3_mini_b,173,0.97328125,1
iterative,o3_mini_b,174,0.9775,1
iterative,o3_mini_b,175,0.9690625,1
iterative,o3_mini_b,176,0.9746875,1
iterative,o3_mini_b,177,0.97046875,1
iterative,o3_mini_b,178,0.96484375,1
iterative,o3_mini_b,179,0.97328125,1
iterative,o3_mini_b,180,0.9803125,1
iterative,o3_mini_b,181,0.97328125,1
iterative,o3_mini_b,182,0.9746875,1
iterative,o3_mini_b,183,0.97328125,1
iterative,o3_mini_b,184,0.97609375,1
iterative,o3_mini_b,185,0.9690625,1
iterative,o3_mini_b,186,0.0,0
iterative,o3_mini_b,187,0.97609375,1
iterative,o3_mini_b,188,0.9746875,1
iterative,o3_mini_b,189,0.9775,1
iterative,o3_mini_b,190,0.97046875,1
iterative,o3_mini_b,191,0.0,0
iterative,o3_mini_b,192,0.97328125,1
iterative,o3_mini_b,193,0.9775,1
iterative,o3_mini_b,194,0.96765625,1
iterative,o3_mini_b,195,0.9746875,1
iterative,o3_mini_b,196,0.9775,1
iterative,o3_mini_b,197,0.9775,1
iterative,o3_mini_b,198,0.96625,1
iterative,o3_mini_b,199,0.97328125,1
iterative,o3_mini_b,200,0.0,0
iterative,o3_mini_b,201,0.9775,1
iterative,o3_mini_b,202,0.0,0
iterative,o3_mini_b,203,0.96765625,1
iterative,o3_mini_b,204,0.97046875,1
iterative,o3_mini_b,205,0.9746875,1
iterative,o3_mini_b,206,0.96625,1
iterative,o3_mini_b,207,0.9746875,1
iterative,o3_mini_b,208,0.97046875,1
iterative,o3_mini_b,209,0.9690625,1
iterative,o3_mini_b,210,0.9746875,1
iterative,o3_mini_b,211,0.97328125,1
iterative,o3_mini_b,212,0.97328125,1
iterative,o3_mini_b,213,0.97046875,1
iterative,o3_mini_b,214,0.0,0
iterative,o3_mini_b,215,0.9746875,1
iterative,o3_mini_b,216,0.9690625,1
iterative,o3_mini_b,217,0.97328125,1
iterative,o3_mini_b,218,0.9803125,1
iterative,o3_mini_b,219,0.9746875,1
iterative,o3_mini_b,220,0.96765625,1
iterative,o3_mini_b,221,0.9746875,1
iterative,o3_mini_b,222,0.9634375,1
iterative,o3_mini_b,223,0.9803125,1
iterative,o3_mini_b,224,0.9746875,1
iterative,o3_mini_b,225,0.96484375,1
iterative,o3_mini_b,226,0.9746875,1
iterative,o3_mini_b,227,0.97046875,1
iterative,o3_mini_b,228,0.9775,1
iterative,o3_mini_b,229,0.96484375,1
iterative,o3_mini_b,230,0.96765625,1
iterative,o3_mini_b,231,0.96765625,1
iterative,o3_mini_b,232,0.97609375,1
iterative,o3_mini_b,233,0.971875,1
iterative,o3_mini_b,234,0.9746875,1
iterative,o3_mini_b,235,0.9803125,1
iterative,o3_mini_b,236,0.971875,1
iterative,o3_mini_b,237,0.9746875,1
iterative,o3_mini_b,238,0.96484375,1
iterative,o3_mini_b,239,0.97046875,1
iterative,o3_mini_b,240,0.97046875,1
iterative,o3_mini_b,241,0.97609375,1
iterative,o3_mini_b,242,0.97609375,1
iterative,o3_mini_b,243,0.98453125,1
iterative,o3_mini_b,244,0.9746875,1
iterative,o3_mini_b,245,0.97609375,1
iterative,o3_mini_b,246,0.97890625,1
iterative,o3_mini_b,247,0.97609375,1
iterative,o3_mini_b,248,0.96765625,1
iterative,o3_mini_b,249,0.96484375,1
iterative,o3_mini_b,250,0.97046875,1
iterative,o3_mini_b,251,0.0,0
iterative,o3_mini_b,252,0.95921875,1
iterative,o3_mini_b,253,0.97890625,1
iterative,o3_mini_b,254,0.971875,1
iterative,o3_mini_b,255,0.971875,1
iterative,o3_mini_b,256,0.96484375,1
iterative,o3_mini_b,257,0.9746875,1
iterative,o3_mini_b,258,0.97328125,1
iterative,o3_mini_b,259,0.97890625,1
iterative,o3_mini_b,260,0.9634375,1
iterative,o3_mini_b,261,0.9746875,1
iterative,o3_mini_b,262,0.9775,1
iterative,o3_mini_b,263,0.97609375,1
iterative,o3_mini_b,264,0.97609375,1
iterative,o3_mini_b,265,0.97328125,1
iterative,o3_mini_b,266,0.97328125,1
iterative,o3_mini_b,267,0.96203125,1
iterative,o3_mini_b,268,0.97046875,1
iterative,o3_mini_b,269,0.97609375,1
iterative,o3_mini_b,270,0.98453125,1
iterative,o3_mini_b,271,0.983125,1
iterative,o3_mini_b,272,0.97328125,1
iterative,o3_mini_b,273,0.0,0
iterative,o3_mini_b,274,0.96765625,1
iterative,o3_mini_b,275,0.9746875,1
iterative,o3_mini_b,276,0.97890625,1
iterative,o3_mini_b,277,0.971875,1
iterative,o3_mini_b,278,0.971875,1
iterative,o3_mini_b,279,0.97890625,1
iterative,o3_mini_b,280,0.9634375,1
iterative,o3_mini_b,281,0.97328125,1
iterative,o3_mini_b,282,0.98171875,1
iterative,o3_mini_b,283,0.97046875,1
iterative,o3_mini_b,284,0.97890625,1
iterative,o3_mini_b,285,0.96765625,1
iterative,o3_mini_b,286,0.971875,1
iterative,o3_mini_b,287,0.9775,1
iterative,o3_mini_b,288,0.0,0
iterative,o3_mini_b,289,0.9690625,1
iterative,o3_mini_b,290,0.97046875,1
iterative,o3_mini_b,291,0.97890625,1
iterative,o3_mini_b,292,0.97328125,1
iterative,o3_mini_b,293,0.97609375,1
iterative,o3_mini_b,294,0.9746875,1
iterative,o3_mini_b,295,0.97609375,1
iterative,o3_mini_b,296,0.0,0
iterative,o3_mini_b,297,0.0,0
iterative,o3_mini_b,298,0.9803125,1
iterative,o3_mini_b,299,0.9634375,1
iterative,o3_mini_b,300,0.9803125,1
iterative,o3_mini_b,301,0.9803125,1
iterative,o3_mini_b,302,0.9746875,1
iterative,o3_mini_b,303,0.971875,1
iterative,o3_mini_b,304,0.9690625,1
iterative,o3_mini_b,305,0.971875,1
iterative,o3_mini_b,306,0.97328125,1
iterative,o3_mini_b,307,0.96484375,1
iterative,o3_mini_b,308,0.971875,1
iterative,o3_mini_b,309,0.9690625,1
iterative,o3_mini_b,310,0.9746875,1
iterative,o3_mini_b,311,0.9634375,1
iterative,o3_mini_b,312,0.97328125,1
iterative,o3_mini_b,313,0.9634375,1
iterative,o3_mini_b,314,0.9746875,1
iterative,o3_mini_b,315,0.96484375,1
iterative,o3_mini_b,316,0.0,0
iterative,o3_mini_b,317,0.9803125,1
iterative,o3_mini_b,318,0.97609375,1
iterative,o3_mini_b,319,0.97328125,1
iterative,o3_mini_b,320,0.97046875,1
iterative,o3_mini_b,321,0.9690625,1
iterative,o3_mini_b,322,0.9746875,1
iterative,o3_mini_b,323,0.971875,1
iterative,o3_mini_b,324,0.96203125,1
iterative,o3_mini_b,325,0.971875,1
iterative,o3_mini_b,326,0.0,0
iterative,o3_mini_b,327,0.9746875,1
iterative,o3_mini_b,328,0.97328125,1
iterative,o3_mini_b,329,0.971875,1
iterative,o3_mini_b,330,0.9690625,1
iterative,o3_mini_b,331,0.0,0
iterative,o3_mini_b,332,0.97328125,1
iterative,o3_mini_b,333,0.96484375,1
iterative,o3_mini_b,334,0.9775,1
iterative,o3_mini_b,335,0.0,0
iterative,o3_mini_b,336,0.983125,1
iterative,o3_mini_b,337,0.97609375,1
iterative,o3_mini_b,338,0.97328125,1
iterative,o3_mini_b,339,0.98453125,1
iterative,o3_mini_b,340,0.0,0
iterative,o3_mini_b,341,0.9775,1
iterative,o3_mini_b,342,0.97328125,1
iterative,o3_mini_b,343,0.9775,1
iterative,o3_mini_b,344,0.0,0
iterative,o3_mini_b,345,0.96625,1
iterative,o3_mini_b,346,0.96625,1
iterative,o3_mini_b,347,0.9746875,1
iterative,o3_mini_b,348,0.9746875,1
iterative,o3_mini_b,349,0.96484375,1
iterative,o3_mini_b,350,0.97328125,1
iterative,o3_mini_b,351,0.9690625,1
iterative,o3_mini_b,352,0.98453125,1
iterative,o3_mini_b,353,0.97609375,1
iterative,o3_mini_b,354,0.97328125,1
iterative,o3_mini_b,355,0.9746875,1
iterative,o3_mini_b,356,0.9803125,1
iterative,o3_mini_b,357,0.971875,1
iterative,o3_mini_b,358,0.971875,1
iterative,o3_mini_b,359,0.9775,1
iterative,o3_mini_b,360,0.9803125,1
iterative,o3_mini_b,361,0.97046875,1
iterative,o3_mini_b,362,0.97609375,1
iterative,o3_mini_b,363,0.0,0
iterative,o3_mini_b,364,0.97328125,1
iterative,o3_mini_b,365,0.0,0
iterative,o3_mini_b,366,0.0,0
iterative,o3_mini_b,367,0.96484375,1
iterative,o3_mini_b,368,0.9746875,1
iterative,o3_mini_b,369,0.96765625,1
iterative,o3_mini_b,370,0.97609375,1
iterative,o3_mini_b,371,0.9746875,1
iterative,o3_mini_b,372,0.97890625,1
iterative,o3_mini_b,373,0.971875,1
iterative,o3_mini_b,374,0.9746875,1
iterative,o3_mini_b,375,0.97328125,1
iterative,o3_mini_b,376,0.971875,1
iterative,o3_mini_b,377,0.96765625,1
iterative,o3_mini_b,378,0.97328125,1
iterative,o3_mini_b,379,0.97328125,1
iterative,o3_mini_b,380,0.97890625,1
iterative,o3_mini_b,381,0.98453125,1
iterative,o3_mini_b,382,0.9690625,1
iterative,o3_mini_b,383,0.96484375,1
iterative,o3_mini_b,384,0.0,0
iterative,o3_mini_b,385,0.9775,1
iterative,o3_mini_b,386,0.96625,1
iterative,o3_mini_b,387,0.9746875,1
iterative,o3_mini_b,388,0.971875,1
iterative,o3_mini_b,389,0.97328125,1
iterative,o3_mini_b,390,0.971875,1
iterative,o3_mini_b,391,0.0,0
iterative,o3_mini_b,392,0.9634375,1
iterative,o3_mini_b,393,0.97046875,1
iterative,o3_mini_b,394,0.9746875,1
iterative,o3_mini_b,395,0.9690625,1
iterative,o3_mini_b,396,0.97328125,1
iterative,o3_mini_b,397,0.97609375,1
iterative,o3_mini_b,398,0.971875,1
iterative,o3_mini_b,399,0.9746875,1
iterative,o3_mini_b,400,0.97328125,1
iterative,o3_mini_b,401,0.97328125,1
iterative,o3_mini_b,402,0.9775,1
iterative,o3_mini_b,403,0.9746875,1
iterative,o3_mini_b,404,0.97046875,1
iterative,o3_mini_b,405,0.960625,1
iterative,o3_mini_b,406,0.9690625,1
iterative,o3_mini_b,407,0.9690625,1
iterative,o3_mini_b,408,0.97609375,1
iterative,o3_mini_b,409,0.97890625,1
iterative,o3_mini_b,410,0.9746875,1
iterative,o3_mini_b,411,0.9746875,1
iterative,o3_mini_b,412,0.9803125,1
iterative,o3_mini_b,413,0.9775,1
iterative,o3_mini_b,414,0.9775,1
iterative,o3_mini_b,415,0.98171875,1
iterative,o3_mini_b,416,0.96765625,1
iterative,o3_mini_b,417,0.0,0
iterative,o3_mini_b,418,0.96484375,1
iterative,o3_mini_b,419,0.971875,1
iterative,o3_mini_b,420,0.97046875,1
iterative,o3_mini_b,421,0.97609375,1
iterative,o3_mini_b,422,0.96484375,1
iterative,o3_mini_b,423,0.97609375,1
iterative,o3_mini_b,424,0.97328125,1
iterative,o3_mini_b,425,0.98171875,1
iterative,o3_mini_b,426,0.96765625,1
iterative,o3_mini_b,427,0.96765625,1
iterative,o3_mini_b,428,0.971875,1
iterative,o3_mini_b,429,0.9803125,1
iterative,o3_mini_b,430,0.0,0
iterative,o3_mini_b,431,0.97890625,1
iterative,o3_mini_b,432,0.98171875,1
iterative,o3_mini_b,433,0.97328125,1
iterative,o3_mini_b,434,0.9746875,1
iterative,o3_mini_b,435,0.96765625,1
iterative,o3_mini_b,436,0.97046875,1
iterative,o3_mini_b,437,0.97328125,1
iterative,o3_mini_b,438,0.98171875,1
iterative,o3_mini_b,439,0.9775,1
iterative,o3_mini_b,440,0.0,0
iterative,o3_mini_b,441,0.96765625,1
iterative,o3_mini_b,442,0.97890625,1
iterative,o3_mini_b,443,0.9746875,1
iterative,o3_mini_b,444,0.9746875,1
iterative,o3_mini_b,445,0.0,0
iterative,o3_mini_b,446,0.98171875,1
iterative,o3_mini_b,447,0.96765625,1
iterative,o3_mini_b,448,0.97328125,1
iterative,o3_mini_b,449,0.96203125,1
iterative,o3_mini_b,450,0.97890625,1
iterative,o3_mini_b,451,0.9634375,1
iterative,o3_mini_b,452,0.9803125,1
iterative,o3_mini_b,453,0.9690625,1
iterative,o3_mini_b,454,0.97046875,1
iterative,o3_mini_b,455,0.971875,1
iterative,o3_mini_b,456,0.9690625,1
iterative,o3_mini_b,457,0.97890625,1
iterative,o3_mini_b,458,0.9690625,1
iterative,o3_mini_b,459,0.97046875,1
iterative,o3_mini_b,460,0.9803125,1
iterative,o3_mini_b,461,0.96765625,1
iterative,o3_mini_b,462,0.971875,1
iterative,o3_mini_b,463,0.96484375,1
iterative,o3_mini_b,464,0.97328125,1
iterative,o3_mini_b,465,0.96625,1
iterative,o3_mini_b,466,0.97046875,1
iterative,o3_mini_b,467,0.971875,1
iterative,o3_mini_b,468,0.96625,1
iterative,o3_mini_b,469,0.0,0
iterative,o3_mini_b,470,0.9803125,1
iterative,o3_mini_b,471,0.96765625,1
iterative,o3_mini_b,472,0.96765625,1
iterative,o3_mini_b,473,0.971875,1
iterative,o3_mini_b,474,0.971875,1
iterative,o3_mini_b,475,0.96203125,1
iterative,o3_mini_b,476,0.96203125,1
iterative,o3_mini_b,477,0.97328125,1
iterative,o3_mini_b,478,0.97328125,1
iterative,o3_mini_b,479,0.97046875,1
iterative,o3_mini_b,480,0.9803125,1
iterative,o3_mini_b,481,0.97609375,1
iterative,o3_mini_b,482,0.97328125,1
iterative,o3_mini_b,483,0.9746875,1
iterative,o3_mini_b,484,0.96765625,1
iterative,o3_mini_b,485,0.97046875,1
iterative,o3_mini_b,486,0.96625,1
iterative,o3_mini_b,487,0.97046875,1
iterative,o3_mini_b,488,0.97046875,1
iterative,o3_mini_b,489,0.96484375,1
iterative,o3_mini_b,490,0.9690625,1
iterative,o3_mini_b,491,0.97328125,1
iterative,o3_mini_b,492,0.9803125,1
iterative,o3_mini_b,493,0.9775,1
iterative,o3_mini_b,494,0.97609375,1
iterative,o3_mini_b,495,0.9690625,1
iterative,o3_mini_b,496,0.9746875,1
iterative,o3_mini_b,497,0.97890625,1
iterative,o3_mini_b,498,0.97328125,1
iterative,o3_mini_b,499,0.9634375,1
iterative,o3_mini_b,500,0.97609375,1
iterative,o3_mini_b,501,0.96625,1
iterative,o3_mini_b,502,0.97609375,1
iterative,o3_mini_b,503,0.97046875,1
iterative,o3_mini_b,504,0.971875,1
iterative,o3_mini_b,505,0.98171875,1
iterative,o3_mini_b,506,0.971875,1
iterative,o3_mini_b,507,0.97046875,1
iterative,o3_mini_b,508,0.96484375,1
iterative,o3_mini_b,509,0.97328125,1
iterative,o3_mini_b,510,0.9746875,1
iterative,o3_mini_b,511,0.96625,1
iterative,o3_mini_b,512,0.96765625,1
iterative,o3_mini_b,513,0.97609375,1
iterative,o3_mini_b,514,0.97328125,1
iterative,o3_mini_b,515,0.97328125,1
iterative,o3_mini_b,516,0.97609375,1
iterative,o3_mini_b,517,0.9746875,1
iterative,o3_mini_b,518,0.96203125,1
iterative,o3_mini_b,519,0.96765625,1
iterative,o3_mini_b,520,0.97046875,1
iterative,o3_mini_b,521,0.97609375,1
iterative,o3_mini_b,522,0.96484375,1
iterative,o3_mini_b,523,0.97609375,1
iterative,o3_mini_b,524,0.9746875,1
iterative,o3_mini_b,525,0.9775,1
iterative,o3_mini_b,526,0.96625,1
iterative,o3_mini_b,527,0.97328125,1
iterative,o3_mini_b,528,0.0,0
iterative,o3_mini_b,529,0.9803125,1
iterative,o3_mini_b,530,0.97328125,1
iterative,o3_mini_b,531,0.971875,1
iterative,o3_mini_b,532,0.97328125,1
iterative,o3_mini_b,533,0.97328125,1
iterative,o3_mini_b,534,0.971875,1
iterative,o3_mini_b,535,0.960625,1
iterative,o3_mini_b,536,0.97609375,1
iterative,o3_mini_b,537,0.97609375,1
iterative,o3_mini_b,538,0.0,0
iterative,o3_mini_b,539,0.97046875,1
iterative,o3_mini_b,540,0.9690625,1
iterative,o3_mini_b,541,0.97890625,1
iterative,o3_mini_b,542,0.9690625,1
iterative,o3_mini_b,543,0.9690625,1
iterative,o3_mini_b,544,0.0,0
iterative,o3_mini_b,545,0.9690625,1
iterative,o3_mini_b,546,0.97046875,1
iterative,o3_mini_b,547,0.9859375,1
iterative,o3_mini_b,548,0.96484375,1
iterative,o3_mini_b,549,0.971875,1
iterative,o3_mini_b,550,0.97609375,1
iterative,o3_mini_b,551,0.0,0
iterative,o3_mini_b,552,0.0,0
iterative,o3_mini_b,553,0.97609375,1
iterative,o3_mini_b,554,0.97328125,1
iterative,o3_mini_b,555,0.9690625,1
iterative,o3_mini_b,556,0.9690625,1
iterative,o3_mini_b,557,0.97609375,1
iterative,o3_mini_b,558,0.9775,1
iterative,o3_mini_b,559,0.9803125,1
iterative,o3_mini_b,560,0.97890625,1
iterative,o3_mini_b,561,0.0,0
iterative,o3_mini_b,562,0.9690625,1
iterative,o3_mini_b,563,0.97609375,1
iterative,o3_mini_b,564,0.9775,1
iterative,o3_mini_b,565,0.97609375,1
iterative,o3_mini_b,566,0.9690625,1
iterative,o3_mini_b,567,0.97046875,1
iterative,o3_mini_b,568,0.971875,1
iterative,o3_mini_b,569,0.9803125,1
iterative,o3_mini_b,570,0.0,0
iterative,o3_mini_b,571,0.971875,1
iterative,o3_mini_b,572,0.97890625,1
iterative,o3_mini_b,573,0.96625,1
iterative,o3_mini_b,574,0.97328125,1
iterative,o3_mini_b,575,0.98171875,1
iterative,o3_mini_b,576,0.971875,1
iterative,o3_mini_b,577,0.971875,1
iterative,o3_mini_b,578,0.971875,1
iterative,o3_mini_b,579,0.97890625,1
iterative,o3_mini_b,580,0.97890625,1
iterative,o3_mini_b,581,0.0,0
iterative,o3_mini_b,582,0.97609375,1
iterative,o3_mini_b,583,0.971875,1
iterative,o3_mini_b,584,0.983125,1
iterative,o3_mini_b,585,0.97609375,1
iterative,o3_mini_b,586,0.9690625,1
iterative,o3_mini_b,587,0.98453125,1
iterative,o3_mini_b,588,0.0,0
iterative,o3_mini_b,589,0.9746875,1
iterative,o3_mini_b,590,0.97328125,1
iterative,o3_mini_b,591,0.0,0
iterative,o3_mini_b,592,0.97328125,1
iterative,o3_mini_b,593,0.97890625,1
iterative,o3_mini_b,594,0.971875,1
iterative,o3_mini_b,595,0.9775,1
iterative,o3_mini_b,596,0.97609375,1
iterative,o3_mini_b,597,0.971875,1
iterative,o3_mini_b,598,0.0,0
iterative,o3_mini_b,599,0.97609375,1
iterative,o3_mini_b,600,0.9746875,1
iterative,o3_mini_b,601,0.98171875,1
iterative,o3_mini_b,602,0.9775,1
iterative,o3_mini_b,603,0.9775,1
iterative,o3_mini_b,604,0.0,0
iterative,o3_mini_b,605,0.98171875,1
iterative,o3_mini_b,606,0.97328125,1
iterative,o3_mini_b,607,0.96765625,1
iterative,o3_mini_b,608,0.96484375,1
iterative,o3_mini_b,609,0.97890625,1
iterative,o3_mini_b,610,0.97046875,1
iterative,o3_mini_b,611,0.9690625,1
iterative,o3_mini_b,612,0.9775,1
iterative,o3_mini_b,613,0.9803125,1
iterative,o3_mini_b,614,0.96625,1
iterative,o3_mini_b,615,0.96625,1
iterative,o3_mini_b,616,0.97328125,1
iterative,o3_mini_b,617,0.983125,1
iterative,o3_mini_b,618,0.971875,1
iterative,o3_mini_b,619,0.9775,1
iterative,o3_mini_b,620,0.97609375,1
iterative,o3_mini_b,621,0.971875,1
iterative,o3_mini_b,622,0.97890625,1
iterative,o3_mini_b,623,0.97328125,1
iterative,o3_mini_b,624,0.9634375,1
iterative,o3_mini_b,625,0.97328125,1
iterative,o3_mini_b,626,0.97328125,1
iterative,o3_mini_b,627,0.9775,1
iterative,o3_mini_b,628,0.9775,1
iterative,o3_mini_b,629,0.9775,1
iterative,o3_mini_b,630,0.96625,1
iterative,o3_mini_b,631,0.0,0
iterative,o3_mini_b,632,0.971875,1
iterative,o3_mini_b,633,0.9690625,1
iterative,o3_mini_b,634,0.97328125,1
iterative,o3_mini_b,635,0.97328125,1
iterative,o3_mini_b,636,0.0,0
iterative,o3_mini_b,637,0.0,0
iterative,o3_mini_b,638,0.97609375,1
iterative,o3_mini_b,639,0.97046875,1
iterative,o3_mini_b,640,0.97046875,1
iterative,o3_mini_b,641,0.960625,1
iterative,o3_mini_b,642,0.97609375,1
iterative,o3_mini_b,643,0.97328125,1
iterative,o3_mini_b,644,0.98171875,1
iterative,o3_mini_b,645,0.0,0
iterative,o3_mini_b,646,0.97328125,1
iterative,o3_mini_b,647,0.971875,1
iterative,o3_mini_b,648,0.96765625,1
iterative,o3_mini_b,649,0.96765625,1
iterative,o3_mini_b,650,0.97328125,1
iterative,o3_mini_b,651,0.97890625,1
iterative,o3_mini_b,652,0.9690625,1
iterative,o3_mini_b,653,0.9775,1
iterative,o3_mini_b,654,0.971875,1
iterative,o3_mini_b,655,0.9746875,1
iterative,o3_mini_b,656,0.0,0
iterative,o3_mini_b,657,0.97328125,1
iterative,o3_mini_b,658,0.971875,1
iterative,o3_mini_b,659,0.97890625,1
iterative,o3_mini_b,660,0.9775,1
iterative,o3_mini_b,661,0.9746875,1
iterative,o3_mini_b,662,0.9803125,1
iterative,o3_mini_b,663,0.97046875,1
iterative,o3_mini_b,664,0.96484375,1
iterative,o3_mini_b,665,0.96765625,1
iterative,o3_mini_b,666,0.971875,1
iterative,o3_mini_b,667,0.9775,1
iterative,o3_mini_b,668,0.9746875,1
iterative,o3_mini_b,669,0.96765625,1
iterative,o3_mini_b,670,0.97890625,1
iterative,o3_mini_b,671,0.97328125,1
iterative,o3_mini_b,672,0.98453125,1
iterative,o3_mini_b,673,0.98171875,1
iterative,o3_mini_b,674,0.97890625,1
iterative,o3_mini_b,675,0.96203125,1
iterative,o3_mini_b,676,0.983125,1
iterative,o3_mini_b,677,0.97046875,1
iterative,o3_mini_b,678,0.97328125,1
iterative,o3_mini_b,679,0.9775,1
iterative,o3_mini_b,680,0.96765625,1
iterative,o3_mini_b,681,0.9690625,1
iterative,o3_mini_b,682,0.97046875,1
iterative,o3_mini_b,683,0.9690625,1
iterative,o3_mini_b,684,0.0,0
iterative,o3_mini_b,685,0.96765625,1
iterative,o3_mini_b,686,0.9634375,1
iterative,o3_mini_b,687,0.9803125,1
iterative,o3_mini_b,688,0.9746875,1
iterative,o3_mini_b,689,0.9690625,1
iterative,o3_mini_b,690,0.9578125,1
iterative,o3_mini_b,691,0.97609375,1
iterative,o3_mini_b,692,0.96765625,1
iterative,o3_mini_b,693,0.97046875,1
iterative,o3_mini_b,694,0.9634375,1
iterative,o3_mini_b,695,0.0,0
iterative,o3_mini_b,696,0.97609375,1
iterative,o3_mini_b,697,0.98171875,1
iterative,o3_mini_b,698,0.97046875,1
iterative,o3_mini_b,699,0.9690625,1
iterative,o3_mini_b,700,0.97328125,1
iterative,o3_mini_b,701,0.9775,1
iterative,o3_mini_b,702,0.0,0
iterative,o3_mini_b,703,0.9746875,1
iterative,o3_mini_b,704,0.96484375,1
iterative,o3_mini_b,705,0.0,0
iterative,o3_mini_b,706,0.97328125,1
iterative,o3_mini_b,707,0.9803125,1
iterative,o3_mini_b,708,0.9775,1
iterative,o3_mini_b,709,0.9775,1
iterative,o3_mini_b,710,0.96484375,1
iterative,o3_mini_b,711,0.971875,1
iterative,o3_mini_b,712,0.97609375,1
iterative,o3_mini_b,713,0.971875,1
iterative,o3_mini_b,714,0.9690625,1
iterative,o3_mini_b,715,0.9775,1
iterative,o3_mini_b,716,0.96625,1
iterative,o3_mini_b,717,0.0,0
iterative,o3_mini_b,718,0.97890625,1
iterative,o3_mini_b,719,0.97046875,1
iterative,o3_mini_b,720,0.9775,1
iterative,o3_mini_b,721,0.97890625,1
iterative,o3_mini_b,722,0.960625,1
iterative,o3_mini_b,723,0.9690625,1
iterative,o3_mini_b,724,0.97609375,1
iterative,o3_mini_b,725,0.97890625,1
iterative,o3_mini_b,726,0.0,0
iterative,o3_mini_b,727,0.98171875,1
iterative,o3_mini_b,728,0.9634375,1
iterative,o3_mini_b,729,0.9775,1
iterative,o3_mini_b,730,0.97046875,1
iterative,o3_mini_b,731,0.97328125,1
iterative,o3_mini_b,732,0.971875,1
iterative,o3_mini_b,733,0.9803125,1
iterative,o3_mini_b,734,0.9746875,1
iterative,o3_mini_b,735,0.0,0
iterative,o3_mini_b,736,0.97046875,1
iterative,o3_mini_b,737,0.97609375,1
iterative,o3_mini_b,738,0.97890625,1
iterative,o3_mini_b,739,0.9775,1
iterative,o3_mini_b,740,0.9775,1
iterative,o3_mini_b,741,0.9746875,1
iterative,o3_mini_b,742,0.97609375,1
iterative,o3_mini_b,743,0.971875,1
iterative,o3_mini_b,744,0.9690625,1
iterative,o3_mini_b,745,0.96765625,1
iterative,o3_mini_b,746,0.98171875,1
iterative,o3_mini_b,747,0.0,0
iterative,o3_mini_b,748,0.97046875,1
iterative,o3_mini_b,749,0.97890625,1
iterative,o3_mini_b,750,0.97328125,1
iterative,o3_mini_b,751,0.971875,1
iterative,o3_mini_b,752,0.97328125,1
iterative,o3_mini_b,753,0.97046875,1
iterative,o3_mini_b,754,0.96625,1
iterative,o3_mini_b,755,0.97328125,1
iterative,o3_mini_b,756,0.971875,1
iterative,o3_mini_b,757,0.96765625,1
iterative,o3_mini_b,758,0.9746875,1
iterative,o3_mini_b,759,0.9746875,1
iterative,o3_mini_b,760,0.97046875,1
iterative,o3_mini_b,761,0.9746875,1
iterative,o3_mini_b,762,0.97046875,1
iterative,o3_mini_b,763,0.9746875,1
iterative,o3_mini_b,764,0.9775,1
iterative,o3_mini_b,765,0.9775,1
iterative,o3_mini_b,766,0.97046875,1
iterative,o3_mini_b,767,0.97328125,1
iterative,o3_mini_b,768,0.97609375,1
iterative,o3_mini_b,769,0.960625,1
iterative,o3_mini_b,770,0.9634375,1
iterative,o3_mini_b,771,0.9690625,1
iterative,o3_mini_b,772,0.0,0
iterative,o3_mini_b,773,0.96765625,1
iterative,o3_mini_b,774,0.98171875,1
iterative,o3_mini_b,775,0.9746875,1
iterative,o3_mini_b,776,0.97328125,1
iterative,o3_mini_b,777,0.96765625,1
iterative,o3_mini_b,778,0.9690625,1
iterative,o3_mini_b,779,0.97046875,1
iterative,o3_mini_b,780,0.9746875,1
iterative,o3_mini_b,781,0.97609375,1
iterative,o3_mini_b,782,0.9775,1
iterative,o3_mini_b,783,0.9690625,1
iterative,o3_mini_b,784,0.96625,1
iterative,o3_mini_b,785,0.9775,1
iterative,o3_mini_b,786,0.97609375,1
iterative,o3_mini_b,787,0.9746875,1
iterative,o3_mini_b,788,0.96765625,1
iterative,o3_mini_b,789,0.9746875,1
iterative,o3_mini_b,790,0.97328125,1
iterative,o3_mini_b,791,0.0,0
iterative,o3_mini_b,792,0.9775,1
iterative,o3_mini_b,793,0.96765625,1
iterative,o3_mini_b,794,0.97046875,1
iterative,o3_mini_b,795,0.96203125,1
iterative,o3_mini_b,796,0.971875,1
iterative,o3_mini_b,797,0.96765625,1
iterative,o3_mini_b,798,0.9690625,1
iterative,o3_mini_b,799,0.97328125,1
iterative,o3_mini_b,800,0.9803125,1
iterative,o3_mini_b,801,0.96484375,1
iterative,o3_mini_b,802,0.97046875,1
iterative,o3_mini_b,803,0.97609375,1
iterative,o3_mini_b,804,0.9690625,1
iterative,o3_mini_b,805,0.97046875,1
iterative,o3_mini_b,806,0.9746875,1
iterative,o3_mini_b,807,0.971875,1
iterative,o3_mini_b,808,0.97890625,1
iterative,o3_mini_b,809,0.96765625,1
iterative,o3_mini_b,810,0.97328125,1
iterative,o3_mini_b,811,0.0,0
iterative,o3_mini_b,812,0.97609375,1
iterative,o3_mini_b,813,0.97609375,1
iterative,o3_mini_b,814,0.0,0
iterative,o3_mini_b,815,0.9690625,1
iterative,o3_mini_b,816,0.97328125,1
iterative,o3_mini_b,817,0.97328125,1
iterative,o3_mini_b,818,0.97328125,1
iterative,o3_mini_b,819,0.97609375,1
iterative,o3_mini_b,820,0.9859375,1
iterative,o3_mini_b,821,0.0,0
iterative,o3_mini_b,822,0.97609375,1
iterative,o3_mini_b,823,0.0,0
iterative,o3_mini_b,824,0.96765625,1
iterative,o3_mini_b,825,0.9746875,1
iterative,o3_mini_b,826,0.97328125,1
iterative,o3_mini_b,827,0.97328125,1
iterative,o3_mini_b,828,0.971875,1
iterative,o3_mini_b,829,0.98171875,1
iterative,o3_mini_b,830,0.98171875,1
iterative,o3_mini_b,831,0.97609375,1
iterative,o3_mini_b,832,0.97328125,1
iterative,o3_mini_b,833,0.97890625,1
iterative,o3_mini_b,834,0.97046875,1
iterative,o3_mini_b,835,0.97046875,1
iterative,o3_mini_b,836,0.9746875,1
iterative,o3_mini_b,837,0.9746875,1
iterative,o3_mini_b,838,0.97890625,1
iterative,o3_mini_b,839,0.98171875,1
iterative,o3_mini_b,840,0.97609375,1
iterative,o3_mini_b,841,0.98171875,1
iterative,o3_mini_b,842,0.97046875,1
iterative,o3_mini_b,843,0.9690625,1
iterative,o3_mini_b,844,0.97046875,1
iterative,o3_mini_b,845,0.9746875,1
iterative,o3_mini_b,846,0.97890625,1
iterative,o3_mini_b,847,0.0,0
iterative,o3_mini_b,848,0.97046875,1
iterative,o3_mini_b,849,0.96484375,1
iterative,o3_mini_b,850,0.9803125,1
iterative,o3_mini_b,851,0.97890625,1
iterative,o3_mini_b,852,0.0,0
iterative,o3_mini_b,853,0.0,0
iterative,o3_mini_b,854,0.971875,1
iterative,o3_mini_b,855,0.97890625,1
iterative,o3_mini_b,856,0.98171875,1
iterative,o3_mini_b,857,0.96625,1
iterative,o3_mini_b,858,0.0,0
iterative,o3_mini_b,859,0.971875,1
iterative,o3_mini_b,860,0.97328125,1
iterative,o3_mini_b,861,0.98171875,1
iterative,o3_mini_b,862,0.96203125,1
iterative,o3_mini_b,863,0.98171875,1
iterative,o3_mini_b,864,0.9775,1
iterative,o3_mini_b,865,0.0,0
iterative,o3_mini_b,866,0.9746875,1
iterative,o3_mini_b,867,0.97609375,1
iterative,o3_mini_b,868,0.971875,1
iterative,o3_mini_b,869,0.9746875,1
iterative,o3_mini_b,870,0.9746875,1
iterative,o3_mini_b,871,0.98171875,1
iterative,o3_mini_b,872,0.96765625,1
iterative,o3_mini_b,873,0.97328125,1
iterative,o3_mini_b,874,0.97609375,1
iterative,o3_mini_b,875,0.9690625,1
iterative,o3_mini_b,876,0.9690625,1
iterative,o3_mini_b,877,0.96765625,1
iterative,o3_mini_b,878,0.97328125,1
iterative,o3_mini_b,879,0.97609375,1
iterative,o3_mini_b,880,0.971875,1
iterative,o3_mini_b,881,0.9803125,1
iterative,o3_mini_b,882,0.96765625,1
iterative,o3_mini_b,883,0.98453125,1
iterative,o3_mini_b,884,0.9746875,1
iterative,o3_mini_b,885,0.9634375,1
iterative,o3_mini_b,886,0.971875,1
iterative,o3_mini_b,887,0.9690625,1
iterative,o3_mini_b,888,0.983125,1
iterative,o3_mini_b,889,0.97046875,1
iterative,o3_mini_b,890,0.9746875,1
iterative,o3_mini_b,891,0.9775,1
iterative,o3_mini_b,892,0.960625,1
iterative,o3_mini_b,893,0.97328125,1
iterative,o3_mini_b,894,0.9746875,1
iterative,o3_mini_b,895,0.983125,1
iterative,o3_mini_b,896,0.97890625,1
iterative,o3_mini_b,897,0.96625,1
iterative,o3_mini_b,898,0.9775,1
iterative,o3_mini_b,899,0.97609375,1
iterative,o3_mini_b,900,0.9803125,1
iterative,o3_mini_b,901,0.971875,1
iterative,o3_mini_b,902,0.96765625,1
iterative,o3_mini_b,903,0.971875,1
iterative,o3_mini_b,904,0.9746875,1
iterative,o3_mini_b,905,0.971875,1
iterative,o3_mini_b,906,0.9690625,1
iterative,o3_mini_b,907,0.9690625,1
iterative,o3_mini_b,908,0.971875,1
iterative,o3_mini_b,909,0.97328125,1
iterative,o3_mini_b,910,0.97890625,1
iterative,o3_mini_b,911,0.97609375,1
iterative,o3_mini_b,912,0.9803125,1
iterative,o3_mini_b,913,0.0,0
iterative,o3_mini_b,914,0.9690625,1
iterative,o3_mini_b,915,0.98171875,1
iterative,o3_mini_b,916,0.96203125,1
iterative,o3_mini_b,917,0.971875,1
iterative,o3_mini_b,918,0.9746875,1
iterative,o3_mini_b,919,0.97046875,1
iterative,o3_mini_b,920,0.971875,1
iterative,o3_mini_b,921,0.97328125,1
iterative,o3_mini_b,922,0.97328125,1
iterative,o3_mini_b,923,0.9746875,1
iterative,o3_mini_b,924,0.97890625,1
iterative,o3_mini_b,925,0.97046875,1
iterative,o3_mini_b,926,0.9690625,1
iterative,o3_mini_b,927,0.983125,1
iterative,o3_mini_b,928,0.9775,1
iterative,o3_mini_b,929,0.97328125,1
iterative,o3_mini_b,930,0.0,0
iterative,o3_mini_b,931,0.97328125,1
iterative,o3_mini_b,932,0.0,0
iterative,o3_mini_b,933,0.98171875,1
iterative,o3_mini_b,934,0.971875,1
iterative,o3_mini_b,935,0.97890625,1
iterative,o3_mini_b,936,0.96765625,1
iterative,o3_mini_b,937,0.97328125,1
iterative,o3_mini_b,938,0.9746875,1
iterative,o3_mini_b,939,0.98171875,1
iterative,o3_mini_b,940,0.9775,1
iterative,o3_mini_b,941,0.0,0
iterative,o3_mini_b,942,0.9803125,1
iterative,o3_mini_b,943,0.9803125,1
iterative,o3_mini_b,944,0.971875,1
iterative,o3_mini_b,945,0.9746875,1
iterative,o3_mini_b,946,0.95640625,1
iterative,o3_mini_b,947,0.97890625,1
iterative,o3_mini_b,948,0.9690625,1
iterative,o3_mini_b,949,0.9775,1
iterative,o3_mini_b,950,0.9746875,1
iterative,o3_mini_b,951,0.97890625,1
iterative,o3_mini_b,952,0.9690625,1
iterative,o3_mini_b,953,0.97046875,1
iterative,o3_mini_b,954,0.9746875,1
iterative,o3_mini_b,955,0.0,0
iterative,o3_mini_b,956,0.95640625,1
iterative,o3_mini_b,957,0.9775,1
iterative,o3_mini_b,958,0.9775,1
iterative,o3_mini_b,959,0.9690625,1
iterative,o3_mini_b,960,0.96765625,1
iterative,o3_mini_b,961,0.97609375,1
iterative,o3_mini_b,962,0.0,0
iterative,o3_mini_b,963,0.0,0
iterative,o3_mini_b,964,0.97046875,1
iterative,o3_mini_b,965,0.9634375,1
iterative,o3_mini_b,966,0.971875,1
iterative,o3_mini_b,967,0.9746875,1
iterative,o3_mini_b,968,0.96765625,1
iterative,o3_mini_b,969,0.97328125,1
iterative,o3_mini_b,970,0.97609375,1
iterative,o3_mini_b,971,0.96484375,1
iterative,o3_mini_b,972,0.9803125,1
iterative,o3_mini_b,973,0.97328125,1
iterative,o3_mini_b,974,0.97609375,1
iterative,o3_mini_b,975,0.96625,1
iterative,o3_mini_b,976,0.97890625,1
iterative,o3_mini_b,977,0.9775,1
iterative,o3_mini_b,978,0.98453125,1
iterative,o3_mini_b,979,0.971875,1
iterative,o3_mini_b,980,0.97890625,1
iterative,o3_mini_b,981,0.9634375,1
iterative,o3_mini_b,982,0.97046875,1
iterative,o3_mini_b,983,0.9746875,1
iterative,o3_mini_b,984,0.9803125,1
iterative,o3_mini_b,985,0.97609375,1
iterative,o3_mini_b,986,0.9690625,1
iterative,o3_mini_b,987,0.96484375,1
iterative,o3_mini_b,988,0.0,0
iterative,o3_mini_b,989,0.96625,1
iterative,o3_mini_b,990,0.97609375,1
iterative,o3_mini_b,991,0.9634375,1
iterative,o3_mini_b,992,0.96765625,1
iterative,o3_mini_b,993,0.9775,1
iterative,o3_mini_b,994,0.9746875,1
iterative,o3_mini_b,995,0.971875,1
iterative,o3_mini_b,996,0.97890625,1
iterative,o3_mini_b,997,0.9690625,1
iterative,o3_mini_b,998,0.9690625,1
iterative,o3_mini_b,999,0.96203125,1
iterative,o3_mini_c,0,0.97609375,1
iterative,o3_mini_c,1,0.97046875,1
iterative,o3_mini_c,2,0.9690625,1
iterative,o3_mini_c,3,0.9746875,1
iterative,o3_mini_c,4,0.983125,1
iterative,o3_mini_c,5,0.97609375,1
iterative,o3_mini_c,6,0.98171875,1
iterative,o3_mini_c,7,0.9775,1
iterative,o3_mini_c,8,0.96625,1
iterative,o3_mini_c,9,0.9803125,1
iterative,o3_mini_c,10,0.98453125,1
iterative,o3_mini_c,11,0.97890625,1
iterative,o3_mini_c,12,0.98171875,1
iterative,o3_mini_c,13,0.96625,1
iterative,o3_mini_c,14,0.971875,1
iterative,o3_mini_c,15,0.971875,1
iterative,o3_mini_c,16,0.9803125,1
iterative,o3_mini_c,17,0.9690625,1
iterative,o3_mini_c,18,0.97609375,1
iterative,o3_mini_c,19,0.98171875,1
iterative,o3_mini_c,20,0.97609375,1
iterative,o3_mini_c,21,0.983125,1
iterative,o3_mini_c,22,0.97046875,1
iterative,o3_mini_c,23,0.97328125,1
iterative,o3_mini_c,24,0.971875,1
iterative,o3_mini_c,25,0.97328125,1
iterative,o3_mini_c,26,0.97046875,1
iterative,o3_mini_c,27,0.9803125,1
iterative,o3_mini_c,28,0.9803125,1
iterative,o3_mini_c,29,0.9746875,1
iterative,o3_mini_c,30,0.96625,1
iterative,o3_mini_c,31,0.97609375,1
iterative,o3_mini_c,32,0.97046875,1
iterative,o3_mini_c,33,0.9775,1
iterative,o3_mini_c,34,0.97328125,1
iterative,o3_mini_c,35,0.9775,1
iterative,o3_mini_c,36,0.9803125,1
iterative,o3_mini_c,37,0.97609375,1
iterative,o3_mini_c,38,0.97609375,1
iterative,o3_mini_c,39,0.971875,1
iterative,o3_mini_c,40,0.96765625,1
iterative,o3_mini_c,41,0.97890625,1
iterative,o3_mini_c,42,0.971875,1
iterative,o3_mini_c,43,0.9859375,1
iterative,o3_mini_c,44,0.971875,1
iterative,o3_mini_c,45,0.9775,1
iterative,o3_mini_c,46,0.97328125,1
iterative,o3_mini_c,47,0.98171875,1
iterative,o3_mini_c,48,0.97046875,1
iterative,o3_mini_c,49,0.9803125,1
iterative,o3_mini_c,50,0.971875,1
iterative,o3_mini_c,51,0.971875,1
iterative,o3_mini_c,52,0.971875,1
iterative,o3_mini_c,53,0.97609375,1
iterative,o3_mini_c,54,0.983125,1
iterative,o3_mini_c,55,0.96765625,1
iterative,o3_mini_c,56,0.983125,1
iterative,o3_mini_c,57,0.98171875,1
iterative,o3_mini_c,58,0.98171875,1
iterative,o3_mini_c,59,0.97328125,1
iterative,o3_mini_c,60,0.9775,1
iterative,o3_mini_c,61,0.97609375,1
iterative,o3_mini_c,62,0.971875,1
iterative,o3_mini_c,63,0.97890625,1
iterative,o3_mini_c,64,0.9690625,1
iterative,o3_mini_c,65,0.98171875,1
iterative,o3_mini_c,66,0.97609375,1
iterative,o3_mini_c,67,0.97328125,1
iterative,o3_mini_c,68,0.97046875,1
iterative,o3_mini_c,69,0.98171875,1
iterative,o3_mini_c,70,0.9634375,1
iterative,o3_mini_c,71,0.98171875,1
iterative,o3_mini_c,72,0.97890625,1
iterative,o3_mini_c,73,0.971875,1
iterative,o3_mini_c,74,0.9803125,1
iterative,o3_mini_c,75,0.97890625,1
iterative,o3_mini_c,76,0.9775,1
iterative,o3_mini_c,77,0.97328125,1
iterative,o3_mini_c,78,0.9803125,1
iterative,o3_mini_c,79,0.9803125,1
iterative,o3_mini_c,80,0.96625,1
iterative,o3_mini_c,81,0.97609375,1
iterative,o3_mini_c,82,0.9803125,1
iterative,o3_mini_c,83,0.9775,1
iterative,o3_mini_c,84,0.97890625,1
iterative,o3_mini_c,85,0.98453125,1
iterative,o3_mini_c,86,0.96484375,1
iterative,o3_mini_c,87,0.9775,1
iterative,o3_mini_c,88,0.9803125,1
iterative,o3_mini_c,89,0.9775,1
iterative,o3_mini_c,90,0.971875,1
iterative,o3_mini_c,91,0.96203125,1
iterative,o3_mini_c,92,0.9775,1
iterative,o3_mini_c,93,0.971875,1
iterative,o3_mini_c,94,0.9775,1
iterative,o3_mini_c,95,0.9803125,1
iterative,o3_mini_c,96,0.971875,1
iterative,o3_mini_c,97,0.97609375,1
iterative,o3_mini_c,98,0.97609375,1
iterative,o3_mini_c,99,0.97046875,1
iterative,o3_mini_c,100,0.98453125,1
iterative,o3_mini_c,101,0.97328125,1
iterative,o3_mini_c,102,0.96625,1
iterative,o3_mini_c,103,0.97609375,1
iterative,o3_mini_c,104,0.9775,1
iterative,o3_mini_c,105,0.9775,1
iterative,o3_mini_c,106,0.97328125,1
iterative,o3_mini_c,107,0.9803125,1
iterative,o3_mini_c,108,0.97890625,1
iterative,o3_mini_c,109,0.9775,1
iterative,o3_mini_c,110,0.97890625,1
iterative,o3_mini_c,111,0.9803125,1
iterative,o3_mini_c,112,0.983125,1
iterative,o3_mini_c,113,0.97046875,1
iterative,o3_mini_c,114,0.9803125,1
iterative,o3_mini_c,115,0.9803125,1
iterative,o3_mini_c,116,0.9775,1
iterative,o3_mini_c,117,0.96625,1
iterative,o3_mini_c,118,0.97890625,1
iterative,o3_mini_c,119,0.97609375,1
iterative,o3_mini_c,120,0.971875,1
iterative,o3_mini_c,121,0.971875,1
iterative,o3_mini_c,122,0.971875,1
iterative,o3_mini_c,123,0.9803125,1
iterative,o3_mini_c,124,0.97328125,1
iterative,o3_mini_c,125,0.97890625,1
iterative,o3_mini_c,126,0.9859375,1
iterative,o3_mini_c,127,0.971875,1
iterative,o3_mini_c,128,0.96765625,1
iterative,o3_mini_c,129,0.97046875,1
iterative,o3_mini_c,130,0.9775,1
iterative,o3_mini_c,131,0.9775,1
iterative,o3_mini_c,132,0.9775,1
iterative,o3_mini_c,133,0.97890625,1
iterative,o3_mini_c,134,0.983125,1
iterative,o3_mini_c,135,0.971875,1
iterative,o3_mini_c,136,0.971875,1
iterative,o3_mini_c,137,0.97890625,1
iterative,o3_mini_c,138,0.97328125,1
iterative,o3_mini_c,139,0.9775,1
iterative,o3_mini_c,140,0.9746875,1
iterative,o3_mini_c,141,0.983125,1
iterative,o3_mini_c,142,0.9746875,1
iterative,o3_mini_c,143,0.96765625,1
iterative,o3_mini_c,144,0.98171875,1
iterative,o3_mini_c,145,0.971875,1
iterative,o3_mini_c,146,0.97890625,1
iterative,o3_mini_c,147,0.9746875,1
iterative,o3_mini_c,148,0.97609375,1
iterative,o3_mini_c,149,0.9803125,1
iterative,o3_mini_c,150,0.96625,1
iterative,o3_mini_c,151,0.97609375,1
iterative,o3_mini_c,152,0.97328125,1
iterative,o3_mini_c,153,0.9859375,1
iterative,o3_mini_c,154,0.9775,1
iterative,o3_mini_c,155,0.97328125,1
iterative,o3_mini_c,156,0.9746875,1
iterative,o3_mini_c,157,0.971875,1
iterative,o3_mini_c,158,0.971875,1
iterative,o3_mini_c,159,0.96625,1
iterative,o3_mini_c,160,0.97046875,1
iterative,o3_mini_c,161,0.97328125,1
iterative,o3_mini_c,162,0.983125,1
iterative,o3_mini_c,163,0.983125,1
iterative,o3_mini_c,164,0.9775,1
iterative,o3_mini_c,165,0.97328125,1
iterative,o3_mini_c,166,0.98734375,1
iterative,o3_mini_c,167,0.9690625,1
iterative,o3_mini_c,168,0.9775,1
iterative,o3_mini_c,169,0.9803125,1
iterative,o3_mini_c,170,0.97890625,1
iterative,o3_mini_c,171,0.97890625,1
iterative,o3_mini_c,172,0.9803125,1
iterative,o3_mini_c,173,0.98171875,1
iterative,o3_mini_c,174,0.9775,1
iterative,o3_mini_c,175,0.9690625,1
iterative,o3_mini_c,176,0.9746875,1
iterative,o3_mini_c,177,0.97328125,1
iterative,o3_mini_c,178,0.97609375,1
iterative,o3_mini_c,179,0.98171875,1
iterative,o3_mini_c,180,0.9803125,1
iterative,o3_mini_c,181,0.97328125,1
iterative,o3_mini_c,182,0.9746875,1
iterative,o3_mini_c,183,0.97328125,1
iterative,o3_mini_c,184,0.97890625,1
iterative,o3_mini_c,185,0.9690625,1
iterative,o3_mini_c,186,0.9803125,1
iterative,o3_mini_c,187,0.97609375,1
iterative,o3_mini_c,188,0.9803125,1
iterative,o3_mini_c,189,0.9775,1
iterative,o3_mini_c,190,0.97890625,1
iterative,o3_mini_c,191,0.971875,1
iterative,o3_mini_c,192,0.97609375,1
iterative,o3_mini_c,193,0.9775,1
iterative,o3_mini_c,194,0.97328125,1
iterative,o3_mini_c,195,0.9746875,1
iterative,o3_mini_c,196,0.9775,1
iterative,o3_mini_c,197,0.9775,1
iterative,o3_mini_c,198,0.971875,1
iterative,o3_mini_c,199,0.97328125,1
iterative,o3_mini_c,200,0.97890625,1
iterative,o3_mini_c,201,0.9775,1
iterative,o3_mini_c,202,0.97328125,1
iterative,o3_mini_c,203,0.96765625,1
iterative,o3_mini_c,204,0.97046875,1
iterative,o3_mini_c,205,0.9746875,1
iterative,o3_mini_c,206,0.96625,1
iterative,o3_mini_c,207,0.9746875,1
iterative,o3_mini_c,208,0.98453125,1
iterative,o3_mini_c,209,0.9690625,1
iterative,o3_mini_c,210,0.9746875,1
iterative,o3_mini_c,211,0.97328125,1
iterative,o3_mini_c,212,0.97328125,1
iterative,o3_mini_c,213,0.97046875,1
iterative,o3_mini_c,214,0.9803125,1
iterative,o3_mini_c,215,0.983125,1
iterative,o3_mini_c,216,0.9746875,1
iterative,o3_mini_c,217,0.97328125,1
iterative,o3_mini_c,218,0.9803125,1
iterative,o3_mini_c,219,0.9746875,1
iterative,o3_mini_c,220,0.97890625,1
iterative,o3_mini_c,221,0.9746875,1
iterative,o3_mini_c,222,0.9634375,1
iterative,o3_mini_c,223,0.9803125,1
iterative,o3_mini_c,224,0.9746875,1
iterative,o3_mini_c,225,0.97046875,1
iterative,o3_mini_c,226,0.9746875,1
iterative,o3_mini_c,227,0.97890625,1
iterative,o3_mini_c,228,0.9775,1
iterative,o3_mini_c,229,0.97046875,1
iterative,o3_mini_c,230,0.97046875,1
iterative,o3_mini_c,231,0.96765625,1
iterative,o3_mini_c,232,0.97609375,1
iterative,o3_mini_c,233,0.971875,1
iterative,o3_mini_c,234,0.9746875,1
iterative,o3_mini_c,235,0.9803125,1
iterative,o3_mini_c,236,0.971875,1
iterative,o3_mini_c,237,0.9775,1
iterative,o3_mini_c,238,0.96765625,1
iterative,o3_mini_c,239,0.97046875,1
iterative,o3_mini_c,240,0.97890625,1
iterative,o3_mini_c,241,0.97328125,1
iterative,o3_mini_c,242,0.98171875,1
iterative,o3_mini_c,243,0.98453125,1
iterative,o3_mini_c,244,0.9746875,1
iterative,o3_mini_c,245,0.97609375,1
iterative,o3_mini_c,246,0.97890625,1
iterative,o3_mini_c,247,0.97609375,1
iterative,o3_mini_c,248,0.96765625,1
iterative,o3_mini_c,249,0.96484375,1
iterative,o3_mini_c,250,0.97328125,1
iterative,o3_mini_c,251,0.971875,1
iterative,o3_mini_c,252,0.97046875,1
iterative,o3_mini_c,253,0.97890625,1
iterative,o3_mini_c,254,0.971875,1
iterative,o3_mini_c,255,0.971875,1
iterative,o3_mini_c,256,0.97328125,1
iterative,o3_mini_c,257,0.9775,1
iterative,o3_mini_c,258,0.97890625,1
iterative,o3_mini_c,259,0.97890625,1
iterative,o3_mini_c,260,0.9634375,1
iterative,o3_mini_c,261,0.9746875,1
iterative,o3_mini_c,262,0.9775,1
iterative,o3_mini_c,263,0.97890625,1
iterative,o3_mini_c,264,0.97609375,1
iterative,o3_mini_c,265,0.97328125,1
iterative,o3_mini_c,266,0.97328125,1
iterative,o3_mini_c,267,0.96484375,1
iterative,o3_mini_c,268,0.97046875,1
iterative,o3_mini_c,269,0.97609375,1
iterative,o3_mini_c,270,0.98453125,1
iterative,o3_mini_c,271,0.983125,1
iterative,o3_mini_c,272,0.97328125,1
iterative,o3_mini_c,273,0.971875,1
iterative,o3_mini_c,274,0.97609375,1
iterative,o3_mini_c,275,0.9746875,1
iterative,o3_mini_c,276,0.97890625,1
iterative,o3_mini_c,277,0.971875,1
iterative,o3_mini_c,278,0.983125,1
iterative,o3_mini_c,279,0.97890625,1
iterative,o3_mini_c,280,0.9746875,1
iterative,o3_mini_c,281,0.97328125,1
iterative,o3_mini_c,282,0.98171875,1
iterative,o3_mini_c,283,0.97046875,1
iterative,o3_mini_c,284,0.97890625,1
iterative,o3_mini_c,285,0.97046875,1
iterative,o3_mini_c,286,0.971875,1
iterative,o3_mini_c,287,0.9775,1
iterative,o3_mini_c,288,0.971875,1
iterative,o3_mini_c,289,0.9746875,1
iterative,o3_mini_c,290,0.97046875,1
iterative,o3_mini_c,291,0.97890625,1
iterative,o3_mini_c,292,0.97328125,1
iterative,o3_mini_c,293,0.97609375,1
iterative,o3_mini_c,294,0.9746875,1
iterative,o3_mini_c,295,0.97609375,1
iterative,o3_mini_c,296,0.9803125,1
iterative,o3_mini_c,297,0.97890625,1
iterative,o3_mini_c,298,0.9803125,1
iterative,o3_mini_c,299,0.9746875,1
iterative,o3_mini_c,300,0.9803125,1
iterative,o3_mini_c,301,0.9803125,1
iterative,o3_mini_c,302,0.9746875,1
iterative,o3_mini_c,303,0.9775,1
iterative,o3_mini_c,304,0.9690625,1
iterative,o3_mini_c,305,0.971875,1
iterative,o3_mini_c,306,0.97609375,1
iterative,o3_mini_c,307,0.97046875,1
iterative,o3_mini_c,308,0.971875,1
iterative,o3_mini_c,309,0.9690625,1
iterative,o3_mini_c,310,0.9746875,1
iterative,o3_mini_c,311,0.9746875,1
iterative,o3_mini_c,312,0.97328125,1
iterative,o3_mini_c,313,0.96625,1
iterative,o3_mini_c,314,0.9746875,1
iterative,o3_mini_c,315,0.97046875,1
iterative,o3_mini_c,316,0.97328125,1
iterative,o3_mini_c,317,0.9803125,1
iterative,o3_mini_c,318,0.97609375,1
iterative,o3_mini_c,319,0.97328125,1
iterative,o3_mini_c,320,0.97890625,1
iterative,o3_mini_c,321,0.9746875,1
iterative,o3_mini_c,322,0.9746875,1
iterative,o3_mini_c,323,0.971875,1
iterative,o3_mini_c,324,0.97328125,1
iterative,o3_mini_c,325,0.971875,1
iterative,o3_mini_c,326,0.9746875,1
iterative,o3_mini_c,327,0.9746875,1
iterative,o3_mini_c,328,0.98453125,1
iterative,o3_mini_c,329,0.9775,1
iterative,o3_mini_c,330,0.971875,1
iterative,o3_mini_c,331,0.97609375,1
iterative,o3_mini_c,332,0.97328125,1
iterative,o3_mini_c,333,0.97609375,1
iterative,o3_mini_c,334,0.9775,1
iterative,o3_mini_c,335,0.9803125,1
iterative,o3_mini_c,336,0.983125,1
iterative,o3_mini_c,337,0.97609375,1
iterative,o3_mini_c,338,0.97328125,1
iterative,o3_mini_c,339,0.98453125,1
iterative,o3_mini_c,340,0.97046875,1
iterative,o3_mini_c,341,0.9775,1
iterative,o3_mini_c,342,0.97328125,1
iterative,o3_mini_c,343,0.9775,1
iterative,o3_mini_c,344,0.9803125,1
iterative,o3_mini_c,345,0.96625,1
iterative,o3_mini_c,346,0.9690625,1
iterative,o3_mini_c,347,0.9803125,1
iterative,o3_mini_c,348,0.9746875,1
iterative,o3_mini_c,349,0.96484375,1
iterative,o3_mini_c,350,0.97609375,1
iterative,o3_mini_c,351,0.9775,1
iterative,o3_mini_c,352,0.98453125,1
iterative,o3_mini_c,353,0.97609375,1
iterative,o3_mini_c,354,0.97328125,1
iterative,o3_mini_c,355,0.9746875,1
iterative,o3_mini_c,356,0.9803125,1
iterative,o3_mini_c,357,0.9746875,1
iterative,o3_mini_c,358,0.971875,1
iterative,o3_mini_c,359,0.9775,1
iterative,o3_mini_c,360,0.9803125,1
iterative,o3_mini_c,361,0.97046875,1
iterative,o3_mini_c,362,0.97609375,1
iterative,o3_mini_c,363,0.971875,1
iterative,o3_mini_c,364,0.97328125,1
iterative,o3_mini_c,365,0.98171875,1
iterative,o3_mini_c,366,0.98171875,1
iterative,o3_mini_c,367,0.96765625,1
iterative,o3_mini_c,368,0.9775,1
iterative,o3_mini_c,369,0.98171875,1
iterative,o3_mini_c,370,0.97609375,1
iterative,o3_mini_c,371,0.983125,1
iterative,o3_mini_c,372,0.97890625,1
iterative,o3_mini_c,373,0.971875,1
iterative,o3_mini_c,374,0.9746875,1
iterative,o3_mini_c,375,0.98171875,1
iterative,o3_mini_c,376,0.971875,1
iterative,o3_mini_c,377,0.97609375,1
iterative,o3_mini_c,378,0.97328125,1
iterative,o3_mini_c,379,0.97328125,1
iterative,o3_mini_c,380,0.97890625,1
iterative,o3_mini_c,381,0.98453125,1
iterative,o3_mini_c,382,0.9690625,1
iterative,o3_mini_c,383,0.97890625,1
iterative,o3_mini_c,384,0.97890625,1
iterative,o3_mini_c,385,0.9775,1
iterative,o3_mini_c,386,0.9690625,1
iterative,o3_mini_c,387,0.9775,1
iterative,o3_mini_c,388,0.971875,1
iterative,o3_mini_c,389,0.97328125,1
iterative,o3_mini_c,390,0.971875,1
iterative,o3_mini_c,391,0.97046875,1
iterative,o3_mini_c,392,0.96625,1
iterative,o3_mini_c,393,0.97046875,1
iterative,o3_mini_c,394,0.9746875,1
iterative,o3_mini_c,395,0.9803125,1
iterative,o3_mini_c,396,0.97328125,1
iterative,o3_mini_c,397,0.97890625,1
iterative,o3_mini_c,398,0.971875,1
iterative,o3_mini_c,399,0.983125,1
iterative,o3_mini_c,400,0.97328125,1
iterative,o3_mini_c,401,0.98171875,1
iterative,o3_mini_c,402,0.9775,1
iterative,o3_mini_c,403,0.983125,1
iterative,o3_mini_c,404,0.98453125,1
iterative,o3_mini_c,405,0.971875,1
iterative,o3_mini_c,406,0.971875,1
iterative,o3_mini_c,407,0.9690625,1
iterative,o3_mini_c,408,0.97609375,1
iterative,o3_mini_c,409,0.97890625,1
iterative,o3_mini_c,410,0.9803125,1
iterative,o3_mini_c,411,0.9746875,1
iterative,o3_mini_c,412,0.9859375,1
iterative,o3_mini_c,413,0.9775,1
iterative,o3_mini_c,414,0.9775,1
iterative,o3_mini_c,415,0.98171875,1
iterative,o3_mini_c,416,0.96765625,1
iterative,o3_mini_c,417,0.9803125,1
iterative,o3_mini_c,418,0.97890625,1
iterative,o3_mini_c,419,0.971875,1
iterative,o3_mini_c,420,0.97328125,1
iterative,o3_mini_c,421,0.97609375,1
iterative,o3_mini_c,422,0.97890625,1
iterative,o3_mini_c,423,0.97609375,1
iterative,o3_mini_c,424,0.98453125,1
iterative,o3_mini_c,425,0.98171875,1
iterative,o3_mini_c,426,0.96765625,1
iterative,o3_mini_c,427,0.97609375,1
iterative,o3_mini_c,428,0.9775,1
iterative,o3_mini_c,429,0.9803125,1
iterative,o3_mini_c,430,0.97890625,1
iterative,o3_mini_c,431,0.97890625,1
iterative,o3_mini_c,432,0.98171875,1
iterative,o3_mini_c,433,0.97890625,1
iterative,o3_mini_c,434,0.9746875,1
iterative,o3_mini_c,435,0.96765625,1
iterative,o3_mini_c,436,0.97046875,1
iterative,o3_mini_c,437,0.98453125,1
iterative,o3_mini_c,438,0.98171875,1
iterative,o3_mini_c,439,0.9859375,1
iterative,o3_mini_c,440,0.98171875,1
iterative,o3_mini_c,441,0.97609375,1
iterative,o3_mini_c,442,0.97890625,1
iterative,o3_mini_c,443,0.9746875,1
iterative,o3_mini_c,444,0.9746875,1
iterative,o3_mini_c,445,0.971875,1
iterative,o3_mini_c,446,0.98171875,1
iterative,o3_mini_c,447,0.97609375,1
iterative,o3_mini_c,448,0.98171875,1
iterative,o3_mini_c,449,0.97328125,1
iterative,o3_mini_c,450,0.97890625,1
iterative,o3_mini_c,451,0.96625,1
iterative,o3_mini_c,452,0.9803125,1
iterative,o3_mini_c,453,0.971875,1
iterative,o3_mini_c,454,0.97046875,1
iterative,o3_mini_c,455,0.9746875,1
iterative,o3_mini_c,456,0.971875,1
iterative,o3_mini_c,457,0.97890625,1
iterative,o3_mini_c,458,0.9690625,1
iterative,o3_mini_c,459,0.97046875,1
iterative,o3_mini_c,460,0.9803125,1
iterative,o3_mini_c,461,0.97328125,1
iterative,o3_mini_c,462,0.9775,1
iterative,o3_mini_c,463,0.97046875,1
iterative,o3_mini_c,464,0.97328125,1
iterative,o3_mini_c,465,0.9803125,1
iterative,o3_mini_c,466,0.97046875,1
iterative,o3_mini_c,467,0.971875,1
iterative,o3_mini_c,468,0.96625,1
iterative,o3_mini_c,469,0.97328125,1
iterative,o3_mini_c,470,0.9803125,1
iterative,o3_mini_c,471,0.96765625,1
iterative,o3_mini_c,472,0.97046875,1
iterative,o3_mini_c,473,0.9775,1
iterative,o3_mini_c,474,0.9775,1
iterative,o3_mini_c,475,0.97328125,1
iterative,o3_mini_c,476,0.96765625,1
iterative,o3_mini_c,477,0.97609375,1
iterative,o3_mini_c,478,0.97328125,1
iterative,o3_mini_c,479,0.97890625,1
iterative,o3_mini_c,480,0.9803125,1
iterative,o3_mini_c,481,0.97609375,1
iterative,o3_mini_c,482,0.97328125,1
iterative,o3_mini_c,483,0.9746875,1
iterative,o3_mini_c,484,0.96765625,1
iterative,o3_mini_c,485,0.97890625,1
iterative,o3_mini_c,486,0.9746875,1
iterative,o3_mini_c,487,0.97046875,1
iterative,o3_mini_c,488,0.97046875,1
iterative,o3_mini_c,489,0.97046875,1
iterative,o3_mini_c,490,0.9690625,1
iterative,o3_mini_c,491,0.98171875,1
iterative,o3_mini_c,492,0.9803125,1
iterative,o3_mini_c,493,0.9775,1
iterative,o3_mini_c,494,0.97609375,1
iterative,o3_mini_c,495,0.9690625,1
iterative,o3_mini_c,496,0.9746875,1
iterative,o3_mini_c,497,0.97890625,1
iterative,o3_mini_c,498,0.98171875,1
iterative,o3_mini_c,499,0.9634375,1
iterative,o3_mini_c,500,0.97609375,1
iterative,o3_mini_c,501,0.971875,1
iterative,o3_mini_c,502,0.97609375,1
iterative,o3_mini_c,503,0.97609375,1
iterative,o3_mini_c,504,0.9775,1
iterative,o3_mini_c,505,0.98171875,1
iterative,o3_mini_c,506,0.9803125,1
iterative,o3_mini_c,507,0.97046875,1
iterative,o3_mini_c,508,0.97328125,1
iterative,o3_mini_c,509,0.97609375,1
iterative,o3_mini_c,510,0.9775,1
iterative,o3_mini_c,511,0.96625,1
iterative,o3_mini_c,512,0.97609375,1
iterative,o3_mini_c,513,0.98171875,1
iterative,o3_mini_c,514,0.97609375,1
iterative,o3_mini_c,515,0.97328125,1
iterative,o3_mini_c,516,0.97609375,1
iterative,o3_mini_c,517,0.9746875,1
iterative,o3_mini_c,518,0.97328125,1
iterative,o3_mini_c,519,0.96765625,1
iterative,o3_mini_c,520,0.97046875,1
iterative,o3_mini_c,521,0.97609375,1
iterative,o3_mini_c,522,0.97609375,1
iterative,o3_mini_c,523,0.97609375,1
iterative,o3_mini_c,524,0.9746875,1
iterative,o3_mini_c,525,0.9775,1
iterative,o3_mini_c,526,0.9746875,1
iterative,o3_mini_c,527,0.98453125,1
iterative,o3_mini_c,528,0.97328125,1
iterative,o3_mini_c,529,0.9803125,1
iterative,o3_mini_c,530,0.97328125,1
iterative,o3_mini_c,531,0.9746875,1
iterative,o3_mini_c,532,0.97328125,1
iterative,o3_mini_c,533,0.97328125,1
iterative,o3_mini_c,534,0.971875,1
iterative,o3_mini_c,535,0.9634375,1
iterative,o3_mini_c,536,0.98453125,1
iterative,o3_mini_c,537,0.97609375,1
iterative,o3_mini_c,538,0.9775,1
iterative,o3_mini_c,539,0.97046875,1
iterative,o3_mini_c,540,0.9746875,1
iterative,o3_mini_c,541,0.97890625,1
iterative,o3_mini_c,542,0.9803125,1
iterative,o3_mini_c,543,0.9775,1
iterative,o3_mini_c,544,0.9746875,1
iterative,o3_mini_c,545,0.9746875,1
iterative,o3_mini_c,546,0.97328125,1
iterative,o3_mini_c,547,0.9859375,1
iterative,o3_mini_c,548,0.97890625,1
iterative,o3_mini_c,549,0.971875,1
iterative,o3_mini_c,550,0.97609375,1
iterative,o3_mini_c,551,0.97890625,1
iterative,o3_mini_c,552,0.97890625,1
iterative,o3_mini_c,553,0.97609375,1
iterative,o3_mini_c,554,0.97609375,1
iterative,o3_mini_c,555,0.9775,1
iterative,o3_mini_c,556,0.9803125,1
iterative,o3_mini_c,557,0.97609375,1
iterative,o3_mini_c,558,0.9775,1
iterative,o3_mini_c,559,0.9803125,1
iterative,o3_mini_c,560,0.97890625,1
iterative,o3_mini_c,561,0.9775,1
iterative,o3_mini_c,562,0.9803125,1
iterative,o3_mini_c,563,0.97609375,1
iterative,o3_mini_c,564,0.9775,1
iterative,o3_mini_c,565,0.97609375,1
iterative,o3_mini_c,566,0.9775,1
iterative,o3_mini_c,567,0.98171875,1
iterative,o3_mini_c,568,0.9746875,1
iterative,o3_mini_c,569,0.9803125,1
iterative,o3_mini_c,570,0.97328125,1
iterative,o3_mini_c,571,0.971875,1
iterative,o3_mini_c,572,0.97890625,1
iterative,o3_mini_c,573,0.9746875,1
iterative,o3_mini_c,574,0.97328125,1
iterative,o3_mini_c,575,0.98171875,1
iterative,o3_mini_c,576,0.971875,1
iterative,o3_mini_c,577,0.971875,1
iterative,o3_mini_c,578,0.971875,1
iterative,o3_mini_c,579,0.97890625,1
iterative,o3_mini_c,580,0.97890625,1
iterative,o3_mini_c,581,0.97890625,1
iterative,o3_mini_c,582,0.98171875,1
iterative,o3_mini_c,583,0.971875,1
iterative,o3_mini_c,584,0.983125,1
iterative,o3_mini_c,585,0.97609375,1
iterative,o3_mini_c,586,0.971875,1
iterative,o3_mini_c,587,0.98453125,1
iterative,o3_mini_c,588,0.9775,1
iterative,o3_mini_c,589,0.9746875,1
iterative,o3_mini_c,590,0.97328125,1
iterative,o3_mini_c,591,0.97328125,1
iterative,o3_mini_c,592,0.97328125,1
iterative,o3_mini_c,593,0.98171875,1
iterative,o3_mini_c,594,0.971875,1
iterative,o3_mini_c,595,0.9775,1
iterative,o3_mini_c,596,0.97609375,1
iterative,o3_mini_c,597,0.971875,1
iterative,o3_mini_c,598,0.97890625,1
iterative,o3_mini_c,599,0.97609375,1
iterative,o3_mini_c,600,0.983125,1
iterative,o3_mini_c,601,0.98171875,1
iterative,o3_mini_c,602,0.9775,1
iterative,o3_mini_c,603,0.9775,1
iterative,o3_mini_c,604,0.97046875,1
iterative,o3_mini_c,605,0.98171875,1
iterative,o3_mini_c,606,0.97609375,1
iterative,o3_mini_c,607,0.96765625,1
iterative,o3_mini_c,608,0.97890625,1
iterative,o3_mini_c,609,0.97890625,1
iterative,o3_mini_c,610,0.97046875,1
iterative,o3_mini_c,611,0.9690625,1
iterative,o3_mini_c,612,0.9775,1
iterative,o3_mini_c,613,0.983125,1
iterative,o3_mini_c,614,0.9775,1
iterative,o3_mini_c,615,0.971875,1
iterative,o3_mini_c,616,0.97890625,1
iterative,o3_mini_c,617,0.983125,1
iterative,o3_mini_c,618,0.971875,1
iterative,o3_mini_c,619,0.9775,1
iterative,o3_mini_c,620,0.97609375,1
iterative,o3_mini_c,621,0.971875,1
iterative,o3_mini_c,622,0.97890625,1
iterative,o3_mini_c,623,0.97890625,1
iterative,o3_mini_c,624,0.9775,1
iterative,o3_mini_c,625,0.97328125,1
iterative,o3_mini_c,626,0.97890625,1
iterative,o3_mini_c,627,0.9775,1
iterative,o3_mini_c,628,0.9775,1
iterative,o3_mini_c,629,0.9775,1
iterative,o3_mini_c,630,0.9690625,1
iterative,o3_mini_c,631,0.983125,1
iterative,o3_mini_c,632,0.971875,1
iterative,o3_mini_c,633,0.971875,1
iterative,o3_mini_c,634,0.97328125,1
iterative,o3_mini_c,635,0.98453125,1
iterative,o3_mini_c,636,0.971875,1
iterative,o3_mini_c,637,0.971875,1
iterative,o3_mini_c,638,0.97890625,1
iterative,o3_mini_c,639,0.97328125,1
iterative,o3_mini_c,640,0.97890625,1
iterative,o3_mini_c,641,0.96625,1
iterative,o3_mini_c,642,0.97609375,1
iterative,o3_mini_c,643,0.97890625,1
iterative,o3_mini_c,644,0.98171875,1
iterative,o3_mini_c,645,0.97890625,1
iterative,o3_mini_c,646,0.97890625,1
iterative,o3_mini_c,647,0.971875,1
iterative,o3_mini_c,648,0.96765625,1
iterative,o3_mini_c,649,0.97609375,1
iterative,o3_mini_c,650,0.97328125,1
iterative,o3_mini_c,651,0.98734375,1
iterative,o3_mini_c,652,0.9746875,1
iterative,o3_mini_c,653,0.9775,1
iterative,o3_mini_c,654,0.9803125,1
iterative,o3_mini_c,655,0.9746875,1
iterative,o3_mini_c,656,0.9746875,1
iterative,o3_mini_c,657,0.97328125,1
iterative,o3_mini_c,658,0.9775,1
iterative,o3_mini_c,659,0.97890625,1
iterative,o3_mini_c,660,0.9775,1
iterative,o3_mini_c,661,0.9746875,1
iterative,o3_mini_c,662,0.9803125,1
iterative,o3_mini_c,663,0.97609375,1
iterative,o3_mini_c,664,0.97046875,1
iterative,o3_mini_c,665,0.97046875,1
iterative,o3_mini_c,666,0.9803125,1
iterative,o3_mini_c,667,0.9859375,1
iterative,o3_mini_c,668,0.9746875,1
iterative,o3_mini_c,669,0.97890625,1
iterative,o3_mini_c,670,0.98734375,1
iterative,o3_mini_c,671,0.97609375,1
iterative,o3_mini_c,672,0.98453125,1
iterative,o3_mini_c,673,0.98171875,1
iterative,o3_mini_c,674,0.97890625,1
iterative,o3_mini_c,675,0.96765625,1
iterative,o3_mini_c,676,0.983125,1
iterative,o3_mini_c,677,0.97890625,1
iterative,o3_mini_c,678,0.97890625,1
iterative,o3_mini_c,679,0.9775,1
iterative,o3_mini_c,680,0.96765625,1
iterative,o3_mini_c,681,0.971875,1
iterative,o3_mini_c,682,0.97328125,1
iterative,o3_mini_c,683,0.9746875,1
iterative,o3_mini_c,684,0.97328125,1
iterative,o3_mini_c,685,0.96765625,1
iterative,o3_mini_c,686,0.9690625,1
iterative,o3_mini_c,687,0.9803125,1
iterative,o3_mini_c,688,0.9746875,1
iterative,o3_mini_c,689,0.9803125,1
iterative,o3_mini_c,690,0.9634375,1
iterative,o3_mini_c,691,0.97609375,1
iterative,o3_mini_c,692,0.97328125,1
iterative,o3_mini_c,693,0.97890625,1
iterative,o3_mini_c,694,0.9690625,1
iterative,o3_mini_c,695,0.97890625,1
iterative,o3_mini_c,696,0.97609375,1
iterative,o3_mini_c,697,0.98171875,1
iterative,o3_mini_c,698,0.97046875,1
iterative,o3_mini_c,699,0.9690625,1
iterative,o3_mini_c,700,0.97328125,1
iterative,o3_mini_c,701,0.9775,1
iterative,o3_mini_c,702,0.97890625,1
iterative,o3_mini_c,703,0.9746875,1
iterative,o3_mini_c,704,0.96765625,1
iterative,o3_mini_c,705,0.9775,1
iterative,o3_mini_c,706,0.97609375,1
iterative,o3_mini_c,707,0.9803125,1
iterative,o3_mini_c,708,0.9803125,1
iterative,o3_mini_c,709,0.9775,1
iterative,o3_mini_c,710,0.97609375,1
iterative,o3_mini_c,711,0.971875,1
iterative,o3_mini_c,712,0.97609375,1
iterative,o3_mini_c,713,0.971875,1
iterative,o3_mini_c,714,0.9746875,1
iterative,o3_mini_c,715,0.9775,1
iterative,o3_mini_c,716,0.971875,1
iterative,o3_mini_c,717,0.98171875,1
iterative,o3_mini_c,718,0.97890625,1
iterative,o3_mini_c,719,0.97890625,1
iterative,o3_mini_c,720,0.9775,1
iterative,o3_mini_c,721,0.97890625,1
iterative,o3_mini_c,722,0.971875,1
iterative,o3_mini_c,723,0.9690625,1
iterative,o3_mini_c,724,0.97890625,1
iterative,o3_mini_c,725,0.97890625,1
iterative,o3_mini_c,726,0.97890625,1
iterative,o3_mini_c,727,0.98171875,1
iterative,o3_mini_c,728,0.9690625,1
iterative,o3_mini_c,729,0.9775,1
iterative,o3_mini_c,730,0.97328125,1
iterative,o3_mini_c,731,0.97890625,1
iterative,o3_mini_c,732,0.971875,1
iterative,o3_mini_c,733,0.9803125,1
iterative,o3_mini_c,734,0.9746875,1
iterative,o3_mini_c,735,0.9690625,1
iterative,o3_mini_c,736,0.97609375,1
iterative,o3_mini_c,737,0.97609375,1
iterative,o3_mini_c,738,0.98453125,1
iterative,o3_mini_c,739,0.9775,1
iterative,o3_mini_c,740,0.9775,1
iterative,o3_mini_c,741,0.9746875,1
iterative,o3_mini_c,742,0.97609375,1
iterative,o3_mini_c,743,0.9746875,1
iterative,o3_mini_c,744,0.9690625,1
iterative,o3_mini_c,745,0.96765625,1
iterative,o3_mini_c,746,0.98171875,1
iterative,o3_mini_c,747,0.971875,1
iterative,o3_mini_c,748,0.97609375,1
iterative,o3_mini_c,749,0.97890625,1
iterative,o3_mini_c,750,0.97328125,1
iterative,o3_mini_c,751,0.971875,1
iterative,o3_mini_c,752,0.98171875,1
iterative,o3_mini_c,753,0.97046875,1
iterative,o3_mini_c,754,0.9746875,1
iterative,o3_mini_c,755,0.97328125,1
iterative,o3_mini_c,756,0.9775,1
iterative,o3_mini_c,757,0.97890625,1
iterative,o3_mini_c,758,0.9803125,1
iterative,o3_mini_c,759,0.9775,1
iterative,o3_mini_c,760,0.97046875,1
iterative,o3_mini_c,761,0.9746875,1
iterative,o3_mini_c,762,0.97609375,1
iterative,o3_mini_c,763,0.9746875,1
iterative,o3_mini_c,764,0.9775,1
iterative,o3_mini_c,765,0.9775,1
iterative,o3_mini_c,766,0.97609375,1
iterative,o3_mini_c,767,0.97328125,1
iterative,o3_mini_c,768,0.97609375,1
iterative,o3_mini_c,769,0.971875,1
iterative,o3_mini_c,770,0.9746875,1
iterative,o3_mini_c,771,0.983125,1
iterative,o3_mini_c,772,0.97328125,1
iterative,o3_mini_c,773,0.97609375,1
iterative,o3_mini_c,774,0.98171875,1
iterative,o3_mini_c,775,0.9746875,1
iterative,o3_mini_c,776,0.97890625,1
iterative,o3_mini_c,777,0.97890625,1
iterative,o3_mini_c,778,0.9775,1
iterative,o3_mini_c,779,0.97046875,1
iterative,o3_mini_c,780,0.9746875,1
iterative,o3_mini_c,781,0.97609375,1
iterative,o3_mini_c,782,0.9775,1
iterative,o3_mini_c,783,0.971875,1
iterative,o3_mini_c,784,0.9690625,1
iterative,o3_mini_c,785,0.9775,1
iterative,o3_mini_c,786,0.97609375,1
iterative,o3_mini_c,787,0.9746875,1
iterative,o3_mini_c,788,0.97046875,1
iterative,o3_mini_c,789,0.9746875,1
iterative,o3_mini_c,790,0.97328125,1
iterative,o3_mini_c,791,0.97609375,1
iterative,o3_mini_c,792,0.983125,1
iterative,o3_mini_c,793,0.97609375,1
iterative,o3_mini_c,794,0.97328125,1
iterative,o3_mini_c,795,0.96484375,1
iterative,o3_mini_c,796,0.971875,1
iterative,o3_mini_c,797,0.97046875,1
iterative,o3_mini_c,798,0.9775,1
iterative,o3_mini_c,799,0.97328125,1
iterative,o3_mini_c,800,0.9803125,1
iterative,o3_mini_c,801,0.96484375,1
iterative,o3_mini_c,802,0.97890625,1
iterative,o3_mini_c,803,0.98171875,1
iterative,o3_mini_c,804,0.9746875,1
iterative,o3_mini_c,805,0.97328125,1
iterative,o3_mini_c,806,0.9746875,1
iterative,o3_mini_c,807,0.9803125,1
iterative,o3_mini_c,808,0.97890625,1
iterative,o3_mini_c,809,0.97046875,1
iterative,o3_mini_c,810,0.97328125,1
iterative,o3_mini_c,811,0.97328125,1
iterative,o3_mini_c,812,0.97890625,1
iterative,o3_mini_c,813,0.97609375,1
iterative,o3_mini_c,814,0.97609375,1
iterative,o3_mini_c,815,0.9775,1
iterative,o3_mini_c,816,0.97328125,1
iterative,o3_mini_c,817,0.98171875,1
iterative,o3_mini_c,818,0.97328125,1
iterative,o3_mini_c,819,0.97609375,1
iterative,o3_mini_c,820,0.9859375,1
iterative,o3_mini_c,821,0.9746875,1
iterative,o3_mini_c,822,0.98453125,1
iterative,o3_mini_c,823,0.97609375,1
iterative,o3_mini_c,824,0.96765625,1
iterative,o3_mini_c,825,0.9746875,1
iterative,o3_mini_c,826,0.97328125,1
iterative,o3_mini_c,827,0.97328125,1
iterative,o3_mini_c,828,0.971875,1
iterative,o3_mini_c,829,0.98171875,1
iterative,o3_mini_c,830,0.98171875,1
iterative,o3_mini_c,831,0.97609375,1
iterative,o3_mini_c,832,0.98171875,1
iterative,o3_mini_c,833,0.97890625,1
iterative,o3_mini_c,834,0.97046875,1
iterative,o3_mini_c,835,0.97609375,1
iterative,o3_mini_c,836,0.9746875,1
iterative,o3_mini_c,837,0.9746875,1
iterative,o3_mini_c,838,0.97890625,1
iterative,o3_mini_c,839,0.98171875,1
iterative,o3_mini_c,840,0.97609375,1
iterative,o3_mini_c,841,0.98171875,1
iterative,o3_mini_c,842,0.97609375,1
iterative,o3_mini_c,843,0.9690625,1
iterative,o3_mini_c,844,0.97046875,1
iterative,o3_mini_c,845,0.9803125,1
iterative,o3_mini_c,846,0.97890625,1
iterative,o3_mini_c,847,0.9803125,1
iterative,o3_mini_c,848,0.97046875,1
iterative,o3_mini_c,849,0.96484375,1
iterative,o3_mini_c,850,0.9803125,1
iterative,o3_mini_c,851,0.97890625,1
iterative,o3_mini_c,852,0.97890625,1
iterative,o3_mini_c,853,0.98171875,1
iterative,o3_mini_c,854,0.971875,1
iterative,o3_mini_c,855,0.97890625,1
iterative,o3_mini_c,856,0.98171875,1
iterative,o3_mini_c,857,0.971875,1
iterative,o3_mini_c,858,0.97890625,1
iterative,o3_mini_c,859,0.971875,1
iterative,o3_mini_c,860,0.98453125,1
iterative,o3_mini_c,861,0.98171875,1
iterative,o3_mini_c,862,0.97328125,1
iterative,o3_mini_c,863,0.98171875,1
iterative,o3_mini_c,864,0.9775,1
iterative,o3_mini_c,865,0.9690625,1
iterative,o3_mini_c,866,0.9746875,1
iterative,o3_mini_c,867,0.97890625,1
iterative,o3_mini_c,868,0.9746875,1
iterative,o3_mini_c,869,0.9775,1
iterative,o3_mini_c,870,0.9746875,1
iterative,o3_mini_c,871,0.98171875,1
iterative,o3_mini_c,872,0.96765625,1
iterative,o3_mini_c,873,0.97328125,1
iterative,o3_mini_c,874,0.97609375,1
iterative,o3_mini_c,875,0.9690625,1
iterative,o3_mini_c,876,0.9690625,1
iterative,o3_mini_c,877,0.97609375,1
iterative,o3_mini_c,878,0.97328125,1
iterative,o3_mini_c,879,0.97890625,1
iterative,o3_mini_c,880,0.9775,1
iterative,o3_mini_c,881,0.9803125,1
iterative,o3_mini_c,882,0.98171875,1
iterative,o3_mini_c,883,0.98453125,1
iterative,o3_mini_c,884,0.9746875,1
iterative,o3_mini_c,885,0.9690625,1
iterative,o3_mini_c,886,0.971875,1
iterative,o3_mini_c,887,0.971875,1
iterative,o3_mini_c,888,0.983125,1
iterative,o3_mini_c,889,0.97046875,1
iterative,o3_mini_c,890,0.9746875,1
iterative,o3_mini_c,891,0.9775,1
iterative,o3_mini_c,892,0.9690625,1
iterative,o3_mini_c,893,0.97328125,1
iterative,o3_mini_c,894,0.9746875,1
iterative,o3_mini_c,895,0.983125,1
iterative,o3_mini_c,896,0.97609375,1
iterative,o3_mini_c,897,0.9803125,1
iterative,o3_mini_c,898,0.9775,1
iterative,o3_mini_c,899,0.97609375,1
iterative,o3_mini_c,900,0.9803125,1
iterative,o3_mini_c,901,0.971875,1
iterative,o3_mini_c,902,0.97609375,1
iterative,o3_mini_c,903,0.9746875,1
iterative,o3_mini_c,904,0.9775,1
iterative,o3_mini_c,905,0.9803125,1
iterative,o3_mini_c,906,0.9690625,1
iterative,o3_mini_c,907,0.971875,1
iterative,o3_mini_c,908,0.9746875,1
iterative,o3_mini_c,909,0.97328125,1
iterative,o3_mini_c,910,0.97890625,1
iterative,o3_mini_c,911,0.97609375,1
iterative,o3_mini_c,912,0.9803125,1
iterative,o3_mini_c,913,0.97046875,1
iterative,o3_mini_c,914,0.9690625,1
iterative,o3_mini_c,915,0.98734375,1
iterative,o3_mini_c,916,0.96203125,1
iterative,o3_mini_c,917,0.971875,1
iterative,o3_mini_c,918,0.9746875,1
iterative,o3_mini_c,919,0.97328125,1
iterative,o3_mini_c,920,0.971875,1
iterative,o3_mini_c,921,0.97328125,1
iterative,o3_mini_c,922,0.97328125,1
iterative,o3_mini_c,923,0.9746875,1
iterative,o3_mini_c,924,0.97890625,1
iterative,o3_mini_c,925,0.97046875,1
iterative,o3_mini_c,926,0.9690625,1
iterative,o3_mini_c,927,0.983125,1
iterative,o3_mini_c,928,0.9775,1
iterative,o3_mini_c,929,0.97328125,1
iterative,o3_mini_c,930,0.97890625,1
iterative,o3_mini_c,931,0.97609375,1
iterative,o3_mini_c,932,0.9803125,1
iterative,o3_mini_c,933,0.98171875,1
iterative,o3_mini_c,934,0.971875,1
iterative,o3_mini_c,935,0.97890625,1
iterative,o3_mini_c,936,0.97609375,1
iterative,o3_mini_c,937,0.97890625,1
iterative,o3_mini_c,938,0.9746875,1
iterative,o3_mini_c,939,0.98171875,1
iterative,o3_mini_c,940,0.9775,1
iterative,o3_mini_c,941,0.983125,1
iterative,o3_mini_c,942,0.9803125,1
iterative,o3_mini_c,943,0.9803125,1
iterative,o3_mini_c,944,0.971875,1
iterative,o3_mini_c,945,0.9775,1
iterative,o3_mini_c,946,0.96765625,1
iterative,o3_mini_c,947,0.97890625,1
iterative,o3_mini_c,948,0.9690625,1
iterative,o3_mini_c,949,0.9775,1
iterative,o3_mini_c,950,0.9803125,1
iterative,o3_mini_c,951,0.97890625,1
iterative,o3_mini_c,952,0.971875,1
iterative,o3_mini_c,953,0.97609375,1
iterative,o3_mini_c,954,0.9803125,1
iterative,o3_mini_c,955,0.9746875,1
iterative,o3_mini_c,956,0.96765625,1
iterative,o3_mini_c,957,0.9859375,1
iterative,o3_mini_c,958,0.9775,1
iterative,o3_mini_c,959,0.9690625,1
iterative,o3_mini_c,960,0.97890625,1
iterative,o3_mini_c,961,0.97609375,1
iterative,o3_mini_c,962,0.97328125,1
iterative,o3_mini_c,963,0.9775,1
iterative,o3_mini_c,964,0.98453125,1
iterative,o3_mini_c,965,0.96625,1
iterative,o3_mini_c,966,0.971875,1
iterative,o3_mini_c,967,0.9746875,1
iterative,o3_mini_c,968,0.97609375,1
iterative,o3_mini_c,969,0.97328125,1
iterative,o3_mini_c,970,0.97609375,1
iterative,o3_mini_c,971,0.96484375,1
iterative,o3_mini_c,972,0.9803125,1
iterative,o3_mini_c,973,0.97328125,1
iterative,o3_mini_c,974,0.97890625,1
iterative,o3_mini_c,975,0.9690625,1
iterative,o3_mini_c,976,0.97890625,1
iterative,o3_mini_c,977,0.9775,1
iterative,o3_mini_c,978,0.98453125,1
iterative,o3_mini_c,979,0.9746875,1
iterative,o3_mini_c,980,0.98171875,1
iterative,o3_mini_c,981,0.9634375,1
iterative,o3_mini_c,982,0.97046875,1
iterative,o3_mini_c,983,0.9746875,1
iterative,o3_mini_c,984,0.9803125,1
iterative,o3_mini_c,985,0.97609375,1
iterative,o3_mini_c,986,0.9775,1
iterative,o3_mini_c,987,0.96484375,1
iterative,o3_mini_c,988,0.9775,1
iterative,o3_mini_c,989,0.96625,1
iterative,o3_mini_c,990,0.97609375,1
iterative,o3_mini_c,991,0.9746875,1
iterative,o3_mini_c,992,0.96765625,1
iterative,o3_mini_c,993,0.9775,1
iterative,o3_mini_c,994,0.9803125,1
iterative,o3_mini_c,995,0.9746875,1
iterative,o3_mini_c,996,0.97890625,1
iterative,o3_mini_c,997,0.971875,1
iterative,o3_mini_c,998,0.971875,1
iterative,o3_mini_c,999,0.97328125,1
iterative,o3_mini_d,0,0.97609375,1
iterative,o3_mini_d,1,0.97046875,1
iterative,o3_mini_d,2,0.9690625,1
iterative,o3_mini_d,3,0.9746875,1
iterative,o3_mini_d,4,0.983125,1
iterative,o3_mini_d,5,0.97609375,1
iterative,o3_mini_d,6,0.98171875,1
iterative,o3_mini_d,7,0.9775,1
iterative,o3_mini_d,8,0.96625,1
iterative,o3_mini_d,9,0.9803125,1
iterative,o3_mini_d,10,0.98453125,1
iterative,o3_mini_d,11,0.97890625,1
iterative,o3_mini_d,12,0.98171875,1
iterative,o3_mini_d,13,0.96625,1
iterative,o3_mini_d,14,0.971875,1
iterative,o3_mini_d,15,0.971875,1
iterative,o3_mini_d,16,0.9803125,1
iterative,o3_mini_d,17,0.9690625,1
iterative,o3_mini_d,18,0.97609375,1
iterative,o3_mini_d,19,0.98171875,1
iterative,o3_mini_d,20,0.97609375,1
iterative,o3_mini_d,21,0.983125,1
iterative,o3_mini_d,22,0.97046875,1
iterative,o3_mini_d,23,0.97328125,1
iterative,o3_mini_d,24,0.971875,1
iterative,o3_mini_d,25,0.97328125,1
iterative,o3_mini_d,26,0.97046875,1
iterative,o3_mini_d,27,0.9803125,1
iterative,o3_mini_d,28,0.9803125,1
iterative,o3_mini_d,29,0.9746875,1
iterative,o3_mini_d,30,0.96625,1
iterative,o3_mini_d,31,0.97609375,1
iterative,o3_mini_d,32,0.97046875,1
iterative,o3_mini_d,33,0.9775,1
iterative,o3_mini_d,34,0.97328125,1
iterative,o3_mini_d,35,0.9775,1
iterative,o3_mini_d,36,0.9803125,1
iterative,o3_mini_d,37,0.97609375,1
iterative,o3_mini_d,38,0.97609375,1
iterative,o3_mini_d,39,0.971875,1
iterative,o3_mini_d,40,0.96765625,1
iterative,o3_mini_d,41,0.97890625,1
iterative,o3_mini_d,42,0.971875,1
iterative,o3_mini_d,43,0.9859375,1
iterative,o3_mini_d,44,0.971875,1
iterative,o3_mini_d,45,0.9775,1
iterative,o3_mini_d,46,0.97328125,1
iterative,o3_mini_d,47,0.98171875,1
iterative,o3_mini_d,48,0.97046875,1
iterative,o3_mini_d,49,0.9803125,1
iterative,o3_mini_d,50,0.971875,1
iterative,o3_mini_d,51,0.971875,1
iterative,o3_mini_d,52,0.971875,1
iterative,o3_mini_d,53,0.97609375,1
iterative,o3_mini_d,54,0.983125,1
iterative,o3_mini_d,55,0.96765625,1
iterative,o3_mini_d,56,0.983125,1
iterative,o3_mini_d,57,0.98171875,1
iterative,o3_mini_d,58,0.98171875,1
iterative,o3_mini_d,59,0.97328125,1
iterative,o3_mini_d,60,0.9775,1
iterative,o3_mini_d,61,0.97609375,1
iterative,o3_mini_d,62,0.971875,1
iterative,o3_mini_d,63,0.97890625,1
iterative,o3_mini_d,64,0.9690625,1
iterative,o3_mini_d,65,0.98171875,1
iterative,o3_mini_d,66,0.97609375,1
iterative,o3_mini_d,67,0.97328125,1
iterative,o3_mini_d,68,0.97046875,1
iterative,o3_mini_d,69,0.98171875,1
iterative,o3_mini_d,70,0.9634375,1
iterative,o3_mini_d,71,0.98171875,1
iterative,o3_mini_d,72,0.97890625,1
iterative,o3_mini_d,73,0.971875,1
iterative,o3_mini_d,74,0.9803125,1
iterative,o3_mini_d,75,0.97890625,1
iterative,o3_mini_d,76,0.9775,1
iterative,o3_mini_d,77,0.97328125,1
iterative,o3_mini_d,78,0.9803125,1
iterative,o3_mini_d,79,0.9803125,1
iterative,o3_mini_d,80,0.96625,1
iterative,o3_mini_d,81,0.97609375,1
iterative,o3_mini_d,82,0.9803125,1
iterative,o3_mini_d,83,0.9775,1
iterative,o3_mini_d,84,0.97890625,1
iterative,o3_mini_d,85,0.98453125,1
iterative,o3_mini_d,86,0.96484375,1
iterative,o3_mini_d,87,0.9775,1
iterative,o3_mini_d,88,0.9803125,1
iterative,o3_mini_d,89,0.9775,1
iterative,o3_mini_d,90,0.971875,1
iterative,o3_mini_d,91,0.96203125,1
iterative,o3_mini_d,92,0.9775,1
iterative,o3_mini_d,93,0.971875,1
iterative,o3_mini_d,94,0.9775,1
iterative,o3_mini_d,95,0.9803125,1
iterative,o3_mini_d,96,0.971875,1
iterative,o3_mini_d,97,0.97609375,1
iterative,o3_mini_d,98,0.97609375,1
iterative,o3_mini_d,99,0.97046875,1
iterative,o3_mini_d,100,0.98453125,1
iterative,o3_mini_d,101,0.97328125,1
iterative,o3_mini_d,102,0.96625,1
iterative,o3_mini_d,103,0.97609375,1
iterative,o3_mini_d,104,0.9775,1
iterative,o3_mini_d,105,0.9775,1
iterative,o3_mini_d,106,0.97328125,1
iterative,o3_mini_d,107,0.9803125,1
iterative,o3_mini_d,108,0.97890625,1
iterative,o3_mini_d,109,0.9775,1
iterative,o3_mini_d,110,0.97890625,1
iterative,o3_mini_d,111,0.9803125,1
iterative,o3_mini_d,112,0.983125,1
iterative,o3_mini_d,113,0.97046875,1
iterative,o3_mini_d,114,0.9803125,1
iterative,o3_mini_d,115,0.9803125,1
iterative,o3_mini_d,116,0.9775,1
iterative,o3_mini_d,117,0.96625,1
iterative,o3_mini_d,118,0.97890625,1
iterative,o3_mini_d,119,0.97609375,1
iterative,o3_mini_d,120,0.971875,1
iterative,o3_mini_d,121,0.971875,1
iterative,o3_mini_d,122,0.971875,1
iterative,o3_mini_d,123,0.9803125,1
iterative,o3_mini_d,124,0.97328125,1
iterative,o3_mini_d,125,0.97890625,1
iterative,o3_mini_d,126,0.9859375,1
iterative,o3_mini_d,127,0.971875,1
iterative,o3_mini_d,128,0.96765625,1
iterative,o3_mini_d,129,0.97046875,1
iterative,o3_mini_d,130,0.9775,1
iterative,o3_mini_d,131,0.9775,1
iterative,o3_mini_d,132,0.9775,1
iterative,o3_mini_d,133,0.97890625,1
iterative,o3_mini_d,134,0.983125,1
iterative,o3_mini_d,135,0.971875,1
iterative,o3_mini_d,136,0.971875,1
iterative,o3_mini_d,137,0.97890625,1
iterative,o3_mini_d,138,0.97328125,1
iterative,o3_mini_d,139,0.9775,1
iterative,o3_mini_d,140,0.9746875,1
iterative,o3_mini_d,141,0.983125,1
iterative,o3_mini_d,142,0.9746875,1
iterative,o3_mini_d,143,0.96765625,1
iterative,o3_mini_d,144,0.98171875,1
iterative,o3_mini_d,145,0.971875,1
iterative,o3_mini_d,146,0.97890625,1
iterative,o3_mini_d,147,0.9746875,1
iterative,o3_mini_d,148,0.97609375,1
iterative,o3_mini_d,149,0.9803125,1
iterative,o3_mini_d,150,0.96625,1
iterative,o3_mini_d,151,0.97609375,1
iterative,o3_mini_d,152,0.97328125,1
iterative,o3_mini_d,153,0.9859375,1
iterative,o3_mini_d,154,0.9775,1
iterative,o3_mini_d,155,0.97328125,1
iterative,o3_mini_d,156,0.9746875,1
iterative,o3_mini_d,157,0.971875,1
iterative,o3_mini_d,158,0.971875,1
iterative,o3_mini_d,159,0.96625,1
iterative,o3_mini_d,160,0.97046875,1
iterative,o3_mini_d,161,0.97328125,1
iterative,o3_mini_d,162,0.983125,1
iterative,o3_mini_d,163,0.983125,1
iterative,o3_mini_d,164,0.9775,1
iterative,o3_mini_d,165,0.97328125,1
iterative,o3_mini_d,166,0.98734375,1
iterative,o3_mini_d,167,0.9690625,1
iterative,o3_mini_d,168,0.9775,1
iterative,o3_mini_d,169,0.9803125,1
iterative,o3_mini_d,170,0.97890625,1
iterative,o3_mini_d,171,0.97890625,1
iterative,o3_mini_d,172,0.9803125,1
iterative,o3_mini_d,173,0.98171875,1
iterative,o3_mini_d,174,0.9775,1
iterative,o3_mini_d,175,0.9690625,1
iterative,o3_mini_d,176,0.9746875,1
iterative,o3_mini_d,177,0.97328125,1
iterative,o3_mini_d,178,0.97609375,1
iterative,o3_mini_d,179,0.98171875,1
iterative,o3_mini_d,180,0.9803125,1
iterative,o3_mini_d,181,0.97328125,1
iterative,o3_mini_d,182,0.9746875,1
iterative,o3_mini_d,183,0.97328125,1
iterative,o3_mini_d,184,0.97890625,1
iterative,o3_mini_d,185,0.9690625,1
iterative,o3_mini_d,186,0.9803125,1
iterative,o3_mini_d,187,0.97609375,1
iterative,o3_mini_d,188,0.9803125,1
iterative,o3_mini_d,189,0.9775,1
iterative,o3_mini_d,190,0.97890625,1
iterative,o3_mini_d,191,0.971875,1
iterative,o3_mini_d,192,0.97609375,1
iterative,o3_mini_d,193,0.9775,1
iterative,o3_mini_d,194,0.97328125,1
iterative,o3_mini_d,195,0.9746875,1
iterative,o3_mini_d,196,0.9775,1
iterative,o3_mini_d,197,0.9775,1
iterative,o3_mini_d,198,0.971875,1
iterative,o3_mini_d,199,0.97328125,1
iterative,o3_mini_d,200,0.97890625,1
iterative,o3_mini_d,201,0.9775,1
iterative,o3_mini_d,202,0.97328125,1
iterative,o3_mini_d,203,0.96765625,1
iterative,o3_mini_d,204,0.97046875,1
iterative,o3_mini_d,205,0.9746875,1
iterative,o3_mini_d,206,0.96625,1
iterative,o3_mini_d,207,0.9746875,1
iterative,o3_mini_d,208,0.98453125,1
iterative,o3_mini_d,209,0.9690625,1
iterative,o3_mini_d,210,0.9746875,1
iterative,o3_mini_d,211,0.97328125,1
iterative,o3_mini_d,212,0.97328125,1
iterative,o3_mini_d,213,0.97046875,1
iterative,o3_mini_d,214,0.9803125,1
iterative,o3_mini_d,215,0.983125,1
iterative,o3_mini_d,216,0.9746875,1
iterative,o3_mini_d,217,0.97328125,1
iterative,o3_mini_d,218,0.9803125,1
iterative,o3_mini_d,219,0.9746875,1
iterative,o3_mini_d,220,0.97890625,1
iterative,o3_mini_d,221,0.9746875,1
iterative,o3_mini_d,222,0.9634375,1
iterative,o3_mini_d,223,0.9803125,1
iterative,o3_mini_d,224,0.9746875,1
iterative,o3_mini_d,225,0.97046875,1
iterative,o3_mini_d,226,0.9746875,1
iterative,o3_mini_d,227,0.97890625,1
iterative,o3_mini_d,228,0.9775,1
iterative,o3_mini_d,229,0.97046875,1
iterative,o3_mini_d,230,0.97046875,1
iterative,o3_mini_d,231,0.96765625,1
iterative,o3_mini_d,232,0.97609375,1
iterative,o3_mini_d,233,0.971875,1
iterative,o3_mini_d,234,0.9746875,1
iterative,o3_mini_d,235,0.9803125,1
iterative,o3_mini_d,236,0.971875,1
iterative,o3_mini_d,237,0.9775,1
iterative,o3_mini_d,238,0.96765625,1
iterative,o3_mini_d,239,0.97046875,1
iterative,o3_mini_d,240,0.97890625,1
iterative,o3_mini_d,241,0.97328125,1
iterative,o3_mini_d,242,0.98171875,1
iterative,o3_mini_d,243,0.98453125,1
iterative,o3_mini_d,244,0.9746875,1
iterative,o3_mini_d,245,0.97609375,1
iterative,o3_mini_d,246,0.97890625,1
iterative,o3_mini_d,247,0.97609375,1
iterative,o3_mini_d,248,0.96765625,1
iterative,o3_mini_d,249,0.96484375,1
iterative,o3_mini_d,250,0.97328125,1
iterative,o3_mini_d,251,0.971875,1
iterative,o3_mini_d,252,0.97046875,1
iterative,o3_mini_d,253,0.97890625,1
iterative,o3_mini_d,254,0.971875,1
iterative,o3_mini_d,255,0.971875,1
iterative,o3_mini_d,256,0.97328125,1
iterative,o3_mini_d,257,0.9775,1
iterative,o3_mini_d,258,0.97890625,1
iterative,o3_mini_d,259,0.97890625,1
iterative,o3_mini_d,260,0.9634375,1
iterative,o3_mini_d,261,0.9746875,1
iterative,o3_mini_d,262,0.9775,1
iterative,o3_mini_d,263,0.97890625,1
iterative,o3_mini_d,264,0.97609375,1
iterative,o3_mini_d,265,0.97328125,1
iterative,o3_mini_d,266,0.97328125,1
iterative,o3_mini_d,267,0.96484375,1
iterative,o3_mini_d,268,0.97046875,1
iterative,o3_mini_d,269,0.97609375,1
iterative,o3_mini_d,270,0.98453125,1
iterative,o3_mini_d,271,0.983125,1
iterative,o3_mini_d,272,0.97328125,1
iterative,o3_mini_d,273,0.971875,1
iterative,o3_mini_d,274,0.97609375,1
iterative,o3_mini_d,275,0.9746875,1
iterative,o3_mini_d,276,0.97890625,1
iterative,o3_mini_d,277,0.971875,1
iterative,o3_mini_d,278,0.983125,1
iterative,o3_mini_d,279,0.97890625,1
iterative,o3_mini_d,280,0.9746875,1
iterative,o3_mini_d,281,0.97328125,1
iterative,o3_mini_d,282,0.98171875,1
iterative,o3_mini_d,283,0.97046875,1
iterative,o3_mini_d,284,0.97890625,1
iterative,o3_mini_d,285,0.97046875,1
iterative,o3_mini_d,286,0.971875,1
iterative,o3_mini_d,287,0.9775,1
iterative,o3_mini_d,288,0.971875,1
iterative,o3_mini_d,289,0.9746875,1
iterative,o3_mini_d,290,0.97046875,1
iterative,o3_mini_d,291,0.97890625,1
iterative,o3_mini_d,292,0.97328125,1
iterative,o3_mini_d,293,0.97609375,1
iterative,o3_mini_d,294,0.9746875,1
iterative,o3_mini_d,295,0.97609375,1
iterative,o3_mini_d,296,0.9803125,1
iterative,o3_mini_d,297,0.97890625,1
iterative,o3_mini_d,298,0.9803125,1
iterative,o3_mini_d,299,0.9746875,1
iterative,o3_mini_d,300,0.9803125,1
iterative,o3_mini_d,301,0.9803125,1
iterative,o3_mini_d,302,0.9746875,1
iterative,o3_mini_d,303,0.9775,1
iterative,o3_mini_d,304,0.9690625,1
iterative,o3_mini_d,305,0.971875,1
iterative,o3_mini_d,306,0.97609375,1
iterative,o3_mini_d,307,0.97046875,1
iterative,o3_mini_d,308,0.971875,1
iterative,o3_mini_d,309,0.9690625,1
iterative,o3_mini_d,310,0.9746875,1
iterative,o3_mini_d,311,0.9746875,1
iterative,o3_mini_d,312,0.97328125,1
iterative,o3_mini_d,313,0.96625,1
iterative,o3_mini_d,314,0.9746875,1
iterative,o3_mini_d,315,0.97046875,1
iterative,o3_mini_d,316,0.97328125,1
iterative,o3_mini_d,317,0.9803125,1
iterative,o3_mini_d,318,0.97609375,1
iterative,o3_mini_d,319,0.97328125,1
iterative,o3_mini_d,320,0.97890625,1
iterative,o3_mini_d,321,0.9746875,1
iterative,o3_mini_d,322,0.9746875,1
iterative,o3_mini_d,323,0.971875,1
iterative,o3_mini_d,324,0.97328125,1
iterative,o3_mini_d,325,0.971875,1
iterative,o3_mini_d,326,0.9746875,1
iterative,o3_mini_d,327,0.9746875,1
iterative,o3_mini_d,328,0.98453125,1
iterative,o3_mini_d,329,0.9775,1
iterative,o3_mini_d,330,0.971875,1
iterative,o3_mini_d,331,0.97609375,1
iterative,o3_mini_d,332,0.97328125,1
iterative,o3_mini_d,333,0.97609375,1
iterative,o3_mini_d,334,0.9775,1
iterative,o3_mini_d,335,0.9803125,1
iterative,o3_mini_d,336,0.983125,1
iterative,o3_mini_d,337,0.97609375,1
iterative,o3_mini_d,338,0.97328125,1
iterative,o3_mini_d,339,0.98453125,1
iterative,o3_mini_d,340,0.97046875,1
iterative,o3_mini_d,341,0.9775,1
iterative,o3_mini_d,342,0.97328125,1
iterative,o3_mini_d,343,0.9775,1
iterative,o3_mini_d,344,0.9803125,1
iterative,o3_mini_d,345,0.96625,1
iterative,o3_mini_d,346,0.9690625,1
iterative,o3_mini_d,347,0.9803125,1
iterative,o3_mini_d,348,0.9746875,1
iterative,o3_mini_d,349,0.96484375,1
iterative,o3_mini_d,350,0.97609375,1
iterative,o3_mini_d,351,0.9775,1
iterative,o3_mini_d,352,0.98453125,1
iterative,o3_mini_d,353,0.97609375,1
iterative,o3_mini_d,354,0.97328125,1
iterative,o3_mini_d,355,0.9746875,1
iterative,o3_mini_d,356,0.9803125,1
iterative,o3_mini_d,357,0.9746875,1
iterative,o3_mini_d,358,0.971875,1
iterative,o3_mini_d,359,0.9775,1
iterative,o3_mini_d,360,0.9803125,1
iterative,o3_mini_d,361,0.97046875,1
iterative,o3_mini_d,362,0.97609375,1
iterative,o3_mini_d,363,0.971875,1
iterative,o3_mini_d,364,0.97328125,1
iterative,o3_mini_d,365,0.98171875,1
iterative,o3_mini_d,366,0.98171875,1
iterative,o3_mini_d,367,0.96765625,1
iterative,o3_mini_d,368,0.9775,1
iterative,o3_mini_d,369,0.98171875,1
iterative,o3_mini_d,370,0.97609375,1
iterative,o3_mini_d,371,0.983125,1
iterative,o3_mini_d,372,0.97890625,1
iterative,o3_mini_d,373,0.971875,1
iterative,o3_mini_d,374,0.9746875,1
iterative,o3_mini_d,375,0.98171875,1
iterative,o3_mini_d,376,0.971875,1
iterative,o3_mini_d,377,0.97609375,1
iterative,o3_mini_d,378,0.97328125,1
iterative,o3_mini_d,379,0.97328125,1
iterative,o3_mini_d,380,0.97890625,1
iterative,o3_mini_d,381,0.98453125,1
iterative,o3_mini_d,382,0.9690625,1
iterative,o3_mini_d,383,0.97890625,1
iterative,o3_mini_d,384,0.97890625,1
iterative,o3_mini_d,385,0.9775,1
iterative,o3_mini_d,386,0.9690625,1
iterative,o3_mini_d,387,0.9775,1
iterative,o3_mini_d,388,0.971875,1
iterative,o3_mini_d,389,0.97328125,1
iterative,o3_mini_d,390,0.971875,1
iterative,o3_mini_d,391,0.97046875,1
iterative,o3_mini_d,392,0.96625,1
iterative,o3_mini_d,393,0.97046875,1
iterative,o3_mini_d,394,0.9746875,1
iterative,o3_mini_d,395,0.9803125,1
iterative,o3_mini_d,396,0.97328125,1
iterative,o3_mini_d,397,0.97890625,1
iterative,o3_mini_d,398,0.971875,1
iterative,o3_mini_d,399,0.983125,1
iterative,o3_mini_d,400,0.97328125,1
iterative,o3_mini_d,401,0.98171875,1
iterative,o3_mini_d,402,0.9775,1
iterative,o3_mini_d,403,0.983125,1
iterative,o3_mini_d,404,0.98453125,1
iterative,o3_mini_d,405,0.971875,1
iterative,o3_mini_d,406,0.971875,1
iterative,o3_mini_d,407,0.9690625,1
iterative,o3_mini_d,408,0.97609375,1
iterative,o3_mini_d,409,0.97890625,1
iterative,o3_mini_d,410,0.9803125,1
iterative,o3_mini_d,411,0.9746875,1
iterative,o3_mini_d,412,0.9859375,1
iterative,o3_mini_d,413,0.9775,1
iterative,o3_mini_d,414,0.9775,1
iterative,o3_mini_d,415,0.98171875,1
iterative,o3_mini_d,416,0.96765625,1
iterative,o3_mini_d,417,0.9803125,1
iterative,o3_mini_d,418,0.97890625,1
iterative,o3_mini_d,419,0.971875,1
iterative,o3_mini_d,420,0.97328125,1
iterative,o3_mini_d,421,0.97609375,1
iterative,o3_mini_d,422,0.97890625,1
iterative,o3_mini_d,423,0.97609375,1
iterative,o3_mini_d,424,0.98453125,1
iterative,o3_mini_d,425,0.98171875,1
iterative,o3_mini_d,426,0.96765625,1
iterative,o3_mini_d,427,0.97609375,1
iterative,o3_mini_d,428,0.9775,1
iterative,o3_mini_d,429,0.9803125,1
iterative,o3_mini_d,430,0.97890625,1
iterative,o3_mini_d,431,0.97890625,1
iterative,o3_mini_d,432,0.98171875,1
iterative,o3_mini_d,433,0.97890625,1
iterative,o3_mini_d,434,0.9746875,1
iterative,o3_mini_d,435,0.96765625,1
iterative,o3_mini_d,436,0.97046875,1
iterative,o3_mini_d,437,0.98453125,1
iterative,o3_mini_d,438,0.98171875,1
iterative,o3_mini_d,439,0.9859375,1
iterative,o3_mini_d,440,0.98171875,1
iterative,o3_mini_d,441,0.97609375,1
iterative,o3_mini_d,442,0.97890625,1
iterative,o3_mini_d,443,0.9746875,1
iterative,o3_mini_d,444,0.9746875,1
iterative,o3_mini_d,445,0.971875,1
iterative,o3_mini_d,446,0.98171875,1
iterative,o3_mini_d,447,0.97609375,1
iterative,o3_mini_d,448,0.98171875,1
iterative,o3_mini_d,449,0.97328125,1
iterative,o3_mini_d,450,0.97890625,1
iterative,o3_mini_d,451,0.96625,1
iterative,o3_mini_d,452,0.9803125,1
iterative,o3_mini_d,453,0.971875,1
iterative,o3_mini_d,454,0.97046875,1
iterative,o3_mini_d,455,0.9746875,1
iterative,o3_mini_d,456,0.971875,1
iterative,o3_mini_d,457,0.97890625,1
iterative,o3_mini_d,458,0.9690625,1
iterative,o3_mini_d,459,0.97046875,1
iterative,o3_mini_d,460,0.9803125,1
iterative,o3_mini_d,461,0.97328125,1
iterative,o3_mini_d,462,0.9775,1
iterative,o3_mini_d,463,0.97046875,1
iterative,o3_mini_d,464,0.97328125,1
iterative,o3_mini_d,465,0.9803125,1
iterative,o3_mini_d,466,0.97046875,1
iterative,o3_mini_d,467,0.971875,1
iterative,o3_mini_d,468,0.96625,1
iterative,o3_mini_d,469,0.97328125,1
iterative,o3_mini_d,470,0.9803125,1
iterative,o3_mini_d,471,0.96765625,1
iterative,o3_mini_d,472,0.97046875,1
iterative,o3_mini_d,473,0.9775,1
iterative,o3_mini_d,474,0.9775,1
iterative,o3_mini_d,475,0.97328125,1
iterative,o3_mini_d,476,0.96765625,1
iterative,o3_mini_d,477,0.97609375,1
iterative,o3_mini_d,478,0.97328125,1
iterative,o3_mini_d,479,0.97890625,1
iterative,o3_mini_d,480,0.9803125,1
iterative,o3_mini_d,481,0.97609375,1
iterative,o3_mini_d,482,0.97328125,1
iterative,o3_mini_d,483,0.9746875,1
iterative,o3_mini_d,484,0.96765625,1
iterative,o3_mini_d,485,0.97890625,1
iterative,o3_mini_d,486,0.9746875,1
iterative,o3_mini_d,487,0.97046875,1
iterative,o3_mini_d,488,0.97046875,1
iterative,o3_mini_d,489,0.97046875,1
iterative,o3_mini_d,490,0.9690625,1
iterative,o3_mini_d,491,0.98171875,1
iterative,o3_mini_d,492,0.9803125,1
iterative,o3_mini_d,493,0.9775,1
iterative,o3_mini_d,494,0.97609375,1
iterative,o3_mini_d,495,0.9690625,1
iterative,o3_mini_d,496,0.9746875,1
iterative,o3_mini_d,497,0.97890625,1
iterative,o3_mini_d,498,0.98171875,1
iterative,o3_mini_d,499,0.9634375,1
iterative,o3_mini_d,500,0.97609375,1
iterative,o3_mini_d,501,0.971875,1
iterative,o3_mini_d,502,0.97609375,1
iterative,o3_mini_d,503,0.97609375,1
iterative,o3_mini_d,504,0.9775,1
iterative,o3_mini_d,505,0.98171875,1
iterative,o3_mini_d,506,0.9803125,1
iterative,o3_mini_d,507,0.97046875,1
iterative,o3_mini_d,508,0.97328125,1
iterative,o3_mini_d,509,0.97609375,1
iterative,o3_mini_d,510,0.9775,1
iterative,o3_mini_d,511,0.96625,1
iterative,o3_mini_d,512,0.97609375,1
iterative,o3_mini_d,513,0.98171875,1
iterative,o3_mini_d,514,0.97609375,1
iterative,o3_mini_d,515,0.97328125,1
iterative,o3_mini_d,516,0.97609375,1
iterative,o3_mini_d,517,0.9746875,1
iterative,o3_mini_d,518,0.97328125,1
iterative,o3_mini_d,519,0.96765625,1
iterative,o3_mini_d,520,0.97046875,1
iterative,o3_mini_d,521,0.97609375,1
iterative,o3_mini_d,522,0.97609375,1
iterative,o3_mini_d,523,0.97609375,1
iterative,o3_mini_d,524,0.9746875,1
iterative,o3_mini_d,525,0.9775,1
iterative,o3_mini_d,526,0.9746875,1
iterative,o3_mini_d,527,0.98453125,1
iterative,o3_mini_d,528,0.97328125,1
iterative,o3_mini_d,529,0.9803125,1
iterative,o3_mini_d,530,0.97328125,1
iterative,o3_mini_d,531,0.9746875,1
iterative,o3_mini_d,532,0.97328125,1
iterative,o3_mini_d,533,0.97328125,1
iterative,o3_mini_d,534,0.971875,1
iterative,o3_mini_d,535,0.9634375,1
iterative,o3_mini_d,536,0.98453125,1
iterative,o3_mini_d,537,0.97609375,1
iterative,o3_mini_d,538,0.9775,1
iterative,o3_mini_d,539,0.97046875,1
iterative,o3_mini_d,540,0.9746875,1
iterative,o3_mini_d,541,0.97890625,1
iterative,o3_mini_d,542,0.9803125,1
iterative,o3_mini_d,543,0.9775,1
iterative,o3_mini_d,544,0.9746875,1
iterative,o3_mini_d,545,0.9746875,1
iterative,o3_mini_d,546,0.97328125,1
iterative,o3_mini_d,547,0.9859375,1
iterative,o3_mini_d,548,0.97890625,1
iterative,o3_mini_d,549,0.971875,1
iterative,o3_mini_d,550,0.97609375,1
iterative,o3_mini_d,551,0.97890625,1
iterative,o3_mini_d,552,0.97890625,1
iterative,o3_mini_d,553,0.97609375,1
iterative,o3_mini_d,554,0.97609375,1
iterative,o3_mini_d,555,0.9775,1
iterative,o3_mini_d,556,0.9803125,1
iterative,o3_mini_d,557,0.97609375,1
iterative,o3_mini_d,558,0.9775,1
iterative,o3_mini_d,559,0.9803125,1
iterative,o3_mini_d,560,0.97890625,1
iterative,o3_mini_d,561,0.9775,1
iterative,o3_mini_d,562,0.9803125,1
iterative,o3_mini_d,563,0.97609375,1
iterative,o3_mini_d,564,0.9775,1
iterative,o3_mini_d,565,0.97609375,1
iterative,o3_mini_d,566,0.9775,1
iterative,o3_mini_d,567,0.98171875,1
iterative,o3_mini_d,568,0.9746875,1
iterative,o3_mini_d,569,0.9803125,1
iterative,o3_mini_d,570,0.97328125,1
iterative,o3_mini_d,571,0.971875,1
iterative,o3_mini_d,572,0.97890625,1
iterative,o3_mini_d,573,0.9746875,1
iterative,o3_mini_d,574,0.97328125,1
iterative,o3_mini_d,575,0.98171875,1
iterative,o3_mini_d,576,0.971875,1
iterative,o3_mini_d,577,0.971875,1
iterative,o3_mini_d,578,0.971875,1
iterative,o3_mini_d,579,0.97890625,1
iterative,o3_mini_d,580,0.97890625,1
iterative,o3_mini_d,581,0.97890625,1
iterative,o3_mini_d,582,0.98171875,1
iterative,o3_mini_d,583,0.971875,1
iterative,o3_mini_d,584,0.983125,1
iterative,o3_mini_d,585,0.97609375,1
iterative,o3_mini_d,586,0.971875,1
iterative,o3_mini_d,587,0.98453125,1
iterative,o3_mini_d,588,0.9775,1
iterative,o3_mini_d,589,0.9746875,1
iterative,o3_mini_d,590,0.97328125,1
iterative,o3_mini_d,591,0.97328125,1
iterative,o3_mini_d,592,0.97328125,1
iterative,o3_mini_d,593,0.98171875,1
iterative,o3_mini_d,594,0.971875,1
iterative,o3_mini_d,595,0.9775,1
iterative,o3_mini_d,596,0.97609375,1
iterative,o3_mini_d,597,0.971875,1
iterative,o3_mini_d,598,0.97890625,1
iterative,o3_mini_d,599,0.97609375,1
iterative,o3_mini_d,600,0.983125,1
iterative,o3_mini_d,601,0.98171875,1
iterative,o3_mini_d,602,0.9775,1
iterative,o3_mini_d,603,0.9775,1
iterative,o3_mini_d,604,0.97046875,1
iterative,o3_mini_d,605,0.98171875,1
iterative,o3_mini_d,606,0.97609375,1
iterative,o3_mini_d,607,0.96765625,1
iterative,o3_mini_d,608,0.97890625,1
iterative,o3_mini_d,609,0.97890625,1
iterative,o3_mini_d,610,0.97046875,1
iterative,o3_mini_d,611,0.9690625,1
iterative,o3_mini_d,612,0.9775,1
iterative,o3_mini_d,613,0.983125,1
iterative,o3_mini_d,614,0.9775,1
iterative,o3_mini_d,615,0.971875,1
iterative,o3_mini_d,616,0.97890625,1
iterative,o3_mini_d,617,0.983125,1
iterative,o3_mini_d,618,0.971875,1
iterative,o3_mini_d,619,0.9775,1
iterative,o3_mini_d,620,0.97609375,1
iterative,o3_mini_d,621,0.971875,1
iterative,o3_mini_d,622,0.97890625,1
iterative,o3_mini_d,623,0.97890625,1
iterative,o3_mini_d,624,0.9775,1
iterative,o3_mini_d,625,0.97328125,1
iterative,o3_mini_d,626,0.97890625,1
iterative,o3_mini_d,627,0.9775,1
iterative,o3_mini_d,628,0.9775,1
iterative,o3_mini_d,629,0.9775,1
iterative,o3_mini_d,630,0.9690625,1
iterative,o3_mini_d,631,0.983125,1
iterative,o3_mini_d,632,0.971875,1
iterative,o3_mini_d,633,0.971875,1
iterative,o3_mini_d,634,0.97328125,1
iterative,o3_mini_d,635,0.98453125,1
iterative,o3_mini_d,636,0.971875,1
iterative,o3_mini_d,637,0.971875,1
iterative,o3_mini_d,638,0.97890625,1
iterative,o3_mini_d,639,0.97328125,1
iterative,o3_mini_d,640,0.97890625,1
iterative,o3_mini_d,641,0.96625,1
iterative,o3_mini_d,642,0.97609375,1
iterative,o3_mini_d,643,0.97890625,1
iterative,o3_mini_d,644,0.98171875,1
iterative,o3_mini_d,645,0.97890625,1
iterative,o3_mini_d,646,0.97890625,1
iterative,o3_mini_d,647,0.971875,1
iterative,o3_mini_d,648,0.96765625,1
iterative,o3_mini_d,649,0.97609375,1
iterative,o3_mini_d,650,0.97328125,1
iterative,o3_mini_d,651,0.98734375,1
iterative,o3_mini_d,652,0.9746875,1
iterative,o3_mini_d,653,0.9775,1
iterative,o3_mini_d,654,0.9803125,1
iterative,o3_mini_d,655,0.9746875,1
iterative,o3_mini_d,656,0.9746875,1
iterative,o3_mini_d,657,0.97328125,1
iterative,o3_mini_d,658,0.9775,1
iterative,o3_mini_d,659,0.97890625,1
iterative,o3_mini_d,660,0.9775,1
iterative,o3_mini_d,661,0.9746875,1
iterative,o3_mini_d,662,0.9803125,1
iterative,o3_mini_d,663,0.97609375,1
iterative,o3_mini_d,664,0.97046875,1
iterative,o3_mini_d,665,0.97046875,1
iterative,o3_mini_d,666,0.9803125,1
iterative,o3_mini_d,667,0.9859375,1
iterative,o3_mini_d,668,0.9746875,1
iterative,o3_mini_d,669,0.97890625,1
iterative,o3_mini_d,670,0.98734375,1
iterative,o3_mini_d,671,0.97609375,1
iterative,o3_mini_d,672,0.98453125,1
iterative,o3_mini_d,673,0.98171875,1
iterative,o3_mini_d,674,0.97890625,1
iterative,o3_mini_d,675,0.96765625,1
iterative,o3_mini_d,676,0.983125,1
iterative,o3_mini_d,677,0.97890625,1
iterative,o3_mini_d,678,0.97890625,1
iterative,o3_mini_d,679,0.9775,1
iterative,o3_mini_d,680,0.96765625,1
iterative,o3_mini_d,681,0.971875,1
iterative,o3_mini_d,682,0.97328125,1
iterative,o3_mini_d,683,0.9746875,1
iterative,o3_mini_d,684,0.97328125,1
iterative,o3_mini_d,685,0.96765625,1
iterative,o3_mini_d,686,0.9690625,1
iterative,o3_mini_d,687,0.9803125,1
iterative,o3_mini_d,688,0.9746875,1
iterative,o3_mini_d,689,0.9803125,1
iterative,o3_mini_d,690,0.9634375,1
iterative,o3_mini_d,691,0.97609375,1
iterative,o3_mini_d,692,0.97328125,1
iterative,o3_mini_d,693,0.97890625,1
iterative,o3_mini_d,694,0.9690625,1
iterative,o3_mini_d,695,0.97890625,1
iterative,o3_mini_d,696,0.97609375,1
iterative,o3_mini_d,697,0.98171875,1
iterative,o3_mini_d,698,0.97046875,1
iterative,o3_mini_d,699,0.9690625,1
iterative,o3_mini_d,700,0.97328125,1
iterative,o3_mini_d,701,0.9775,1
iterative,o3_mini_d,702,0.97890625,1
iterative,o3_mini_d,703,0.9746875,1
iterative,o3_mini_d,704,0.96765625,1
iterative,o3_mini_d,705,0.9775,1
iterative,o3_mini_d,706,0.97609375,1
iterative,o3_mini_d,707,0.9803125,1
iterative,o3_mini_d,708,0.9803125,1
iterative,o3_mini_d,709,0.9775,1
iterative,o3_mini_d,710,0.97609375,1
iterative,o3_mini_d,711,0.971875,1
iterative,o3_mini_d,712,0.97609375,1
iterative,o3_mini_d,713,0.971875,1
iterative,o3_mini_d,714,0.9746875,1
iterative,o3_mini_d,715,0.9775,1
iterative,o3_mini_d,716,0.971875,1
iterative,o3_mini_d,717,0.98171875,1
iterative,o3_mini_d,718,0.97890625,1
iterative,o3_mini_d,719,0.97890625,1
iterative,o3_mini_d,720,0.9775,1
iterative,o3_mini_d,721,0.97890625,1
iterative,o3_mini_d,722,0.971875,1
iterative,o3_mini_d,723,0.9690625,1
iterative,o3_mini_d,724,0.97890625,1
iterative,o3_mini_d,725,0.97890625,1
iterative,o3_mini_d,726,0.97890625,1
iterative,o3_mini_d,727,0.98171875,1
iterative,o3_mini_d,728,0.9690625,1
iterative,o3_mini_d,729,0.9775,1
iterative,o3_mini_d,730,0.97328125,1
iterative,o3_mini_d,731,0.97890625,1
iterative,o3_mini_d,732,0.971875,1
iterative,o3_mini_d,733,0.9803125,1
iterative,o3_mini_d,734,0.9746875,1
iterative,o3_mini_d,735,0.9690625,1
iterative,o3_mini_d,736,0.97609375,1
iterative,o3_mini_d,737,0.97609375,1
iterative,o3_mini_d,738,0.98453125,1
iterative,o3_mini_d,739,0.9775,1
iterative,o3_mini_d,740,0.9775,1
iterative,o3_mini_d,741,0.9746875,1
iterative,o3_mini_d,742,0.97609375,1
iterative,o3_mini_d,743,0.9746875,1
iterative,o3_mini_d,744,0.9690625,1
iterative,o3_mini_d,745,0.96765625,1
iterative,o3_mini_d,746,0.98171875,1
iterative,o3_mini_d,747,0.971875,1
iterative,o3_mini_d,748,0.97609375,1
iterative,o3_mini_d,749,0.97890625,1
iterative,o3_mini_d,750,0.97328125,1
iterative,o3_mini_d,751,0.971875,1
iterative,o3_mini_d,752,0.98171875,1
iterative,o3_mini_d,753,0.97046875,1
iterative,o3_mini_d,754,0.9746875,1
iterative,o3_mini_d,755,0.97328125,1
iterative,o3_mini_d,756,0.9775,1
iterative,o3_mini_d,757,0.97890625,1
iterative,o3_mini_d,758,0.9803125,1
iterative,o3_mini_d,759,0.9775,1
iterative,o3_mini_d,760,0.97046875,1
iterative,o3_mini_d,761,0.9746875,1
iterative,o3_mini_d,762,0.97609375,1
iterative,o3_mini_d,763,0.9746875,1
iterative,o3_mini_d,764,0.9775,1
iterative,o3_mini_d,765,0.9775,1
iterative,o3_mini_d,766,0.97609375,1
iterative,o3_mini_d,767,0.97328125,1
iterative,o3_mini_d,768,0.97609375,1
iterative,o3_mini_d,769,0.971875,1
iterative,o3_mini_d,770,0.9746875,1
iterative,o3_mini_d,771,0.983125,1
iterative,o3_mini_d,772,0.97328125,1
iterative,o3_mini_d,773,0.97609375,1
iterative,o3_mini_d,774,0.98171875,1
iterative,o3_mini_d,775,0.9746875,1
iterative,o3_mini_d,776,0.97890625,1
iterative,o3_mini_d,777,0.97890625,1
iterative,o3_mini_d,778,0.9775,1
iterative,o3_mini_d,779,0.97046875,1
iterative,o3_mini_d,780,0.9746875,1
iterative,o3_mini_d,781,0.97609375,1
iterative,o3_mini_d,782,0.9775,1
iterative,o3_mini_d,783,0.971875,1
iterative,o3_mini_d,784,0.9690625,1
iterative,o3_mini_d,785,0.9775,1
iterative,o3_mini_d,786,0.97609375,1
iterative,o3_mini_d,787,0.9746875,1
iterative,o3_mini_d,788,0.97046875,1
iterative,o3_mini_d,789,0.9746875,1
iterative,o3_mini_d,790,0.97328125,1
iterative,o3_mini_d,791,0.97609375,1
iterative,o3_mini_d,792,0.983125,1
iterative,o3_mini_d,793,0.97609375,1
iterative,o3_mini_d,794,0.97328125,1
iterative,o3_mini_d,795,0.96484375,1
iterative,o3_mini_d,796,0.971875,1
iterative,o3_mini_d,797,0.97046875,1
iterative,o3_mini_d,798,0.9775,1
iterative,o3_mini_d,799,0.97328125,1
iterative,o3_mini_d,800,0.9803125,1
iterative,o3_mini_d,801,0.96484375,1
iterative,o3_mini_d,802,0.97890625,1
iterative,o3_mini_d,803,0.98171875,1
iterative,o3_mini_d,804,0.9746875,1
iterative,o3_mini_d,805,0.97328125,1
iterative,o3_mini_d,806,0.9746875,1
iterative,o3_mini_d,807,0.9803125,1
iterative,o3_mini_d,808,0.97890625,1
iterative,o3_mini_d,809,0.97046875,1
iterative,o3_mini_d,810,0.97328125,1
iterative,o3_mini_d,811,0.97328125,1
iterative,o3_mini_d,812,0.97890625,1
iterative,o3_mini_d,813,0.97609375,1
iterative,o3_mini_d,814,0.97609375,1
iterative,o3_mini_d,815,0.9775,1
iterative,o3_mini_d,816,0.97328125,1
iterative,o3_mini_d,817,0.98171875,1
iterative,o3_mini_d,818,0.97328125,1
iterative,o3_mini_d,819,0.97609375,1
iterative,o3_mini_d,820,0.9859375,1
iterative,o3_mini_d,821,0.9746875,1
iterative,o3_mini_d,822,0.98453125,1
iterative,o3_mini_d,823,0.97609375,1
iterative,o3_mini_d,824,0.96765625,1
iterative,o3_mini_d,825,0.9746875,1
iterative,o3_mini_d,826,0.97328125,1
iterative,o3_mini_d,827,0.97328125,1
iterative,o3_mini_d,828,0.971875,1
iterative,o3_mini_d,829,0.98171875,1
iterative,o3_mini_d,830,0.98171875,1
iterative,o3_mini_d,831,0.97609375,1
iterative,o3_mini_d,832,0.98171875,1
iterative,o3_mini_d,833,0.97890625,1
iterative,o3_mini_d,834,0.97046875,1
iterative,o3_mini_d,835,0.97609375,1
iterative,o3_mini_d,836,0.9746875,1
iterative,o3_mini_d,837,0.9746875,1
iterative,o3_mini_d,838,0.97890625,1
iterative,o3_mini_d,839,0.98171875,1
iterative,o3_mini_d,840,0.97609375,1
iterative,o3_mini_d,841,0.98171875,1
iterative,o3_mini_d,842,0.97609375,1
iterative,o3_mini_d,843,0.9690625,1
iterative,o3_mini_d,844,0.97046875,1
iterative,o3_mini_d,845,0.9803125,1
iterative,o3_mini_d,846,0.97890625,1
iterative,o3_mini_d,847,0.9803125,1
iterative,o3_mini_d,848,0.97046875,1
iterative,o3_mini_d,849,0.96484375,1
iterative,o3_mini_d,850,0.9803125,1
iterative,o3_mini_d,851,0.97890625,1
iterative,o3_mini_d,852,0.97890625,1
iterative,o3_mini_d,853,0.98171875,1
iterative,o3_mini_d,854,0.971875,1
iterative,o3_mini_d,855,0.97890625,1
iterative,o3_mini_d,856,0.98171875,1
iterative,o3_mini_d,857,0.971875,1
iterative,o3_mini_d,858,0.97890625,1
iterative,o3_mini_d,859,0.971875,1
iterative,o3_mini_d,860,0.98453125,1
iterative,o3_mini_d,861,0.98171875,1
iterative,o3_mini_d,862,0.97328125,1
iterative,o3_mini_d,863,0.98171875,1
iterative,o3_mini_d,864,0.9775,1
iterative,o3_mini_d,865,0.9690625,1
iterative,o3_mini_d,866,0.9746875,1
iterative,o3_mini_d,867,0.97890625,1
iterative,o3_mini_d,868,0.9746875,1
iterative,o3_mini_d,869,0.9775,1
iterative,o3_mini_d,870,0.9746875,1
iterative,o3_mini_d,871,0.98171875,1
iterative,o3_mini_d,872,0.96765625,1
iterative,o3_mini_d,873,0.97328125,1
iterative,o3_mini_d,874,0.97609375,1
iterative,o3_mini_d,875,0.9690625,1
iterative,o3_mini_d,876,0.9690625,1
iterative,o3_mini_d,877,0.97609375,1
iterative,o3_mini_d,878,0.97328125,1
iterative,o3_mini_d,879,0.97890625,1
iterative,o3_mini_d,880,0.9775,1
iterative,o3_mini_d,881,0.9803125,1
iterative,o3_mini_d,882,0.98171875,1
iterative,o3_mini_d,883,0.98453125,1
iterative,o3_mini_d,884,0.9746875,1
iterative,o3_mini_d,885,0.9690625,1
iterative,o3_mini_d,886,0.971875,1
iterative,o3_mini_d,887,0.971875,1
iterative,o3_mini_d,888,0.983125,1
iterative,o3_mini_d,889,0.97046875,1
iterative,o3_mini_d,890,0.9746875,1
iterative,o3_mini_d,891,0.9775,1
iterative,o3_mini_d,892,0.9690625,1
iterative,o3_mini_d,893,0.97328125,1
iterative,o3_mini_d,894,0.9746875,1
iterative,o3_mini_d,895,0.983125,1
iterative,o3_mini_d,896,0.97609375,1
iterative,o3_mini_d,897,0.9803125,1
iterative,o3_mini_d,898,0.9775,1
iterative,o3_mini_d,899,0.97609375,1
iterative,o3_mini_d,900,0.9803125,1
iterative,o3_mini_d,901,0.971875,1
iterative,o3_mini_d,902,0.97609375,1
iterative,o3_mini_d,903,0.9746875,1
iterative,o3_mini_d,904,0.9775,1
iterative,o3_mini_d,905,0.9803125,1
iterative,o3_mini_d,906,0.9690625,1
iterative,o3_mini_d,907,0.971875,1
iterative,o3_mini_d,908,0.9746875,1
iterative,o3_mini_d,909,0.97328125,1
iterative,o3_mini_d,910,0.97890625,1
iterative,o3_mini_d,911,0.97609375,1
iterative,o3_mini_d,912,0.9803125,1
iterative,o3_mini_d,913,0.97046875,1
iterative,o3_mini_d,914,0.9690625,1
iterative,o3_mini_d,915,0.98734375,1
iterative,o3_mini_d,916,0.96203125,1
iterative,o3_mini_d,917,0.971875,1
iterative,o3_mini_d,918,0.9746875,1
iterative,o3_mini_d,919,0.97328125,1
iterative,o3_mini_d,920,0.971875,1
iterative,o3_mini_d,921,0.97328125,1
iterative,o3_mini_d,922,0.97328125,1
iterative,o3_mini_d,923,0.9746875,1
iterative,o3_mini_d,924,0.97890625,1
iterative,o3_mini_d,925,0.97046875,1
iterative,o3_mini_d,926,0.9690625,1
iterative,o3_mini_d,927,0.983125,1
iterative,o3_mini_d,928,0.9775,1
iterative,o3_mini_d,929,0.97328125,1
iterative,o3_mini_d,930,0.97890625,1
iterative,o3_mini_d,931,0.97609375,1
iterative,o3_mini_d,932,0.9803125,1
iterative,o3_mini_d,933,0.98171875,1
iterative,o3_mini_d,934,0.971875,1
iterative,o3_mini_d,935,0.97890625,1
iterative,o3_mini_d,936,0.97609375,1
iterative,o3_mini_d,937,0.97890625,1
iterative,o3_mini_d,938,0.9746875,1
iterative,o3_mini_d,939,0.98171875,1
iterative,o3_mini_d,940,0.9775,1
iterative,o3_mini_d,941,0.983125,1
iterative,o3_mini_d,942,0.9803125,1
iterative,o3_mini_d,943,0.9803125,1
iterative,o3_mini_d,944,0.971875,1
iterative,o3_mini_d,945,0.9775,1
iterative,o3_mini_d,946,0.96765625,1
iterative,o3_mini_d,947,0.97890625,1
iterative,o3_mini_d,948,0.9690625,1
iterative,o3_mini_d,949,0.9775,1
iterative,o3_mini_d,950,0.9803125,1
iterative,o3_mini_d,951,0.97890625,1
iterative,o3_mini_d,952,0.971875,1
iterative,o3_mini_d,953,0.97609375,1
iterative,o3_mini_d,954,0.9803125,1
iterative,o3_mini_d,955,0.9746875,1
iterative,o3_mini_d,956,0.96765625,1
iterative,o3_mini_d,957,0.9859375,1
iterative,o3_mini_d,958,0.9775,1
iterative,o3_mini_d,959,0.9690625,1
iterative,o3_mini_d,960,0.97890625,1
iterative,o3_mini_d,961,0.97609375,1
iterative,o3_mini_d,962,0.97328125,1
iterative,o3_mini_d,963,0.9775,1
iterative,o3_mini_d,964,0.98453125,1
iterative,o3_mini_d,965,0.96625,1
iterative,o3_mini_d,966,0.971875,1
iterative,o3_mini_d,967,0.9746875,1
iterative,o3_mini_d,968,0.97609375,1
iterative,o3_mini_d,969,0.97328125,1
iterative,o3_mini_d,970,0.97609375,1
iterative,o3_mini_d,971,0.96484375,1
iterative,o3_mini_d,972,0.9803125,1
iterative,o3_mini_d,973,0.97328125,1
iterative,o3_mini_d,974,0.97890625,1
iterative,o3_mini_d,975,0.9690625,1
iterative,o3_mini_d,976,0.97890625,1
iterative,o3_mini_d,977,0.9775,1
iterative,o3_mini_d,978,0.98453125,1
iterative,o3_mini_d,979,0.9746875,1
iterative,o3_mini_d,980,0.98171875,1
iterative,o3_mini_d,981,0.9634375,1
iterative,o3_mini_d,982,0.97046875,1
iterative,o3_mini_d,983,0.9746875,1
iterative,o3_mini_d,984,0.9803125,1
iterative,o3_mini_d,985,0.97609375,1
iterative,o3_mini_d,986,0.9775,1
iterative,o3_mini_d,987,0.96484375,1
iterative,o3_mini_d,988,0.9775,1
iterative,o3_mini_d,989,0.96625,1
iterative,o3_mini_d,990,0.97609375,1
iterative,o3_mini_d,991,0.9746875,1
iterative,o3_mini_d,992,0.96765625,1
iterative,o3_mini_d,993,0.9775,1
iterative,o3_mini_d,994,0.9803125,1
iterative,o3_mini_d,995,0.9746875,1
iterative,o3_mini_d,996,0.97890625,1
iterative,o3_mini_d,997,0.971875,1
iterative,o3_mini_d,998,0.971875,1
iterative,o3_mini_d,999,0.97328125,1
iterative,claude_b,0,0.97609375,1
iterative,claude_b,1,0.9690625,1
iterative,claude_b,2,0.9690625,1
iterative,claude_b,3,0.9746875,1
iterative,claude_b,4,0.97890625,1
iterative,claude_b,5,0.9775,1
iterative,claude_b,6,0.983125,1
iterative,claude_b,7,0.9775,1
iterative,claude_b,8,0.96203125,1
iterative,claude_b,9,0.97890625,1
iterative,claude_b,10,0.98453125,1
iterative,claude_b,11,0.9775,1
iterative,claude_b,12,0.9775,1
iterative,claude_b,13,0.96625,1
iterative,claude_b,14,0.97046875,1
iterative,claude_b,15,0.971875,1
iterative,claude_b,16,0.96484375,1
iterative,claude_b,17,0.96203125,1
iterative,claude_b,18,0.97890625,1
iterative,claude_b,19,0.9746875,1
iterative,claude_b,20,0.97609375,1
iterative,claude_b,21,0.98171875,1
iterative,claude_b,22,0.97046875,1
iterative,claude_b,23,0.0,0
iterative,claude_b,24,0.95921875,1
iterative,claude_b,25,0.9746875,1
iterative,claude_b,26,0.97046875,1
iterative,claude_b,27,0.97890625,1
iterative,claude_b,28,0.97890625,1
iterative,claude_b,29,0.9746875,1
iterative,claude_b,30,0.0,0
iterative,claude_b,31,0.0,0
iterative,claude_b,32,0.97046875,1
iterative,claude_b,33,0.9746875,1
iterative,claude_b,34,0.971875,1
iterative,claude_b,35,0.97609375,1
iterative,claude_b,36,0.97890625,1
iterative,claude_b,37,0.9746875,1
iterative,claude_b,38,0.9746875,1
iterative,claude_b,39,0.9690625,1
iterative,claude_b,40,0.96625,1
iterative,claude_b,41,0.96625,1
iterative,claude_b,42,0.97046875,1
iterative,claude_b,43,0.98453125,1
iterative,claude_b,44,0.96484375,1
iterative,claude_b,45,0.9775,1
iterative,claude_b,46,0.9690625,1
iterative,claude_b,47,0.9803125,1
iterative,claude_b,48,0.9690625,1
iterative,claude_b,49,0.97890625,1
iterative,claude_b,50,0.9690625,1
iterative,claude_b,51,0.97046875,1
iterative,claude_b,52,0.9690625,1
iterative,claude_b,53,0.97046875,1
iterative,claude_b,54,0.98171875,1
iterative,claude_b,55,0.96765625,1
iterative,claude_b,56,0.98171875,1
iterative,claude_b,57,0.9803125,1
iterative,claude_b,58,0.9803125,1
iterative,claude_b,59,0.97046875,1
iterative,claude_b,60,0.97609375,1
iterative,claude_b,61,0.971875,1
iterative,claude_b,62,0.97046875,1
iterative,claude_b,63,0.9746875,1
iterative,claude_b,64,0.96484375,1
iterative,claude_b,65,0.9803125,1
iterative,claude_b,66,0.97328125,1
iterative,claude_b,67,0.97328125,1
iterative,claude_b,68,0.971875,1
iterative,claude_b,69,0.9803125,1
iterative,claude_b,70,0.96484375,1
iterative,claude_b,71,0.97609375,1
iterative,claude_b,72,0.97890625,1
iterative,claude_b,73,0.96625,1
iterative,claude_b,74,0.97890625,1
iterative,claude_b,75,0.9775,1
iterative,claude_b,76,0.0,0
iterative,claude_b,77,0.971875,1
iterative,claude_b,78,0.97890625,1
iterative,claude_b,79,0.97890625,1
iterative,claude_b,80,0.96625,1
iterative,claude_b,81,0.9746875,1
iterative,claude_b,82,0.0,0
iterative,claude_b,83,0.97328125,1
iterative,claude_b,84,0.9775,1
iterative,claude_b,85,0.9746875,1
iterative,claude_b,86,0.96203125,1
iterative,claude_b,87,0.0,0
iterative,claude_b,88,0.96484375,1
iterative,claude_b,89,0.9775,1
iterative,claude_b,90,0.96765625,1
iterative,claude_b,91,0.960625,1
iterative,claude_b,92,0.97046875,1
iterative,claude_b,93,0.9690625,1
iterative,claude_b,94,0.97609375,1
iterative,claude_b,95,0.97890625,1
iterative,claude_b,96,0.971875,1
iterative,claude_b,97,0.0,0
iterative,claude_b,98,0.971875,1
iterative,claude_b,99,0.97046875,1
iterative,claude_b,100,0.98453125,1
iterative,claude_b,101,0.960625,1
iterative,claude_b,102,0.96484375,1
iterative,claude_b,103,0.9690625,1
iterative,claude_b,104,0.0,0
iterative,claude_b,105,0.97046875,1
iterative,claude_b,106,0.971875,1
iterative,claude_b,107,0.97890625,1
iterative,claude_b,108,0.9775,1
iterative,claude_b,109,0.97609375,1
iterative,claude_b,110,0.9775,1
iterative,claude_b,111,0.97609375,1
iterative,claude_b,112,0.98171875,1
iterative,claude_b,113,0.9690625,1
iterative,claude_b,114,0.97890625,1
iterative,claude_b,115,0.97890625,1
iterative,claude_b,116,0.97609375,1
iterative,claude_b,117,0.0,0
iterative,claude_b,118,0.9775,1
iterative,claude_b,119,0.0,0
iterative,claude_b,120,0.97328125,1
iterative,claude_b,121,0.97046875,1
iterative,claude_b,122,0.9690625,1
iterative,claude_b,123,0.97890625,1
iterative,claude_b,124,0.97046875,1
iterative,claude_b,125,0.9775,1
iterative,claude_b,126,0.98453125,1
iterative,claude_b,127,0.97046875,1
iterative,claude_b,128,0.9634375,1
iterative,claude_b,129,0.9690625,1
iterative,claude_b,130,0.97890625,1
iterative,claude_b,131,0.97609375,1
iterative,claude_b,132,0.9775,1
iterative,claude_b,133,0.9803125,1
iterative,claude_b,134,0.0,0
iterative,claude_b,135,0.0,0
iterative,claude_b,136,0.9690625,1
iterative,claude_b,137,0.9775,1
iterative,claude_b,138,0.971875,1
iterative,claude_b,139,0.97609375,1
iterative,claude_b,140,0.97046875,1
iterative,claude_b,141,0.98171875,1
iterative,claude_b,142,0.97328125,1
iterative,claude_b,143,0.97046875,1
iterative,claude_b,144,0.9803125,1
iterative,claude_b,145,0.97328125,1
iterative,claude_b,146,0.97328125,1
iterative,claude_b,147,0.0,0
iterative,claude_b,148,0.0,0
iterative,claude_b,149,0.97890625,1
iterative,claude_b,150,0.96203125,1
iterative,claude_b,151,0.9746875,1
iterative,claude_b,152,0.9690625,1
iterative,claude_b,153,0.98453125,1
iterative,claude_b,154,0.97890625,1
iterative,claude_b,155,0.0,0
iterative,claude_b,156,0.9775,1
iterative,claude_b,157,0.0,0
iterative,claude_b,158,0.96765625,1
iterative,claude_b,159,0.9634375,1
iterative,claude_b,160,0.0,0
iterative,claude_b,161,0.97046875,1
iterative,claude_b,162,0.97046875,1
iterative,claude_b,163,0.98171875,1
iterative,claude_b,164,0.97609375,1
iterative,claude_b,165,0.9690625,1
iterative,claude_b,166,0.98734375,1
iterative,claude_b,167,0.96625,1
iterative,claude_b,168,0.97328125,1
iterative,claude_b,169,0.9803125,1
iterative,claude_b,170,0.97609375,1
iterative,claude_b,171,0.97046875,1
iterative,claude_b,172,0.97890625,1
iterative,claude_b,173,0.98453125,1
iterative,claude_b,174,0.97328125,1
iterative,claude_b,175,0.96765625,1
iterative,claude_b,176,0.0,0
iterative,claude_b,177,0.971875,1
iterative,claude_b,178,0.0,0
iterative,claude_b,179,0.98171875,1
iterative,claude_b,180,0.97890625,1
iterative,claude_b,181,0.9690625,1
iterative,claude_b,182,0.971875,1
iterative,claude_b,183,0.97328125,1
iterative,claude_b,184,0.9775,1
iterative,claude_b,185,0.96765625,1
iterative,claude_b,186,0.97890625,1
iterative,claude_b,187,0.971875,1
iterative,claude_b,188,0.97890625,1
iterative,claude_b,189,0.97609375,1
iterative,claude_b,190,0.9775,1
iterative,claude_b,191,0.0,0
iterative,claude_b,192,0.97609375,1
iterative,claude_b,193,0.96484375,1
iterative,claude_b,194,0.96765625,1
iterative,claude_b,195,0.97328125,1
iterative,claude_b,196,0.97609375,1
iterative,claude_b,197,0.9746875,1
iterative,claude_b,198,0.97046875,1
iterative,claude_b,199,0.971875,1
iterative,claude_b,200,0.9775,1
iterative,claude_b,201,0.97328125,1
iterative,claude_b,202,0.0,0
iterative,claude_b,203,0.96625,1
iterative,claude_b,204,0.96625,1
iterative,claude_b,205,0.96765625,1
iterative,claude_b,206,0.96484375,1
iterative,claude_b,207,0.97328125,1
iterative,claude_b,208,0.97890625,1
iterative,claude_b,209,0.96765625,1
iterative,claude_b,210,0.97328125,1
iterative,claude_b,211,0.0,0
iterative,claude_b,212,0.971875,1
iterative,claude_b,213,0.0,0
iterative,claude_b,214,0.97890625,1
iterative,claude_b,215,0.983125,1
iterative,claude_b,216,0.9690625,1
iterative,claude_b,217,0.96625,1
iterative,claude_b,218,0.96484375,1
iterative,claude_b,219,0.97328125,1
iterative,claude_b,220,0.97890625,1
iterative,claude_b,221,0.97328125,1
iterative,claude_b,222,0.96203125,1
iterative,claude_b,223,0.0,0
iterative,claude_b,224,0.9746875,1
iterative,claude_b,225,0.97046875,1
iterative,claude_b,226,0.971875,1
iterative,claude_b,227,0.9803125,1
iterative,claude_b,228,0.96484375,1
iterative,claude_b,229,0.9690625,1
iterative,claude_b,230,0.9690625,1
iterative,claude_b,231,0.0,0
iterative,claude_b,232,0.971875,1
iterative,claude_b,233,0.97046875,1
iterative,claude_b,234,0.97328125,1
iterative,claude_b,235,0.97890625,1
iterative,claude_b,236,0.97046875,1
iterative,claude_b,237,0.9803125,1
iterative,claude_b,238,0.96625,1
iterative,claude_b,239,0.97046875,1
iterative,claude_b,240,0.97046875,1
iterative,claude_b,241,0.9746875,1
iterative,claude_b,242,0.9803125,1
iterative,claude_b,243,0.97890625,1
iterative,claude_b,244,0.971875,1
iterative,claude_b,245,0.97609375,1
iterative,claude_b,246,0.971875,1
iterative,claude_b,247,0.9746875,1
iterative,claude_b,248,0.96625,1
iterative,claude_b,249,0.9634375,1
iterative,claude_b,250,0.9746875,1
iterative,claude_b,251,0.97046875,1
iterative,claude_b,252,0.96765625,1
iterative,claude_b,253,0.9775,1
iterative,claude_b,254,0.97046875,1
iterative,claude_b,255,0.97046875,1
iterative,claude_b,256,0.971875,1
iterative,claude_b,257,0.983125,1
iterative,claude_b,258,0.9775,1
iterative,claude_b,259,0.9775,1
iterative,claude_b,260,0.9578125,1
iterative,claude_b,261,0.97046875,1
iterative,claude_b,262,0.97046875,1
iterative,claude_b,263,0.97890625,1
iterative,claude_b,264,0.9746875,1
iterative,claude_b,265,0.9690625,1
iterative,claude_b,266,0.971875,1
iterative,claude_b,267,0.9634375,1
iterative,claude_b,268,0.9690625,1
iterative,claude_b,269,0.96484375,1
iterative,claude_b,270,0.983125,1
iterative,claude_b,271,0.983125,1
iterative,claude_b,272,0.971875,1
iterative,claude_b,273,0.0,0
iterative,claude_b,274,0.0,0
iterative,claude_b,275,0.97328125,1
iterative,claude_b,276,0.9746875,1
iterative,claude_b,277,0.97046875,1
iterative,claude_b,278,0.98171875,1
iterative,claude_b,279,0.971875,1
iterative,claude_b,280,0.97046875,1
iterative,claude_b,281,0.971875,1
iterative,claude_b,282,0.98171875,1
iterative,claude_b,283,0.9690625,1
iterative,claude_b,284,0.9775,1
iterative,claude_b,285,0.971875,1
iterative,claude_b,286,0.97046875,1
iterative,claude_b,287,0.9746875,1
iterative,claude_b,288,0.0,0
iterative,claude_b,289,0.97046875,1
iterative,claude_b,290,0.96625,1
iterative,claude_b,291,0.9775,1
iterative,claude_b,292,0.97046875,1
iterative,claude_b,293,0.0,0
iterative,claude_b,294,0.0,0
iterative,claude_b,295,0.9746875,1
iterative,claude_b,296,0.97890625,1
iterative,claude_b,297,0.9775,1
iterative,claude_b,298,0.97890625,1
iterative,claude_b,299,0.9746875,1
iterative,claude_b,300,0.97890625,1
iterative,claude_b,301,0.97890625,1
iterative,claude_b,302,0.971875,1
iterative,claude_b,303,0.97609375,1
iterative,claude_b,304,0.9690625,1
iterative,claude_b,305,0.96484375,1
iterative,claude_b,306,0.97890625,1
iterative,claude_b,307,0.96765625,1
iterative,claude_b,308,0.97046875,1
iterative,claude_b,309,0.96765625,1
iterative,claude_b,310,0.97328125,1
iterative,claude_b,311,0.97328125,1
iterative,claude_b,312,0.971875,1
iterative,claude_b,313,0.96484375,1
iterative,claude_b,314,0.97328125,1
iterative,claude_b,315,0.9690625,1
iterative,claude_b,316,0.0,0
iterative,claude_b,317,0.97890625,1
iterative,claude_b,318,0.9746875,1
iterative,claude_b,319,0.96484375,1
iterative,claude_b,320,0.0,0
iterative,claude_b,321,0.97609375,1
iterative,claude_b,322,0.97328125,1
iterative,claude_b,323,0.9690625,1
iterative,claude_b,324,0.971875,1
iterative,claude_b,325,0.97046875,1
iterative,claude_b,326,0.97328125,1
iterative,claude_b,327,0.96765625,1
iterative,claude_b,328,0.983125,1
iterative,claude_b,329,0.97328125,1
iterative,claude_b,330,0.97046875,1
iterative,claude_b,331,0.9746875,1
iterative,claude_b,332,0.9746875,1
iterative,claude_b,333,0.0,0
iterative,claude_b,334,0.97609375,1
iterative,claude_b,335,0.97890625,1
iterative,claude_b,336,0.96765625,1
iterative,claude_b,337,0.9775,1
iterative,claude_b,338,0.9690625,1
iterative,claude_b,339,0.983125,1
iterative,claude_b,340,0.9690625,1
iterative,claude_b,341,0.9803125,1
iterative,claude_b,342,0.96484375,1
iterative,claude_b,343,0.0,0
iterative,claude_b,344,0.97890625,1
iterative,claude_b,345,0.96765625,1
iterative,claude_b,346,0.96765625,1
iterative,claude_b,347,0.97609375,1
iterative,claude_b,348,0.97328125,1
iterative,claude_b,349,0.96765625,1
iterative,claude_b,350,0.9746875,1
iterative,claude_b,351,0.97890625,1
iterative,claude_b,352,0.983125,1
iterative,claude_b,353,0.9746875,1
iterative,claude_b,354,0.971875,1
iterative,claude_b,355,0.96765625,1
iterative,claude_b,356,0.97890625,1
iterative,claude_b,357,0.97609375,1
iterative,claude_b,358,0.96765625,1
iterative,claude_b,359,0.97328125,1
iterative,claude_b,360,0.9690625,1
iterative,claude_b,361,0.9690625,1
iterative,claude_b,362,0.971875,1
iterative,claude_b,363,0.97046875,1
iterative,claude_b,364,0.971875,1
iterative,claude_b,365,0.9803125,1
iterative,claude_b,366,0.9803125,1
iterative,claude_b,367,0.96625,1
iterative,claude_b,368,0.9775,1
iterative,claude_b,369,0.98171875,1
iterative,claude_b,370,0.9746875,1
iterative,claude_b,371,0.983125,1
iterative,claude_b,372,0.9746875,1
iterative,claude_b,373,0.96765625,1
iterative,claude_b,374,0.9746875,1
iterative,claude_b,375,0.9803125,1
iterative,claude_b,376,0.96765625,1
iterative,claude_b,377,0.97890625,1
iterative,claude_b,378,0.9690625,1
iterative,claude_b,379,0.96625,1
iterative,claude_b,380,0.9690625,1
iterative,claude_b,381,0.97328125,1
iterative,claude_b,382,0.0,0
iterative,claude_b,383,0.9775,1
iterative,claude_b,384,0.9775,1
iterative,claude_b,385,0.9746875,1
iterative,claude_b,386,0.96765625,1
iterative,claude_b,387,0.97609375,1
iterative,claude_b,388,0.96765625,1
iterative,claude_b,389,0.971875,1
iterative,claude_b,390,0.97046875,1
iterative,claude_b,391,0.0,0
iterative,claude_b,392,0.9690625,1
iterative,claude_b,393,0.971875,1
iterative,claude_b,394,0.97046875,1
iterative,claude_b,395,0.97890625,1
iterative,claude_b,396,0.971875,1
iterative,claude_b,397,0.97328125,1
iterative,claude_b,398,0.0,0
iterative,claude_b,399,0.983125,1
iterative,claude_b,400,0.97328125,1
iterative,claude_b,401,0.9803125,1
iterative,claude_b,402,0.97609375,1
iterative,claude_b,403,0.0,0
iterative,claude_b,404,0.98453125,1
iterative,claude_b,405,0.0,0
iterative,claude_b,406,0.971875,1
iterative,claude_b,407,0.0,0
iterative,claude_b,408,0.96625,1
iterative,claude_b,409,0.0,0
iterative,claude_b,410,0.97890625,1
iterative,claude_b,411,0.97328125,1
iterative,claude_b,412,0.983125,1
iterative,claude_b,413,0.97046875,1
iterative,claude_b,414,0.9775,1
iterative,claude_b,415,0.96625,1
iterative,claude_b,416,0.96625,1
iterative,claude_b,417,0.97890625,1
iterative,claude_b,418,0.9775,1
iterative,claude_b,419,0.9690625,1
iterative,claude_b,420,0.9775,1
iterative,claude_b,421,0.9746875,1
iterative,claude_b,422,0.9775,1
iterative,claude_b,423,0.971875,1
iterative,claude_b,424,0.983125,1
iterative,claude_b,425,0.9803125,1
iterative,claude_b,426,0.0,0
iterative,claude_b,427,0.97609375,1
iterative,claude_b,428,0.97890625,1
iterative,claude_b,429,0.97890625,1
iterative,claude_b,430,0.9775,1
iterative,claude_b,431,0.97328125,1
iterative,claude_b,432,0.97046875,1
iterative,claude_b,433,0.9746875,1
iterative,claude_b,434,0.971875,1
iterative,claude_b,435,0.9634375,1
iterative,claude_b,436,0.97328125,1
iterative,claude_b,437,0.983125,1
iterative,claude_b,438,0.97609375,1
iterative,claude_b,439,0.98453125,1
iterative,claude_b,440,0.9803125,1
iterative,claude_b,441,0.971875,1
iterative,claude_b,442,0.9746875,1
iterative,claude_b,443,0.97328125,1
iterative,claude_b,444,0.97328125,1
iterative,claude_b,445,0.97046875,1
iterative,claude_b,446,0.9803125,1
iterative,claude_b,447,0.9775,1
iterative,claude_b,448,0.98453125,1
iterative,claude_b,449,0.96765625,1
iterative,claude_b,450,0.9775,1
iterative,claude_b,451,0.96484375,1
iterative,claude_b,452,0.97890625,1
iterative,claude_b,453,0.97609375,1
iterative,claude_b,454,0.9690625,1
iterative,claude_b,455,0.97609375,1
iterative,claude_b,456,0.97046875,1
iterative,claude_b,457,0.9775,1
iterative,claude_b,458,0.96765625,1
iterative,claude_b,459,0.9690625,1
iterative,claude_b,460,0.97890625,1
iterative,claude_b,461,0.97328125,1
iterative,claude_b,462,0.97328125,1
iterative,claude_b,463,0.9690625,1
iterative,claude_b,464,0.971875,1
iterative,claude_b,465,0.97890625,1
iterative,claude_b,466,0.9690625,1
iterative,claude_b,467,0.97046875,1
iterative,claude_b,468,0.0,0
iterative,claude_b,469,0.971875,1
iterative,claude_b,470,0.9746875,1
iterative,claude_b,471,0.96625,1
iterative,claude_b,472,0.9690625,1
iterative,claude_b,473,0.97609375,1
iterative,claude_b,474,0.97609375,1
iterative,claude_b,475,0.0,0
iterative,claude_b,476,0.96484375,1
iterative,claude_b,477,0.9775,1
iterative,claude_b,478,0.971875,1
iterative,claude_b,479,0.9803125,1
iterative,claude_b,480,0.971875,1
iterative,claude_b,481,0.9690625,1
iterative,claude_b,482,0.971875,1
iterative,claude_b,483,0.0,0
iterative,claude_b,484,0.96765625,1
iterative,claude_b,485,0.98171875,1
iterative,claude_b,486,0.97328125,1
iterative,claude_b,487,0.9690625,1
iterative,claude_b,488,0.96484375,1
iterative,claude_b,489,0.97046875,1
iterative,claude_b,490,0.96484375,1
iterative,claude_b,491,0.9803125,1
iterative,claude_b,492,0.971875,1
iterative,claude_b,493,0.9746875,1
iterative,claude_b,494,0.9746875,1
iterative,claude_b,495,0.96765625,1
iterative,claude_b,496,0.97328125,1
iterative,claude_b,497,0.0,0
iterative,claude_b,498,0.9803125,1
iterative,claude_b,499,0.0,0
iterative,claude_b,500,0.9746875,1
iterative,claude_b,501,0.0,0
iterative,claude_b,502,0.9746875,1
iterative,claude_b,503,0.9746875,1
iterative,claude_b,504,0.9775,1
iterative,claude_b,505,0.98171875,1
iterative,claude_b,506,0.98171875,1
iterative,claude_b,507,0.9690625,1
iterative,claude_b,508,0.971875,1
iterative,claude_b,509,0.98171875,1
iterative,claude_b,510,0.97890625,1
iterative,claude_b,511,0.9634375,1
iterative,claude_b,512,0.9775,1
iterative,claude_b,513,0.97890625,1
iterative,claude_b,514,0.97890625,1
iterative,claude_b,515,0.971875,1
iterative,claude_b,516,0.9746875,1
iterative,claude_b,517,0.96765625,1
iterative,claude_b,518,0.971875,1
iterative,claude_b,519,0.96625,1
iterative,claude_b,520,0.9690625,1
iterative,claude_b,521,0.9746875,1
iterative,claude_b,522,0.0,0
iterative,claude_b,523,0.971875,1
iterative,claude_b,524,0.97328125,1
iterative,claude_b,525,0.97609375,1
iterative,claude_b,526,0.97328125,1
iterative,claude_b,527,0.98453125,1
iterative,claude_b,528,0.0,0
iterative,claude_b,529,0.97890625,1
iterative,claude_b,530,0.9690625,1
iterative,claude_b,531,0.97046875,1
iterative,claude_b,532,0.97046875,1
iterative,claude_b,533,0.971875,1
iterative,claude_b,534,0.96484375,1
iterative,claude_b,535,0.0,0
iterative,claude_b,536,0.97609375,1
iterative,claude_b,537,0.96625,1
iterative,claude_b,538,0.97609375,1
iterative,claude_b,539,0.96625,1
iterative,claude_b,540,0.97328125,1
iterative,claude_b,541,0.9690625,1
iterative,claude_b,542,0.9803125,1
iterative,claude_b,543,0.9803125,1
iterative,claude_b,544,0.97328125,1
iterative,claude_b,545,0.0,0
iterative,claude_b,546,0.971875,1
iterative,claude_b,547,0.98453125,1
iterative,claude_b,548,0.9775,1
iterative,claude_b,549,0.97046875,1
iterative,claude_b,550,0.97328125,1
iterative,claude_b,551,0.9775,1
iterative,claude_b,552,0.9775,1
iterative,claude_b,553,0.9746875,1
iterative,claude_b,554,0.9775,1
iterative,claude_b,555,0.97609375,1
iterative,claude_b,556,0.97890625,1
iterative,claude_b,557,0.9746875,1
iterative,claude_b,558,0.96484375,1
iterative,claude_b,559,0.97890625,1
iterative,claude_b,560,0.97890625,1
iterative,claude_b,561,0.97609375,1
iterative,claude_b,562,0.97890625,1
iterative,claude_b,563,0.0,0
iterative,claude_b,564,0.97609375,1
iterative,claude_b,565,0.971875,1
iterative,claude_b,566,0.97609375,1
iterative,claude_b,567,0.9803125,1
iterative,claude_b,568,0.97609375,1
iterative,claude_b,569,0.97890625,1
iterative,claude_b,570,0.971875,1
iterative,claude_b,571,0.971875,1
iterative,claude_b,572,0.971875,1
iterative,claude_b,573,0.97328125,1
iterative,claude_b,574,0.971875,1
iterative,claude_b,575,0.98171875,1
iterative,claude_b,576,0.97046875,1
iterative,claude_b,577,0.97046875,1
iterative,claude_b,578,0.971875,1
iterative,claude_b,579,0.97890625,1
iterative,claude_b,580,0.9775,1
iterative,claude_b,581,0.9775,1
iterative,claude_b,582,0.9803125,1
iterative,claude_b,583,0.97046875,1
iterative,claude_b,584,0.98171875,1
iterative,claude_b,585,0.0,0
iterative,claude_b,586,0.971875,1
iterative,claude_b,587,0.98453125,1
iterative,claude_b,588,0.97609375,1
iterative,claude_b,589,0.97046875,1
iterative,claude_b,590,0.9690625,1
iterative,claude_b,591,0.971875,1
iterative,claude_b,592,0.9690625,1
iterative,claude_b,593,0.98171875,1
iterative,claude_b,594,0.97046875,1
iterative,claude_b,595,0.9775,1
iterative,claude_b,596,0.960625,1
iterative,claude_b,597,0.97046875,1
iterative,claude_b,598,0.9775,1
iterative,claude_b,599,0.97609375,1
iterative,claude_b,600,0.98171875,1
iterative,claude_b,601,0.96625,1
iterative,claude_b,602,0.0,0
iterative,claude_b,603,0.97609375,1
iterative,claude_b,604,0.0,0
iterative,claude_b,605,0.9803125,1
iterative,claude_b,606,0.9775,1
iterative,claude_b,607,0.96765625,1
iterative,claude_b,608,0.9775,1
iterative,claude_b,609,0.97328125,1
iterative,claude_b,610,0.9690625,1
iterative,claude_b,611,0.9634375,1
iterative,claude_b,612,0.97609375,1
iterative,claude_b,613,0.98171875,1
iterative,claude_b,614,0.97328125,1
iterative,claude_b,615,0.0,0
iterative,claude_b,616,0.0,0
iterative,claude_b,617,0.98171875,1
iterative,claude_b,618,0.97046875,1
iterative,claude_b,619,0.97609375,1
iterative,claude_b,620,0.97328125,1
iterative,claude_b,621,0.96765625,1
iterative,claude_b,622,0.9775,1
iterative,claude_b,623,0.97890625,1
iterative,claude_b,624,0.97609375,1
iterative,claude_b,625,0.971875,1
iterative,claude_b,626,0.97328125,1
iterative,claude_b,627,0.9775,1
iterative,claude_b,628,0.97609375,1
iterative,claude_b,629,0.96484375,1
iterative,claude_b,630,0.96765625,1
iterative,claude_b,631,0.98171875,1
iterative,claude_b,632,0.97046875,1
iterative,claude_b,633,0.97328125,1
iterative,claude_b,634,0.9690625,1
iterative,claude_b,635,0.983125,1
iterative,claude_b,636,0.97046875,1
iterative,claude_b,637,0.97046875,1
iterative,claude_b,638,0.97609375,1
iterative,claude_b,639,0.97328125,1
iterative,claude_b,640,0.97609375,1
iterative,claude_b,641,0.0,0
iterative,claude_b,642,0.9746875,1
iterative,claude_b,643,0.9775,1
iterative,claude_b,644,0.96625,1
iterative,claude_b,645,0.9775,1
iterative,claude_b,646,0.9775,1
iterative,claude_b,647,0.0,0
iterative,claude_b,648,0.0,0
iterative,claude_b,649,0.971875,1
iterative,claude_b,650,0.97046875,1
iterative,claude_b,651,0.98734375,1
iterative,claude_b,652,0.97328125,1
iterative,claude_b,653,0.97609375,1
iterative,claude_b,654,0.97890625,1
iterative,claude_b,655,0.0,0
iterative,claude_b,656,0.97328125,1
iterative,claude_b,657,0.971875,1
iterative,claude_b,658,0.97609375,1
iterative,claude_b,659,0.97890625,1
iterative,claude_b,660,0.97609375,1
iterative,claude_b,661,0.0,0
iterative,claude_b,662,0.96484375,1
iterative,claude_b,663,0.97046875,1
iterative,claude_b,664,0.96625,1
iterative,claude_b,665,0.97046875,1
iterative,claude_b,666,0.9803125,1
iterative,claude_b,667,0.98453125,1
iterative,claude_b,668,0.97046875,1
iterative,claude_b,669,0.0,0
iterative,claude_b,670,0.9859375,1
iterative,claude_b,671,0.9803125,1
iterative,claude_b,672,0.97890625,1
iterative,claude_b,673,0.97609375,1
iterative,claude_b,674,0.9634375,1
iterative,claude_b,675,0.96625,1
iterative,claude_b,676,0.98171875,1
iterative,claude_b,677,0.9775,1
iterative,claude_b,678,0.9775,1
iterative,claude_b,679,0.97609375,1
iterative,claude_b,680,0.96484375,1
iterative,claude_b,681,0.97609375,1
iterative,claude_b,682,0.97328125,1
iterative,claude_b,683,0.971875,1
iterative,claude_b,684,0.971875,1
iterative,claude_b,685,0.96765625,1
iterative,claude_b,686,0.9634375,1
iterative,claude_b,687,0.9634375,1
iterative,claude_b,688,0.97328125,1
iterative,claude_b,689,0.97890625,1
iterative,claude_b,690,0.0,0
iterative,claude_b,691,0.0,0
iterative,claude_b,692,0.971875,1
iterative,claude_b,693,0.97890625,1
iterative,claude_b,694,0.9690625,1
iterative,claude_b,695,0.9775,1
iterative,claude_b,696,0.9746875,1
iterative,claude_b,697,0.97609375,1
iterative,claude_b,698,0.0,0
iterative,claude_b,699,0.9690625,1
iterative,claude_b,700,0.971875,1
iterative,claude_b,701,0.97609375,1
iterative,claude_b,702,0.9775,1
iterative,claude_b,703,0.9634375,1
iterative,claude_b,704,0.96625,1
iterative,claude_b,705,0.97609375,1
iterative,claude_b,706,0.97890625,1
iterative,claude_b,707,0.96484375,1
iterative,claude_b,708,0.97890625,1
iterative,claude_b,709,0.971875,1
iterative,claude_b,710,0.971875,1
iterative,claude_b,711,0.96765625,1
iterative,claude_b,712,0.9746875,1
iterative,claude_b,713,0.97046875,1
iterative,claude_b,714,0.9746875,1
iterative,claude_b,715,0.97609375,1
iterative,claude_b,716,0.96765625,1
iterative,claude_b,717,0.9803125,1
iterative,claude_b,718,0.971875,1
iterative,claude_b,719,0.9803125,1
iterative,claude_b,720,0.9690625,1
iterative,claude_b,721,0.9746875,1
iterative,claude_b,722,0.97046875,1
iterative,claude_b,723,0.96484375,1
iterative,claude_b,724,0.9803125,1
iterative,claude_b,725,0.9775,1
iterative,claude_b,726,0.9775,1
iterative,claude_b,727,0.9803125,1
iterative,claude_b,728,0.96203125,1
iterative,claude_b,729,0.0,0
iterative,claude_b,730,0.9746875,1
iterative,claude_b,731,0.9775,1
iterative,claude_b,732,0.97046875,1
iterative,claude_b,733,0.0,0
iterative,claude_b,734,0.97328125,1
iterative,claude_b,735,0.0,0
iterative,claude_b,736,0.9746875,1
iterative,claude_b,737,0.9746875,1
iterative,claude_b,738,0.983125,1
iterative,claude_b,739,0.9746875,1
iterative,claude_b,740,0.97609375,1
iterative,claude_b,741,0.97328125,1
iterative,claude_b,742,0.971875,1
iterative,claude_b,743,0.97328125,1
iterative,claude_b,744,0.9634375,1
iterative,claude_b,745,0.96625,1
iterative,claude_b,746,0.9803125,1
iterative,claude_b,747,0.0,0
iterative,claude_b,748,0.0,0
iterative,claude_b,749,0.9775,1
iterative,claude_b,750,0.9746875,1
iterative,claude_b,751,0.971875,1
iterative,claude_b,752,0.9803125,1
iterative,claude_b,753,0.96625,1
iterative,claude_b,754,0.97328125,1
iterative,claude_b,755,0.971875,1
iterative,claude_b,756,0.97328125,1
iterative,claude_b,757,0.97890625,1
iterative,claude_b,758,0.97890625,1
iterative,claude_b,759,0.97609375,1
iterative,claude_b,760,0.9690625,1
iterative,claude_b,761,0.97609375,1
iterative,claude_b,762,0.9746875,1
iterative,claude_b,763,0.9746875,1
iterative,claude_b,764,0.0,0
iterative,claude_b,765,0.96625,1
iterative,claude_b,766,0.97609375,1
iterative,claude_b,767,0.971875,1
iterative,claude_b,768,0.9746875,1
iterative,claude_b,769,0.97046875,1
iterative,claude_b,770,0.0,0
iterative,claude_b,771,0.98171875,1
iterative,claude_b,772,0.0,0
iterative,claude_b,773,0.0,0
iterative,claude_b,774,0.9775,1
iterative,claude_b,775,0.9746875,1
iterative,claude_b,776,0.9746875,1
iterative,claude_b,777,0.97890625,1
iterative,claude_b,778,0.9775,1
iterative,claude_b,779,0.9690625,1
iterative,claude_b,780,0.9746875,1
iterative,claude_b,781,0.97609375,1
iterative,claude_b,782,0.97609375,1
iterative,claude_b,783,0.971875,1
iterative,claude_b,784,0.971875,1
iterative,claude_b,785,0.96203125,1
iterative,claude_b,786,0.9690625,1
iterative,claude_b,787,0.9746875,1
iterative,claude_b,788,0.9690625,1
iterative,claude_b,789,0.97328125,1
iterative,claude_b,790,0.971875,1
iterative,claude_b,791,0.9746875,1
iterative,claude_b,792,0.9775,1
iterative,claude_b,793,0.971875,1
iterative,claude_b,794,0.97609375,1
iterative,claude_b,795,0.96765625,1
iterative,claude_b,796,0.97046875,1
iterative,claude_b,797,0.97328125,1
iterative,claude_b,798,0.97890625,1
iterative,claude_b,799,0.0,0
iterative,claude_b,800,0.97890625,1
iterative,claude_b,801,0.960625,1
iterative,claude_b,802,0.9775,1
iterative,claude_b,803,0.97890625,1
iterative,claude_b,804,0.0,0
iterative,claude_b,805,0.9746875,1
iterative,claude_b,806,0.96484375,1
iterative,claude_b,807,0.97890625,1
iterative,claude_b,808,0.97328125,1
iterative,claude_b,809,0.9690625,1
iterative,claude_b,810,0.971875,1
iterative,claude_b,811,0.0,0
iterative,claude_b,812,0.97890625,1
iterative,claude_b,813,0.971875,1
iterative,claude_b,814,0.9746875,1
iterative,claude_b,815,0.9775,1
iterative,claude_b,816,0.971875,1
iterative,claude_b,817,0.983125,1
iterative,claude_b,818,0.96625,1
iterative,claude_b,819,0.9690625,1
iterative,claude_b,820,0.98453125,1
iterative,claude_b,821,0.97328125,1
iterative,claude_b,822,0.9746875,1
iterative,claude_b,823,0.9746875,1
iterative,claude_b,824,0.96484375,1
iterative,claude_b,825,0.97328125,1
iterative,claude_b,826,0.97328125,1
iterative,claude_b,827,0.971875,1
iterative,claude_b,828,0.97046875,1
iterative,claude_b,829,0.98171875,1
iterative,claude_b,830,0.9803125,1
iterative,claude_b,831,0.9746875,1
iterative,claude_b,832,0.9803125,1
iterative,claude_b,833,0.9775,1
iterative,claude_b,834,0.97046875,1
iterative,claude_b,835,0.9690625,1
iterative,claude_b,836,0.97328125,1
iterative,claude_b,837,0.97328125,1
iterative,claude_b,838,0.9775,1
iterative,claude_b,839,0.98171875,1
iterative,claude_b,840,0.9746875,1
iterative,claude_b,841,0.98171875,1
iterative,claude_b,842,0.9746875,1
iterative,claude_b,843,0.0,0
iterative,claude_b,844,0.9690625,1
iterative,claude_b,845,0.97609375,1
iterative,claude_b,846,0.96625,1
iterative,claude_b,847,0.97890625,1
iterative,claude_b,848,0.9690625,1
iterative,claude_b,849,0.96484375,1
iterative,claude_b,850,0.96484375,1
iterative,claude_b,851,0.960625,1
iterative,claude_b,852,0.9775,1
iterative,claude_b,853,0.9803125,1
iterative,claude_b,854,0.97046875,1
iterative,claude_b,855,0.0,0
iterative,claude_b,856,0.9746875,1
iterative,claude_b,857,0.971875,1
iterative,claude_b,858,0.9775,1
iterative,claude_b,859,0.0,0
iterative,claude_b,860,0.98453125,1
iterative,claude_b,861,0.97328125,1
iterative,claude_b,862,0.97046875,1
iterative,claude_b,863,0.0,0
iterative,claude_b,864,0.97046875,1
iterative,claude_b,865,0.0,0
iterative,claude_b,866,0.9746875,1
iterative,claude_b,867,0.9775,1
iterative,claude_b,868,0.97609375,1
iterative,claude_b,869,0.97609375,1
iterative,claude_b,870,0.9746875,1
iterative,claude_b,871,0.9803125,1
iterative,claude_b,872,0.96484375,1
iterative,claude_b,873,0.971875,1
iterative,claude_b,874,0.9775,1
iterative,claude_b,875,0.9690625,1
iterative,claude_b,876,0.96765625,1
iterative,claude_b,877,0.97890625,1
iterative,claude_b,878,0.97328125,1
iterative,claude_b,879,0.9775,1
iterative,claude_b,880,0.9746875,1
iterative,claude_b,881,0.96484375,1
iterative,claude_b,882,0.9803125,1
iterative,claude_b,883,0.97890625,1
iterative,claude_b,884,0.97609375,1
iterative,claude_b,885,0.96484375,1
iterative,claude_b,886,0.96625,1
iterative,claude_b,887,0.9746875,1
iterative,claude_b,888,0.96765625,1
iterative,claude_b,889,0.9690625,1
iterative,claude_b,890,0.0,0
iterative,claude_b,891,0.97609375,1
iterative,claude_b,892,0.96203125,1
iterative,claude_b,893,0.9690625,1
iterative,claude_b,894,0.97046875,1
iterative,claude_b,895,0.98171875,1
iterative,claude_b,896,0.9775,1
iterative,claude_b,897,0.97890625,1
iterative,claude_b,898,0.97609375,1
iterative,claude_b,899,0.9746875,1
iterative,claude_b,900,0.96765625,1
iterative,claude_b,901,0.97046875,1
iterative,claude_b,902,0.9746875,1
iterative,claude_b,903,0.9746875,1
iterative,claude_b,904,0.9775,1
iterative,claude_b,905,0.97328125,1
iterative,claude_b,906,0.96484375,1
iterative,claude_b,907,0.97046875,1
iterative,claude_b,908,0.97609375,1
iterative,claude_b,909,0.971875,1
iterative,claude_b,910,0.97328125,1
iterative,claude_b,911,0.9746875,1
iterative,claude_b,912,0.0,0
iterative,claude_b,913,0.0,0
iterative,claude_b,914,0.9690625,1
iterative,claude_b,915,0.98734375,1
iterative,claude_b,916,0.96203125,1
iterative,claude_b,917,0.971875,1
iterative,claude_b,918,0.9746875,1
iterative,claude_b,919,0.971875,1
iterative,claude_b,920,0.97046875,1
iterative,claude_b,921,0.971875,1
iterative,claude_b,922,0.97328125,1
iterative,claude_b,923,0.971875,1
iterative,claude_b,924,0.0,0
iterative,claude_b,925,0.96625,1
iterative,claude_b,926,0.96484375,1
iterative,claude_b,927,0.98171875,1
iterative,claude_b,928,0.97609375,1
iterative,claude_b,929,0.971875,1
iterative,claude_b,930,0.9775,1
iterative,claude_b,931,0.97609375,1
iterative,claude_b,932,0.97890625,1
iterative,claude_b,933,0.9746875,1
iterative,claude_b,934,0.97046875,1
iterative,claude_b,935,0.97890625,1
iterative,claude_b,936,0.97328125,1
iterative,claude_b,937,0.9746875,1
iterative,claude_b,938,0.97328125,1
iterative,claude_b,939,0.9803125,1
iterative,claude_b,940,0.97328125,1
iterative,claude_b,941,0.98171875,1
iterative,claude_b,942,0.9803125,1
iterative,claude_b,943,0.97328125,1
iterative,claude_b,944,0.97046875,1
iterative,claude_b,945,0.9746875,1
iterative,claude_b,946,0.9634375,1
iterative,claude_b,947,0.9775,1
iterative,claude_b,948,0.96765625,1
iterative,claude_b,949,0.96765625,1
iterative,claude_b,950,0.9803125,1
iterative,claude_b,951,0.97328125,1
iterative,claude_b,952,0.97046875,1
iterative,claude_b,953,0.97328125,1
iterative,claude_b,954,0.9803125,1
iterative,claude_b,955,0.97328125,1
iterative,claude_b,956,0.9634375,1
iterative,claude_b,957,0.97609375,1
iterative,claude_b,958,0.97609375,1
iterative,claude_b,959,0.96765625,1
iterative,claude_b,960,0.9775,1
iterative,claude_b,961,0.0,0
iterative,claude_b,962,0.971875,1
iterative,claude_b,963,0.97609375,1
iterative,claude_b,964,0.983125,1
iterative,claude_b,965,0.96765625,1
iterative,claude_b,966,0.971875,1
iterative,claude_b,967,0.97328125,1
iterative,claude_b,968,0.971875,1
iterative,claude_b,969,0.971875,1
iterative,claude_b,970,0.0,0
iterative,claude_b,971,0.0,0
iterative,claude_b,972,0.97890625,1
iterative,claude_b,973,0.971875,1
iterative,claude_b,974,0.9775,1
iterative,claude_b,975,0.9690625,1
iterative,claude_b,976,0.9775,1
iterative,claude_b,977,0.96625,1
iterative,claude_b,978,0.983125,1
iterative,claude_b,979,0.9746875,1
iterative,claude_b,980,0.9803125,1
iterative,claude_b,981,0.95640625,1
iterative,claude_b,982,0.96625,1
iterative,claude_b,983,0.96203125,1
iterative,claude_b,984,0.97890625,1
iterative,claude_b,985,0.9746875,1
iterative,claude_b,986,0.97890625,1
iterative,claude_b,987,0.0,0
iterative,claude_b,988,0.97609375,1
iterative,claude_b,989,0.96625,1
iterative,claude_b,990,0.97609375,1
iterative,claude_b,991,0.97046875,1
iterative,claude_b,992,0.0,0
iterative,claude_b,993,0.97046875,1
iterative,claude_b,994,0.9803125,1
iterative,claude_b,995,0.9775,1
iterative,claude_b,996,0.97609375,1
iterative,claude_b,997,0.9746875,1
iterative,claude_b,998,0.97046875,1
iterative,claude_b,999,0.97046875,1
iterative,claude_c,0,0.97609375,1
iterative,claude_c,1,0.9690625,1
iterative,claude_c,2,0.9690625,1
iterative,claude_c,3,0.9746875,1
iterative,claude_c,4,0.97890625,1
iterative,claude_c,5,0.9775,1
iterative,claude_c,6,0.983125,1
iterative,claude_c,7,0.9775,1
iterative,claude_c,8,0.96203125,1
iterative,claude_c,9,0.97890625,1
iterative,claude_c,10,0.98453125,1
iterative,claude_c,11,0.9775,1
iterative,claude_c,12,0.9775,1
iterative,claude_c,13,0.96625,1
iterative,claude_c,14,0.97046875,1
iterative,claude_c,15,0.971875,1
iterative,claude_c,16,0.96484375,1
iterative,claude_c,17,0.96203125,1
iterative,claude_c,18,0.97890625,1
iterative,claude_c,19,0.9746875,1
iterative,claude_c,20,0.97609375,1
iterative,claude_c,21,0.98171875,1
iterative,claude_c,22,0.97046875,1
iterative,claude_c,23,0.0,0
iterative,claude_c,24,0.95921875,1
iterative,claude_c,25,0.9746875,1
iterative,claude_c,26,0.97046875,1
iterative,claude_c,27,0.97890625,1
iterative,claude_c,28,0.97890625,1
iterative,claude_c,29,0.9746875,1
iterative,claude_c,30,0.0,0
iterative,claude_c,31,0.0,0
iterative,claude_c,32,0.97046875,1
iterative,claude_c,33,0.9746875,1
iterative,claude_c,34,0.971875,1
iterative,claude_c,35,0.97609375,1
iterative,claude_c,36,0.97890625,1
iterative,claude_c,37,0.9746875,1
iterative,claude_c,38,0.9746875,1
iterative,claude_c,39,0.9690625,1
iterative,claude_c,40,0.96625,1
iterative,claude_c,41,0.96625,1
iterative,claude_c,42,0.97046875,1
iterative,claude_c,43,0.98453125,1
iterative,claude_c,44,0.96484375,1
iterative,claude_c,45,0.9775,1
iterative,claude_c,46,0.9690625,1
iterative,claude_c,47,0.9803125,1
iterative,claude_c,48,0.9690625,1
iterative,claude_c,49,0.97890625,1
iterative,claude_c,50,0.9690625,1
iterative,claude_c,51,0.97046875,1
iterative,claude_c,52,0.9690625,1
iterative,claude_c,53,0.97046875,1
iterative,claude_c,54,0.98171875,1
iterative,claude_c,55,0.96765625,1
iterative,claude_c,56,0.98171875,1
iterative,claude_c,57,0.9803125,1
iterative,claude_c,58,0.9803125,1
iterative,claude_c,59,0.97046875,1
iterative,claude_c,60,0.97609375,1
iterative,claude_c,61,0.971875,1
iterative,claude_c,62,0.97046875,1
iterative,claude_c,63,0.9746875,1
iterative,claude_c,64,0.96484375,1
iterative,claude_c,65,0.9803125,1
iterative,claude_c,66,0.97328125,1
iterative,claude_c,67,0.97328125,1
iterative,claude_c,68,0.971875,1
iterative,claude_c,69,0.9803125,1
iterative,claude_c,70,0.96484375,1
iterative,claude_c,71,0.97609375,1
iterative,claude_c,72,0.97890625,1
iterative,claude_c,73,0.96625,1
iterative,claude_c,74,0.97890625,1
iterative,claude_c,75,0.9775,1
iterative,claude_c,76,0.0,0
iterative,claude_c,77,0.971875,1
iterative,claude_c,78,0.97890625,1
iterative,claude_c,79,0.97890625,1
iterative,claude_c,80,0.96625,1
iterative,claude_c,81,0.9746875,1
iterative,claude_c,82,0.0,0
iterative,claude_c,83,0.97328125,1
iterative,claude_c,84,0.9775,1
iterative,claude_c,85,0.9746875,1
iterative,claude_c,86,0.96203125,1
iterative,claude_c,87,0.0,0
iterative,claude_c,88,0.96484375,1
iterative,claude_c,89,0.9775,1
iterative,claude_c,90,0.96765625,1
iterative,claude_c,91,0.960625,1
iterative,claude_c,92,0.97046875,1
iterative,claude_c,93,0.9690625,1
iterative,claude_c,94,0.97609375,1
iterative,claude_c,95,0.97890625,1
iterative,claude_c,96,0.971875,1
iterative,claude_c,97,0.0,0
iterative,claude_c,98,0.971875,1
iterative,claude_c,99,0.97046875,1
iterative,claude_c,100,0.98453125,1
iterative,claude_c,101,0.960625,1
iterative,claude_c,102,0.96484375,1
iterative,claude_c,103,0.9690625,1
iterative,claude_c,104,0.0,0
iterative,claude_c,105,0.97046875,1
iterative,claude_c,106,0.971875,1
iterative,claude_c,107,0.97890625,1
iterative,claude_c,108,0.9775,1
iterative,claude_c,109,0.97609375,1
iterative,claude_c,110,0.9775,1
iterative,claude_c,111,0.97609375,1
iterative,claude_c,112,0.98171875,1
iterative,claude_c,113,0.9690625,1
iterative,claude_c,114,0.97890625,1
iterative,claude_c,115,0.97890625,1
iterative,claude_c,116,0.97609375,1
iterative,claude_c,117,0.0,0
iterative,claude_c,118,0.9775,1
iterative,claude_c,119,0.0,0
iterative,claude_c,120,0.97328125,1
iterative,claude_c,121,0.97046875,1
iterative,claude_c,122,0.9690625,1
iterative,claude_c,123,0.97890625,1
iterative,claude_c,124,0.97046875,1
iterative,claude_c,125,0.9775,1
iterative,claude_c,126,0.98453125,1
iterative,claude_c,127,0.97046875,1
iterative,claude_c,128,0.9634375,1
iterative,claude_c,129,0.9690625,1
iterative,claude_c,130,0.97890625,1
iterative,claude_c,131,0.97609375,1
iterative,claude_c,132,0.9775,1
iterative,claude_c,133,0.9803125,1
iterative,claude_c,134,0.0,0
iterative,claude_c,135,0.0,0
iterative,claude_c,136,0.9690625,1
iterative,claude_c,137,0.9775,1
iterative,claude_c,138,0.971875,1
iterative,claude_c,139,0.97609375,1
iterative,claude_c,140,0.97046875,1
iterative,claude_c,141,0.98171875,1
iterative,claude_c,142,0.97328125,1
iterative,claude_c,143,0.97046875,1
iterative,claude_c,144,0.9803125,1
iterative,claude_c,145,0.97328125,1
iterative,claude_c,146,0.97328125,1
iterative,claude_c,147,0.0,0
iterative,claude_c,148,0.0,0
iterative,claude_c,149,0.97890625,1
iterative,claude_c,150,0.96203125,1
iterative,claude_c,151,0.9746875,1
iterative,claude_c,152,0.9690625,1
iterative,claude_c,153,0.98453125,1
iterative,claude_c,154,0.97890625,1
iterative,claude_c,155,0.0,0
iterative,claude_c,156,0.9775,1
iterative,claude_c,157,0.0,0
iterative,claude_c,158,0.96765625,1
iterative,claude_c,159,0.9634375,1
iterative,claude_c,160,0.0,0
iterative,claude_c,161,0.97046875,1
iterative,claude_c,162,0.97046875,1
iterative,claude_c,163,0.98171875,1
iterative,claude_c,164,0.97609375,1
iterative,claude_c,165,0.9690625,1
iterative,claude_c,166,0.98734375,1
iterative,claude_c,167,0.96625,1
iterative,claude_c,168,0.97328125,1
iterative,claude_c,169,0.9803125,1
iterative,claude_c,170,0.97609375,1
iterative,claude_c,171,0.97046875,1
iterative,claude_c,172,0.97890625,1
iterative,claude_c,173,0.98453125,1
iterative,claude_c,174,0.97328125,1
iterative,claude_c,175,0.96765625,1
iterative,claude_c,176,0.0,0
iterative,claude_c,177,0.971875,1
iterative,claude_c,178,0.0,0
iterative,claude_c,179,0.98171875,1
iterative,claude_c,180,0.97890625,1
iterative,claude_c,181,0.9690625,1
iterative,claude_c,182,0.971875,1
iterative,claude_c,183,0.97328125,1
iterative,claude_c,184,0.9775,1
iterative,claude_c,185,0.96765625,1
iterative,claude_c,186,0.97890625,1
iterative,claude_c,187,0.971875,1
iterative,claude_c,188,0.97890625,1
iterative,claude_c,189,0.97609375,1
iterative,claude_c,190,0.9775,1
iterative,claude_c,191,0.0,0
iterative,claude_c,192,0.97609375,1
iterative,claude_c,193,0.96484375,1
iterative,claude_c,194,0.96765625,1
iterative,claude_c,195,0.97328125,1
iterative,claude_c,196,0.97609375,1
iterative,claude_c,197,0.9746875,1
iterative,claude_c,198,0.97046875,1
iterative,claude_c,199,0.971875,1
iterative,claude_c,200,0.9775,1
iterative,claude_c,201,0.97328125,1
iterative,claude_c,202,0.0,0
iterative,claude_c,203,0.96625,1
iterative,claude_c,204,0.96625,1
iterative,claude_c,205,0.96765625,1
iterative,claude_c,206,0.96484375,1
iterative,claude_c,207,0.97328125,1
iterative,claude_c,208,0.97890625,1
iterative,claude_c,209,0.96765625,1
iterative,claude_c,210,0.97328125,1
iterative,claude_c,211,0.0,0
iterative,claude_c,212,0.971875,1
iterative,claude_c,213,0.0,0
iterative,claude_c,214,0.97890625,1
iterative,claude_c,215,0.983125,1
iterative,claude_c,216,0.9690625,1
iterative,claude_c,217,0.96625,1
iterative,claude_c,218,0.96484375,1
iterative,claude_c,219,0.97328125,1
iterative,claude_c,220,0.97890625,1
iterative,claude_c,221,0.97328125,1
iterative,claude_c,222,0.96203125,1
iterative,claude_c,223,0.0,0
iterative,claude_c,224,0.9746875,1
iterative,claude_c,225,0.97046875,1
iterative,claude_c,226,0.971875,1
iterative,claude_c,227,0.9803125,1
iterative,claude_c,228,0.96484375,1
iterative,claude_c,229,0.9690625,1
iterative,claude_c,230,0.9690625,1
iterative,claude_c,231,0.0,0
iterative,claude_c,232,0.971875,1
iterative,claude_c,233,0.97046875,1
iterative,claude_c,234,0.97328125,1
iterative,claude_c,235,0.97890625,1
iterative,claude_c,236,0.97046875,1
iterative,claude_c,237,0.9803125,1
iterative,claude_c,238,0.96625,1
iterative,claude_c,239,0.97046875,1
iterative,claude_c,240,0.97046875,1
iterative,claude_c,241,0.9746875,1
iterative,claude_c,242,0.9803125,1
iterative,claude_c,243,0.97890625,1
iterative,claude_c,244,0.971875,1
iterative,claude_c,245,0.97609375,1
iterative,claude_c,246,0.971875,1
iterative,claude_c,247,0.9746875,1
iterative,claude_c,248,0.96625,1
iterative,claude_c,249,0.9634375,1
iterative,claude_c,250,0.9746875,1
iterative,claude_c,251,0.97046875,1
iterative,claude_c,252,0.96765625,1
iterative,claude_c,253,0.9775,1
iterative,claude_c,254,0.97046875,1
iterative,claude_c,255,0.97046875,1
iterative,claude_c,256,0.971875,1
iterative,claude_c,257,0.983125,1
iterative,claude_c,258,0.9775,1
iterative,claude_c,259,0.9775,1
iterative,claude_c,260,0.9578125,1
iterative,claude_c,261,0.97046875,1
iterative,claude_c,262,0.97046875,1
iterative,claude_c,263,0.97890625,1
iterative,claude_c,264,0.9746875,1
iterative,claude_c,265,0.9690625,1
iterative,claude_c,266,0.971875,1
iterative,claude_c,267,0.9634375,1
iterative,claude_c,268,0.9690625,1
iterative,claude_c,269,0.96484375,1
iterative,claude_c,270,0.983125,1
iterative,claude_c,271,0.983125,1
iterative,claude_c,272,0.971875,1
iterative,claude_c,273,0.0,0
iterative,claude_c,274,0.0,0
iterative,claude_c,275,0.97328125,1
iterative,claude_c,276,0.9746875,1
iterative,claude_c,277,0.97046875,1
iterative,claude_c,278,0.98171875,1
iterative,claude_c,279,0.971875,1
iterative,claude_c,280,0.97046875,1
iterative,claude_c,281,0.971875,1
iterative,claude_c,282,0.98171875,1
iterative,claude_c,283,0.9690625,1
iterative,claude_c,284,0.9775,1
iterative,claude_c,285,0.971875,1
iterative,claude_c,286,0.97046875,1
iterative,claude_c,287,0.9746875,1
iterative,claude_c,288,0.0,0
iterative,claude_c,289,0.97046875,1
iterative,claude_c,290,0.96625,1
iterative,claude_c,291,0.9775,1
iterative,claude_c,292,0.97046875,1
iterative,claude_c,293,0.0,0
iterative,claude_c,294,0.0,0
iterative,claude_c,295,0.9746875,1
iterative,claude_c,296,0.97890625,1
iterative,claude_c,297,0.9775,1
iterative,claude_c,298,0.97890625,1
iterative,claude_c,299,0.9746875,1
iterative,claude_c,300,0.97890625,1
iterative,claude_c,301,0.97890625,1
iterative,claude_c,302,0.971875,1
iterative,claude_c,303,0.97609375,1
iterative,claude_c,304,0.9690625,1
iterative,claude_c,305,0.96484375,1
iterative,claude_c,306,0.97890625,1
iterative,claude_c,307,0.96765625,1
iterative,claude_c,308,0.97046875,1
iterative,claude_c,309,0.96765625,1
iterative,claude_c,310,0.97328125,1
iterative,claude_c,311,0.97328125,1
iterative,claude_c,312,0.971875,1
iterative,claude_c,313,0.96484375,1
iterative,claude_c,314,0.97328125,1
iterative,claude_c,315,0.9690625,1
iterative,claude_c,316,0.0,0
iterative,claude_c,317,0.97890625,1
iterative,claude_c,318,0.9746875,1
iterative,claude_c,319,0.96484375,1
iterative,claude_c,320,0.0,0
iterative,claude_c,321,0.97609375,1
iterative,claude_c,322,0.97328125,1
iterative,claude_c,323,0.9690625,1
iterative,claude_c,324,0.971875,1
iterative,claude_c,325,0.97046875,1
iterative,claude_c,326,0.97328125,1
iterative,claude_c,327,0.96765625,1
iterative,claude_c,328,0.983125,1
iterative,claude_c,329,0.97328125,1
iterative,claude_c,330,0.97046875,1
iterative,claude_c,331,0.9746875,1
iterative,claude_c,332,0.9746875,1
iterative,claude_c,333,0.0,0
iterative,claude_c,334,0.97609375,1
iterative,claude_c,335,0.97890625,1
iterative,claude_c,336,0.96765625,1
iterative,claude_c,337,0.9775,1
iterative,claude_c,338,0.9690625,1
iterative,claude_c,339,0.983125,1
iterative,claude_c,340,0.9690625,1
iterative,claude_c,341,0.9803125,1
iterative,claude_c,342,0.96484375,1
iterative,claude_c,343,0.0,0
iterative,claude_c,344,0.97890625,1
iterative,claude_c,345,0.96765625,1
iterative,claude_c,346,0.96765625,1
iterative,claude_c,347,0.97609375,1
iterative,claude_c,348,0.97328125,1
iterative,claude_c,349,0.96765625,1
iterative,claude_c,350,0.9746875,1
iterative,claude_c,351,0.97890625,1
iterative,claude_c,352,0.983125,1
iterative,claude_c,353,0.9746875,1
iterative,claude_c,354,0.971875,1
iterative,claude_c,355,0.96765625,1
iterative,claude_c,356,0.97890625,1
iterative,claude_c,357,0.97609375,1
iterative,claude_c,358,0.96765625,1
iterative,claude_c,359,0.97328125,1
iterative,claude_c,360,0.9690625,1
iterative,claude_c,361,0.9690625,1
iterative,claude_c,362,0.971875,1
iterative,claude_c,363,0.97046875,1
iterative,claude_c,364,0.971875,1
iterative,claude_c,365,0.9803125,1
iterative,claude_c,366,0.9803125,1
iterative,claude_c,367,0.96625,1
iterative,claude_c,368,0.9775,1
iterative,claude_c,369,0.98171875,1
iterative,claude_c,370,0.9746875,1
iterative,claude_c,371,0.983125,1
iterative,claude_c,372,0.9746875,1
iterative,claude_c,373,0.96765625,1
iterative,claude_c,374,0.9746875,1
iterative,claude_c,375,0.9803125,1
iterative,claude_c,376,0.96765625,1
iterative,claude_c,377,0.97890625,1
iterative,claude_c,378,0.9690625,1
iterative,claude_c,379,0.96625,1
iterative,claude_c,380,0.9690625,1
iterative,claude_c,381,0.97328125,1
iterative,claude_c,382,0.0,0
iterative,claude_c,383,0.9775,1
iterative,claude_c,384,0.9775,1
iterative,claude_c,385,0.9746875,1
iterative,claude_c,386,0.96765625,1
iterative,claude_c,387,0.97609375,1
iterative,claude_c,388,0.96765625,1
iterative,claude_c,389,0.971875,1
iterative,claude_c,390,0.97046875,1
iterative,claude_c,391,0.0,0
iterative,claude_c,392,0.9690625,1
iterative,claude_c,393,0.971875,1
iterative,claude_c,394,0.97046875,1
iterative,claude_c,395,0.97890625,1
iterative,claude_c,396,0.971875,1
iterative,claude_c,397,0.97328125,1
iterative,claude_c,398,0.0,0
iterative,claude_c,399,0.983125,1
iterative,claude_c,400,0.97328125,1
iterative,claude_c,401,0.9803125,1
iterative,claude_c,402,0.97609375,1
iterative,claude_c,403,0.0,0
iterative,claude_c,404,0.98453125,1
iterative,claude_c,405,0.0,0
iterative,claude_c,406,0.971875,1
iterative,claude_c,407,0.0,0
iterative,claude_c,408,0.96625,1
iterative,claude_c,409,0.0,0
iterative,claude_c,410,0.97890625,1
iterative,claude_c,411,0.97328125,1
iterative,claude_c,412,0.983125,1
iterative,claude_c,413,0.97046875,1
iterative,claude_c,414,0.9775,1
iterative,claude_c,415,0.96625,1
iterative,claude_c,416,0.96625,1
iterative,claude_c,417,0.97890625,1
iterative,claude_c,418,0.9775,1
iterative,claude_c,419,0.9690625,1
iterative,claude_c,420,0.9775,1
iterative,claude_c,421,0.9746875,1
iterative,claude_c,422,0.9775,1
iterative,claude_c,423,0.971875,1
iterative,claude_c,424,0.983125,1
iterative,claude_c,425,0.9803125,1
iterative,claude_c,426,0.0,0
iterative,claude_c,427,0.97609375,1
iterative,claude_c,428,0.97890625,1
iterative,claude_c,429,0.97890625,1
iterative,claude_c,430,0.9775,1
iterative,claude_c,431,0.97328125,1
iterative,claude_c,432,0.97046875,1
iterative,claude_c,433,0.9746875,1
iterative,claude_c,434,0.971875,1
iterative,claude_c,435,0.9634375,1
iterative,claude_c,436,0.97328125,1
iterative,claude_c,437,0.983125,1
iterative,claude_c,438,0.97609375,1
iterative,claude_c,439,0.98453125,1
iterative,claude_c,440,0.9803125,1
iterative,claude_c,441,0.971875,1
iterative,claude_c,442,0.9746875,1
iterative,claude_c,443,0.97328125,1
iterative,claude_c,444,0.97328125,1
iterative,claude_c,445,0.97046875,1
iterative,claude_c,446,0.9803125,1
iterative,claude_c,447,0.9775,1
iterative,claude_c,448,0.98453125,1
iterative,claude_c,449,0.96765625,1
iterative,claude_c,450,0.9775,1
iterative,claude_c,451,0.96484375,1
iterative,claude_c,452,0.97890625,1
iterative,claude_c,453,0.97609375,1
iterative,claude_c,454,0.9690625,1
iterative,claude_c,455,0.97609375,1
iterative,claude_c,456,0.97046875,1
iterative,claude_c,457,0.9775,1
iterative,claude_c,458,0.96765625,1
iterative,claude_c,459,0.9690625,1
iterative,claude_c,460,0.97890625,1
iterative,claude_c,461,0.97328125,1
iterative,claude_c,462,0.97328125,1
iterative,claude_c,463,0.9690625,1
iterative,claude_c,464,0.971875,1
iterative,claude_c,465,0.97890625,1
iterative,claude_c,466,0.9690625,1
iterative,claude_c,467,0.97046875,1
iterative,claude_c,468,0.0,0
iterative,claude_c,469,0.971875,1
iterative,claude_c,470,0.9746875,1
iterative,claude_c,471,0.96625,1
iterative,claude_c,472,0.9690625,1
iterative,claude_c,473,0.97609375,1
iterative,claude_c,474,0.97609375,1
iterative,claude_c,475,0.0,0
iterative,claude_c,476,0.96484375,1
iterative,claude_c,477,0.9775,1
iterative,claude_c,478,0.971875,1
iterative,claude_c,479,0.9803125,1
iterative,claude_c,480,0.971875,1
iterative,claude_c,481,0.9690625,1
iterative,claude_c,482,0.971875,1
iterative,claude_c,483,0.0,0
iterative,claude_c,484,0.96765625,1
iterative,claude_c,485,0.98171875,1
iterative,claude_c,486,0.97328125,1
iterative,claude_c,487,0.9690625,1
iterative,claude_c,488,0.96484375,1
iterative,claude_c,489,0.97046875,1
iterative,claude_c,490,0.96484375,1
iterative,claude_c,491,0.9803125,1
iterative,claude_c,492,0.971875,1
iterative,claude_c,493,0.9746875,1
iterative,claude_c,494,0.9746875,1
iterative,claude_c,495,0.96765625,1
iterative,claude_c,496,0.97328125,1
iterative,claude_c,497,0.0,0
iterative,claude_c,498,0.9803125,1
iterative,claude_c,499,0.0,0
iterative,claude_c,500,0.9746875,1
iterative,claude_c,501,0.0,0
iterative,claude_c,502,0.9746875,1
iterative,claude_c,503,0.9746875,1
iterative,claude_c,504,0.9775,1
iterative,claude_c,505,0.98171875,1
iterative,claude_c,506,0.98171875,1
iterative,claude_c,507,0.9690625,1
iterative,claude_c,508,0.971875,1
iterative,claude_c,509,0.98171875,1
iterative,claude_c,510,0.97890625,1
iterative,claude_c,511,0.9634375,1
iterative,claude_c,512,0.9775,1
iterative,claude_c,513,0.97890625,1
iterative,claude_c,514,0.97890625,1
iterative,claude_c,515,0.971875,1
iterative,claude_c,516,0.9746875,1
iterative,claude_c,517,0.96765625,1
iterative,claude_c,518,0.971875,1
iterative,claude_c,519,0.96625,1
iterative,claude_c,520,0.9690625,1
iterative,claude_c,521,0.9746875,1
iterative,claude_c,522,0.0,0
iterative,claude_c,523,0.971875,1
iterative,claude_c,524,0.97328125,1
iterative,claude_c,525,0.97609375,1
iterative,claude_c,526,0.97328125,1
iterative,claude_c,527,0.98453125,1
iterative,claude_c,528,0.0,0
iterative,claude_c,529,0.97890625,1
iterative,claude_c,530,0.9690625,1
iterative,claude_c,531,0.97046875,1
iterative,claude_c,532,0.97046875,1
iterative,claude_c,533,0.971875,1
iterative,claude_c,534,0.96484375,1
iterative,claude_c,535,0.0,0
iterative,claude_c,536,0.97609375,1
iterative,claude_c,537,0.96625,1
iterative,claude_c,538,0.97609375,1
iterative,claude_c,539,0.96625,1
iterative,claude_c,540,0.97328125,1
iterative,claude_c,541,0.9690625,1
iterative,claude_c,542,0.9803125,1
iterative,claude_c,543,0.9803125,1
iterative,claude_c,544,0.97328125,1
iterative,claude_c,545,0.0,0
iterative,claude_c,546,0.971875,1
iterative,claude_c,547,0.98453125,1
iterative,claude_c,548,0.9775,1
iterative,claude_c,549,0.97046875,1
iterative,claude_c,550,0.97328125,1
iterative,claude_c,551,0.9775,1
iterative,claude_c,552,0.9775,1
iterative,claude_c,553,0.9746875,1
iterative,claude_c,554,0.9775,1
iterative,claude_c,555,0.97609375,1
iterative,claude_c,556,0.97890625,1
iterative,claude_c,557,0.9746875,1
iterative,claude_c,558,0.96484375,1
iterative,claude_c,559,0.97890625,1
iterative,claude_c,560,0.97890625,1
iterative,claude_c,561,0.97609375,1
iterative,claude_c,562,0.97890625,1
iterative,claude_c,563,0.0,0
iterative,claude_c,564,0.97609375,1
iterative,claude_c,565,0.971875,1
iterative,claude_c,566,0.97609375,1
iterative,claude_c,567,0.9803125,1
iterative,claude_c,568,0.97609375,1
iterative,claude_c,569,0.97890625,1
iterative,claude_c,570,0.971875,1
iterative,claude_c,571,0.971875,1
iterative,claude_c,572,0.971875,1
iterative,claude_c,573,0.97328125,1
iterative,claude_c,574,0.971875,1
iterative,claude_c,575,0.98171875,1
iterative,claude_c,576,0.97046875,1
iterative,claude_c,577,0.97046875,1
iterative,claude_c,578,0.971875,1
iterative,claude_c,579,0.97890625,1
iterative,claude_c,580,0.9775,1
iterative,claude_c,581,0.9775,1
iterative,claude_c,582,0.9803125,1
iterative,claude_c,583,0.97046875,1
iterative,claude_c,584,0.98171875,1
iterative,claude_c,585,0.0,0
iterative,claude_c,586,0.971875,1
iterative,claude_c,587,0.98453125,1
iterative,claude_c,588,0.97609375,1
iterative,claude_c,589,0.97046875,1
iterative,claude_c,590,0.9690625,1
iterative,claude_c,591,0.971875,1
iterative,claude_c,592,0.9690625,1
iterative,claude_c,593,0.98171875,1
iterative,claude_c,594,0.97046875,1
iterative,claude_c,595,0.9775,1
iterative,claude_c,596,0.960625,1
iterative,claude_c,597,0.97046875,1
iterative,claude_c,598,0.9775,1
iterative,claude_c,599,0.97609375,1
iterative,claude_c,600,0.98171875,1
iterative,claude_c,601,0.96625,1
iterative,claude_c,602,0.0,0
iterative,claude_c,603,0.97609375,1
iterative,claude_c,604,0.0,0
iterative,claude_c,605,0.9803125,1
iterative,claude_c,606,0.9775,1
iterative,claude_c,607,0.96765625,1
iterative,claude_c,608,0.9775,1
iterative,claude_c,609,0.97328125,1
iterative,claude_c,610,0.9690625,1
iterative,claude_c,611,0.9634375,1
iterative,claude_c,612,0.97609375,1
iterative,claude_c,613,0.98171875,1
iterative,claude_c,614,0.97328125,1
iterative,claude_c,615,0.0,0
iterative,claude_c,616,0.0,0
iterative,claude_c,617,0.98171875,1
iterative,claude_c,618,0.97046875,1
iterative,claude_c,619,0.97609375,1
iterative,claude_c,620,0.97328125,1
iterative,claude_c,621,0.96765625,1
iterative,claude_c,622,0.9775,1
iterative,claude_c,623,0.97890625,1
iterative,claude_c,624,0.97609375,1
iterative,claude_c,625,0.971875,1
iterative,claude_c,626,0.97328125,1
iterative,claude_c,627,0.9775,1
iterative,claude_c,628,0.97609375,1
iterative,claude_c,629,0.96484375,1
iterative,claude_c,630,0.96765625,1
iterative,claude_c,631,0.98171875,1
iterative,claude_c,632,0.97046875,1
iterative,claude_c,633,0.97328125,1
iterative,claude_c,634,0.9690625,1
iterative,claude_c,635,0.983125,1
iterative,claude_c,636,0.97046875,1
iterative,claude_c,637,0.97046875,1
iterative,claude_c,638,0.97609375,1
iterative,claude_c,639,0.97328125,1
iterative,claude_c,640,0.97609375,1
iterative,claude_c,641,0.0,0
iterative,claude_c,642,0.9746875,1
iterative,claude_c,643,0.9775,1
iterative,claude_c,644,0.96625,1
iterative,claude_c,645,0.9775,1
iterative,claude_c,646,0.9775,1
iterative,claude_c,647,0.0,0
iterative,claude_c,648,0.0,0
iterative,claude_c,649,0.971875,1
iterative,claude_c,650,0.97046875,1
iterative,claude_c,651,0.98734375,1
iterative,claude_c,652,0.97328125,1
iterative,claude_c,653,0.97609375,1
iterative,claude_c,654,0.97890625,1
iterative,claude_c,655,0.0,0
iterative,claude_c,656,0.97328125,1
iterative,claude_c,657,0.971875,1
iterative,claude_c,658,0.97609375,1
iterative,claude_c,659,0.97890625,1
iterative,claude_c,660,0.97609375,1
iterative,claude_c,661,0.0,0
iterative,claude_c,662,0.96484375,1
iterative,claude_c,663,0.97046875,1
iterative,claude_c,664,0.96625,1
iterative,claude_c,665,0.97046875,1
iterative,claude_c,666,0.9803125,1
iterative,claude_c,667,0.98453125,1
iterative,claude_c,668,0.97046875,1
iterative,claude_c,669,0.0,0
iterative,claude_c,670,0.9859375,1
iterative,claude_c,671,0.9803125,1
iterative,claude_c,672,0.97890625,1
iterative,claude_c,673,0.97609375,1
iterative,claude_c,674,0.9634375,1
iterative,claude_c,675,0.96625,1
iterative,claude_c,676,0.98171875,1
iterative,claude_c,677,0.9775,1
iterative,claude_c,678,0.9775,1
iterative,claude_c,679,0.97609375,1
iterative,claude_c,680,0.96484375,1
iterative,claude_c,681,0.97609375,1
iterative,claude_c,682,0.97328125,1
iterative,claude_c,683,0.971875,1
iterative,claude_c,684,0.971875,1
iterative,claude_c,685,0.96765625,1
iterative,claude_c,686,0.9634375,1
iterative,claude_c,687,0.9634375,1
iterative,claude_c,688,0.97328125,1
iterative,claude_c,689,0.97890625,1
iterative,claude_c,690,0.0,0
iterative,claude_c,691,0.0,0
iterative,claude_c,692,0.971875,1
iterative,claude_c,693,0.97890625,1
iterative,claude_c,694,0.9690625,1
iterative,claude_c,695,0.9775,1
iterative,claude_c,696,0.9746875,1
iterative,claude_c,697,0.97609375,1
iterative,claude_c,698,0.0,0
iterative,claude_c,699,0.9690625,1
iterative,claude_c,700,0.971875,1
iterative,claude_c,701,0.97609375,1
iterative,claude_c,702,0.9775,1
iterative,claude_c,703,0.9634375,1
iterative,claude_c,704,0.96625,1
iterative,claude_c,705,0.97609375,1
iterative,claude_c,706,0.97890625,1
iterative,claude_c,707,0.96484375,1
iterative,claude_c,708,0.97890625,1
iterative,claude_c,709,0.971875,1
iterative,claude_c,710,0.971875,1
iterative,claude_c,711,0.96765625,1
iterative,claude_c,712,0.9746875,1
iterative,claude_c,713,0.97046875,1
iterative,claude_c,714,0.9746875,1
iterative,claude_c,715,0.97609375,1
iterative,claude_c,716,0.96765625,1
iterative,claude_c,717,0.9803125,1
iterative,claude_c,718,0.971875,1
iterative,claude_c,719,0.9803125,1
iterative,claude_c,720,0.9690625,1
iterative,claude_c,721,0.9746875,1
iterative,claude_c,722,0.97046875,1
iterative,claude_c,723,0.96484375,1
iterative,claude_c,724,0.9803125,1
iterative,claude_c,725,0.9775,1
iterative,claude_c,726,0.9775,1
iterative,claude_c,727,0.9803125,1
iterative,claude_c,728,0.96203125,1
iterative,claude_c,729,0.0,0
iterative,claude_c,730,0.9746875,1
iterative,claude_c,731,0.9775,1
iterative,claude_c,732,0.97046875,1
iterative,claude_c,733,0.0,0
iterative,claude_c,734,0.97328125,1
iterative,claude_c,735,0.0,0
iterative,claude_c,736,0.9746875,1
iterative,claude_c,737,0.9746875,1
iterative,claude_c,738,0.983125,1
iterative,claude_c,739,0.9746875,1
iterative,claude_c,740,0.97609375,1
iterative,claude_c,741,0.97328125,1
iterative,claude_c,742,0.971875,1
iterative,claude_c,743,0.97328125,1
iterative,claude_c,744,0.9634375,1
iterative,claude_c,745,0.96625,1
iterative,claude_c,746,0.9803125,1
iterative,claude_c,747,0.0,0
iterative,claude_c,748,0.0,0
iterative,claude_c,749,0.9775,1
iterative,claude_c,750,0.9746875,1
iterative,claude_c,751,0.971875,1
iterative,claude_c,752,0.9803125,1
iterative,claude_c,753,0.96625,1
iterative,claude_c,754,0.97328125,1
iterative,claude_c,755,0.971875,1
iterative,claude_c,756,0.97328125,1
iterative,claude_c,757,0.97890625,1
iterative,claude_c,758,0.97890625,1
iterative,claude_c,759,0.97609375,1
iterative,claude_c,760,0.9690625,1
iterative,claude_c,761,0.97609375,1
iterative,claude_c,762,0.9746875,1
iterative,claude_c,763,0.9746875,1
iterative,claude_c,764,0.0,0
iterative,claude_c,765,0.96625,1
iterative,claude_c,766,0.97609375,1
iterative,claude_c,767,0.971875,1
iterative,claude_c,768,0.9746875,1
iterative,claude_c,769,0.97046875,1
iterative,claude_c,770,0.0,0
iterative,claude_c,771,0.98171875,1
iterative,claude_c,772,0.0,0
iterative,claude_c,773,0.0,0
iterative,claude_c,774,0.9775,1
iterative,claude_c,775,0.9746875,1
iterative,claude_c,776,0.9746875,1
iterative,claude_c,777,0.97890625,1
iterative,claude_c,778,0.9775,1
iterative,claude_c,779,0.9690625,1
iterative,claude_c,780,0.9746875,1
iterative,claude_c,781,0.97609375,1
iterative,claude_c,782,0.97609375,1
iterative,claude_c,783,0.971875,1
iterative,claude_c,784,0.971875,1
iterative,claude_c,785,0.96203125,1
iterative,claude_c,786,0.9690625,1
iterative,claude_c,787,0.9746875,1
iterative,claude_c,788,0.9690625,1
iterative,claude_c,789,0.97328125,1
iterative,claude_c,790,0.971875,1
iterative,claude_c,791,0.9746875,1
iterative,claude_c,792,0.9775,1
iterative,claude_c,793,0.971875,1
iterative,claude_c,794,0.97609375,1
iterative,claude_c,795,0.96765625,1
iterative,claude_c,796,0.97046875,1
iterative,claude_c,797,0.97328125,1
iterative,claude_c,798,0.97890625,1
iterative,claude_c,799,0.0,0
iterative,claude_c,800,0.97890625,1
iterative,claude_c,801,0.960625,1
iterative,claude_c,802,0.9775,1
iterative,claude_c,803,0.97890625,1
iterative,claude_c,804,0.0,0
iterative,claude_c,805,0.9746875,1
iterative,claude_c,806,0.96484375,1
iterative,claude_c,807,0.97890625,1
iterative,claude_c,808,0.97328125,1
iterative,claude_c,809,0.9690625,1
iterative,claude_c,810,0.971875,1
iterative,claude_c,811,0.0,0
iterative,claude_c,812,0.97890625,1
iterative,claude_c,813,0.971875,1
iterative,claude_c,814,0.9746875,1
iterative,claude_c,815,0.9775,1
iterative,claude_c,816,0.971875,1
iterative,claude_c,817,0.983125,1
iterative,claude_c,818,0.96625,1
iterative,claude_c,819,0.9690625,1
iterative,claude_c,820,0.98453125,1
iterative,claude_c,821,0.97328125,1
iterative,claude_c,822,0.9746875,1
iterative,claude_c,823,0.9746875,1
iterative,claude_c,824,0.96484375,1
iterative,claude_c,825,0.97328125,1
iterative,claude_c,826,0.97328125,1
iterative,claude_c,827,0.971875,1
iterative,claude_c,828,0.97046875,1
iterative,claude_c,829,0.98171875,1
iterative,claude_c,830,0.9803125,1
iterative,claude_c,831,0.9746875,1
iterative,claude_c,832,0.9803125,1
iterative,claude_c,833,0.9775,1
iterative,claude_c,834,0.97046875,1
iterative,claude_c,835,0.9690625,1
iterative,claude_c,836,0.97328125,1
iterative,claude_c,837,0.97328125,1
iterative,claude_c,838,0.9775,1
iterative,claude_c,839,0.98171875,1
iterative,claude_c,840,0.9746875,1
iterative,claude_c,841,0.98171875,1
iterative,claude_c,842,0.9746875,1
iterative,claude_c,843,0.0,0
iterative,claude_c,844,0.9690625,1
iterative,claude_c,845,0.97609375,1
iterative,claude_c,846,0.96625,1
iterative,claude_c,847,0.97890625,1
iterative,claude_c,848,0.9690625,1
iterative,claude_c,849,0.96484375,1
iterative,claude_c,850,0.96484375,1
iterative,claude_c,851,0.960625,1
iterative,claude_c,852,0.9775,1
iterative,claude_c,853,0.9803125,1
iterative,claude_c,854,0.97046875,1
iterative,claude_c,855,0.0,0
iterative,claude_c,856,0.9746875,1
iterative,claude_c,857,0.971875,1
iterative,claude_c,858,0.9775,1
iterative,claude_c,859,0.0,0
iterative,claude_c,860,0.98453125,1
iterative,claude_c,861,0.97328125,1
iterative,claude_c,862,0.97046875,1
iterative,claude_c,863,0.0,0
iterative,claude_c,864,0.97046875,1
iterative,claude_c,865,0.0,0
iterative,claude_c,866,0.9746875,1
iterative,claude_c,867,0.9775,1
iterative,claude_c,868,0.97609375,1
iterative,claude_c,869,0.97609375,1
iterative,claude_c,870,0.9746875,1
iterative,claude_c,871,0.9803125,1
iterative,claude_c,872,0.96484375,1
iterative,claude_c,873,0.971875,1
iterative,claude_c,874,0.9775,1
iterative,claude_c,875,0.9690625,1
iterative,claude_c,876,0.96765625,1
iterative,claude_c,877,0.97890625,1
iterative,claude_c,878,0.97328125,1
iterative,claude_c,879,0.9775,1
iterative,claude_c,880,0.9746875,1
iterative,claude_c,881,0.96484375,1
iterative,claude_c,882,0.9803125,1
iterative,claude_c,883,0.97890625,1
iterative,claude_c,884,0.97609375,1
iterative,claude_c,885,0.96484375,1
iterative,claude_c,886,0.96625,1
iterative,claude_c,887,0.9746875,1
iterative,claude_c,888,0.96765625,1
iterative,claude_c,889,0.9690625,1
iterative,claude_c,890,0.0,0
iterative,claude_c,891,0.97609375,1
iterative,claude_c,892,0.96203125,1
iterative,claude_c,893,0.9690625,1
iterative,claude_c,894,0.97046875,1
iterative,claude_c,895,0.98171875,1
iterative,claude_c,896,0.9775,1
iterative,claude_c,897,0.97890625,1
iterative,claude_c,898,0.97609375,1
iterative,claude_c,899,0.9746875,1
iterative,claude_c,900,0.96765625,1
iterative,claude_c,901,0.97046875,1
iterative,claude_c,902,0.9746875,1
iterative,claude_c,903,0.9746875,1
iterative,claude_c,904,0.9775,1
iterative,claude_c,905,0.97328125,1
iterative,claude_c,906,0.96484375,1
iterative,claude_c,907,0.97046875,1
iterative,claude_c,908,0.97609375,1
iterative,claude_c,909,0.971875,1
iterative,claude_c,910,0.97328125,1
iterative,claude_c,911,0.9746875,1
iterative,claude_c,912,0.0,0
iterative,claude_c,913,0.0,0
iterative,claude_c,914,0.9690625,1
iterative,claude_c,915,0.98734375,1
iterative,claude_c,916,0.96203125,1
iterative,claude_c,917,0.971875,1
iterative,claude_c,918,0.9746875,1
iterative,claude_c,919,0.971875,1
iterative,claude_c,920,0.97046875,1
iterative,claude_c,921,0.971875,1
iterative,claude_c,922,0.97328125,1
iterative,claude_c,923,0.971875,1
iterative,claude_c,924,0.0,0
iterative,claude_c,925,0.96625,1
iterative,claude_c,926,0.96484375,1
iterative,claude_c,927,0.98171875,1
iterative,claude_c,928,0.97609375,1
iterative,claude_c,929,0.971875,1
iterative,claude_c,930,0.9775,1
iterative,claude_c,931,0.97609375,1
iterative,claude_c,932,0.97890625,1
iterative,claude_c,933,0.9746875,1
iterative,claude_c,934,0.97046875,1
iterative,claude_c,935,0.97890625,1
iterative,claude_c,936,0.97328125,1
iterative,claude_c,937,0.9746875,1
iterative,claude_c,938,0.97328125,1
iterative,claude_c,939,0.9803125,1
iterative,claude_c,940,0.97328125,1
iterative,claude_c,941,0.98171875,1
iterative,claude_c,942,0.9803125,1
iterative,claude_c,943,0.97328125,1
iterative,claude_c,944,0.97046875,1
iterative,claude_c,945,0.9746875,1
iterative,claude_c,946,0.9634375,1
iterative,claude_c,947,0.9775,1
iterative,claude_c,948,0.96765625,1
iterative,claude_c,949,0.96765625,1
iterative,claude_c,950,0.9803125,1
iterative,claude_c,951,0.97328125,1
iterative,claude_c,952,0.97046875,1
iterative,claude_c,953,0.97328125,1
iterative,claude_c,954,0.9803125,1
iterative,claude_c,955,0.97328125,1
iterative,claude_c,956,0.9634375,1
iterative,claude_c,957,0.97609375,1
iterative,claude_c,958,0.97609375,1
iterative,claude_c,959,0.96765625,1
iterative,claude_c,960,0.9775,1
iterative,claude_c,961,0.0,0
iterative,claude_c,962,0.971875,1
iterative,claude_c,963,0.97609375,1
iterative,claude_c,964,0.983125,1
iterative,claude_c,965,0.96765625,1
iterative,claude_c,966,0.971875,1
iterative,claude_c,967,0.97328125,1
iterative,claude_c,968,0.971875,1
iterative,claude_c,969,0.971875,1
iterative,claude_c,970,0.0,0
iterative,claude_c,971,0.0,0
iterative,claude_c,972,0.97890625,1
iterative,claude_c,973,0.971875,1
iterative,claude_c,974,0.9775,1
iterative,claude_c,975,0.9690625,1
iterative,claude_c,976,0.9775,1
iterative,claude_c,977,0.96625,1
iterative,claude_c,978,0.983125,1
iterative,claude_c,979,0.9746875,1
iterative,claude_c,980,0.9803125,1
iterative,claude_c,981,0.95640625,1
iterative,claude_c,982,0.96625,1
iterative,claude_c,983,0.96203125,1
iterative,claude_c,984,0.97890625,1
iterative,claude_c,985,0.9746875,1
iterative,claude_c,986,0.97890625,1
iterative,claude_c,987,0.0,0
iterative,claude_c,988,0.97609375,1
iterative,claude_c,989,0.96625,1
iterative,claude_c,990,0.97609375,1
iterative,claude_c,991,0.97046875,1
iterative,claude_c,992,0.0,0
iterative,claude_c,993,0.97046875,1
iterative,claude_c,994,0.9803125,1
iterative,claude_c,995,0.9775,1
iterative,claude_c,996,0.97609375,1
iterative,claude_c,997,0.9746875,1
iterative,claude_c,998,0.97046875,1
iterative,claude_c,999,0.97046875,1
iterative,o1_b,0,0.97609375,1
iterative,o1_b,1,0.9690625,1
iterative,o1_b,2,0.9690625,1
iterative,o1_b,3,0.9746875,1
iterative,o1_b,4,0.97890625,1
iterative,o1_b,5,0.9775,1
iterative,o1_b,6,0.983125,1
iterative,o1_b,7,0.9775,1
iterative,o1_b,8,0.96484375,1
iterative,o1_b,9,0.97890625,1
iterative,o1_b,10,0.98453125,1
iterative,o1_b,11,0.9775,1
iterative,o1_b,12,0.9775,1
iterative,o1_b,13,0.96625,1
iterative,o1_b,14,0.97046875,1
iterative,o1_b,15,0.971875,1
iterative,o1_b,16,0.97890625,1
iterative,o1_b,17,0.96765625,1
iterative,o1_b,18,0.97890625,1
iterative,o1_b,19,0.9803125,1
iterative,o1_b,20,0.97609375,1
iterative,o1_b,21,0.98171875,1
iterative,o1_b,22,0.97046875,1
iterative,o1_b,23,0.971875,1
iterative,o1_b,24,0.97046875,1
iterative,o1_b,25,0.9746875,1
iterative,o1_b,26,0.97046875,1
iterative,o1_b,27,0.97890625,1
iterative,o1_b,28,0.97890625,1
iterative,o1_b,29,0.9746875,1
iterative,o1_b,30,0.96484375,1
iterative,o1_b,31,0.9746875,1
iterative,o1_b,32,0.97046875,1
iterative,o1_b,33,0.9775,1
iterative,o1_b,34,0.971875,1
iterative,o1_b,35,0.97609375,1
iterative,o1_b,36,0.97890625,1
iterative,o1_b,37,0.9746875,1
iterative,o1_b,38,0.9746875,1
iterative,o1_b,39,0.9690625,1
iterative,o1_b,40,0.96625,1
iterative,o1_b,41,0.9775,1
iterative,o1_b,42,0.97046875,1
iterative,o1_b,43,0.98453125,1
iterative,o1_b,44,0.97046875,1
iterative,o1_b,45,0.9775,1
iterative,o1_b,46,0.9746875,1
iterative,o1_b,47,0.9803125,1
iterative,o1_b,48,0.9690625,1
iterative,o1_b,49,0.97890625,1
iterative,o1_b,50,0.971875,1
iterative,o1_b,51,0.97046875,1
iterative,o1_b,52,0.9690625,1
iterative,o1_b,53,0.97609375,1
iterative,o1_b,54,0.98171875,1
iterative,o1_b,55,0.96765625,1
iterative,o1_b,56,0.98171875,1
iterative,o1_b,57,0.9803125,1
iterative,o1_b,58,0.9803125,1
iterative,o1_b,59,0.97328125,1
iterative,o1_b,60,0.97609375,1
iterative,o1_b,61,0.9746875,1
iterative,o1_b,62,0.97046875,1
iterative,o1_b,63,0.9746875,1
iterative,o1_b,64,0.96765625,1
iterative,o1_b,65,0.9803125,1
iterative,o1_b,66,0.97328125,1
iterative,o1_b,67,0.97328125,1
iterative,o1_b,68,0.971875,1
iterative,o1_b,69,0.9803125,1
iterative,o1_b,70,0.96484375,1
iterative,o1_b,71,0.98171875,1
iterative,o1_b,72,0.97890625,1
iterative,o1_b,73,0.971875,1
iterative,o1_b,74,0.97890625,1
iterative,o1_b,75,0.9775,1
iterative,o1_b,76,0.97609375,1
iterative,o1_b,77,0.971875,1
iterative,o1_b,78,0.97890625,1
iterative,o1_b,79,0.97890625,1
iterative,o1_b,80,0.96625,1
iterative,o1_b,81,0.9746875,1
iterative,o1_b,82,0.97890625,1
iterative,o1_b,83,0.97609375,1
iterative,o1_b,84,0.9775,1
iterative,o1_b,85,0.983125,1
iterative,o1_b,86,0.96484375,1
iterative,o1_b,87,0.97609375,1
iterative,o1_b,88,0.97890625,1
iterative,o1_b,89,0.9775,1
iterative,o1_b,90,0.96765625,1
iterative,o1_b,91,0.960625,1
iterative,o1_b,92,0.97609375,1
iterative,o1_b,93,0.971875,1
iterative,o1_b,94,0.97609375,1
iterative,o1_b,95,0.97890625,1
iterative,o1_b,96,0.971875,1
iterative,o1_b,97,0.9746875,1
iterative,o1_b,98,0.9746875,1
iterative,o1_b,99,0.97046875,1
iterative,o1_b,100,0.98453125,1
iterative,o1_b,101,0.971875,1
iterative,o1_b,102,0.96484375,1
iterative,o1_b,103,0.9746875,1
iterative,o1_b,104,0.97609375,1
iterative,o1_b,105,0.97609375,1
iterative,o1_b,106,0.971875,1
iterative,o1_b,107,0.97890625,1
iterative,o1_b,108,0.9775,1
iterative,o1_b,109,0.97609375,1
iterative,o1_b,110,0.9775,1
iterative,o1_b,111,0.97609375,1
iterative,o1_b,112,0.98171875,1
iterative,o1_b,113,0.9690625,1
iterative,o1_b,114,0.97890625,1
iterative,o1_b,115,0.97890625,1
iterative,o1_b,116,0.97609375,1
iterative,o1_b,117,0.96484375,1
iterative,o1_b,118,0.9775,1
iterative,o1_b,119,0.9746875,1
iterative,o1_b,120,0.97328125,1
iterative,o1_b,121,0.97046875,1
iterative,o1_b,122,0.9746875,1
iterative,o1_b,123,0.97890625,1
iterative,o1_b,124,0.97328125,1
iterative,o1_b,125,0.9775,1
iterative,o1_b,126,0.98453125,1
iterative,o1_b,127,0.97046875,1
iterative,o1_b,128,0.96625,1
iterative,o1_b,129,0.9690625,1
iterative,o1_b,130,0.97890625,1
iterative,o1_b,131,0.97609375,1
iterative,o1_b,132,0.9775,1
iterative,o1_b,133,0.9803125,1
iterative,o1_b,134,0.983125,1
iterative,o1_b,135,0.97046875,1
iterative,o1_b,136,0.971875,1
iterative,o1_b,137,0.9775,1
iterative,o1_b,138,0.971875,1
iterative,o1_b,139,0.97609375,1
iterative,o1_b,140,0.97328125,1
iterative,o1_b,141,0.98171875,1
iterative,o1_b,142,0.97328125,1
iterative,o1_b,143,0.97046875,1
iterative,o1_b,144,0.9803125,1
iterative,o1_b,145,0.97328125,1
iterative,o1_b,146,0.98171875,1
iterative,o1_b,147,0.97328125,1
iterative,o1_b,148,0.9746875,1
iterative,o1_b,149,0.97890625,1
iterative,o1_b,150,0.96203125,1
iterative,o1_b,151,0.9746875,1
iterative,o1_b,152,0.971875,1
iterative,o1_b,153,0.98453125,1
iterative,o1_b,154,0.97890625,1
iterative,o1_b,155,0.971875,1
iterative,o1_b,156,0.9775,1
iterative,o1_b,157,0.97046875,1
iterative,o1_b,158,0.96765625,1
iterative,o1_b,159,0.9634375,1
iterative,o1_b,160,0.9690625,1
iterative,o1_b,161,0.97328125,1
iterative,o1_b,162,0.98171875,1
iterative,o1_b,163,0.98171875,1
iterative,o1_b,164,0.97609375,1
iterative,o1_b,165,0.971875,1
iterative,o1_b,166,0.98734375,1
iterative,o1_b,167,0.9690625,1
iterative,o1_b,168,0.97328125,1
iterative,o1_b,169,0.9803125,1
iterative,o1_b,170,0.97890625,1
iterative,o1_b,171,0.97890625,1
iterative,o1_b,172,0.97890625,1
iterative,o1_b,173,0.98453125,1
iterative,o1_b,174,0.97328125,1
iterative,o1_b,175,0.96765625,1
iterative,o1_b,176,0.97328125,1
iterative,o1_b,177,0.971875,1
iterative,o1_b,178,0.9746875,1
iterative,o1_b,179,0.98171875,1
iterative,o1_b,180,0.97890625,1
iterative,o1_b,181,0.971875,1
iterative,o1_b,182,0.9746875,1
iterative,o1_b,183,0.97328125,1
iterative,o1_b,184,0.9775,1
iterative,o1_b,185,0.96765625,1
iterative,o1_b,186,0.97890625,1
iterative,o1_b,187,0.9746875,1
iterative,o1_b,188,0.97890625,1
iterative,o1_b,189,0.97609375,1
iterative,o1_b,190,0.9775,1
iterative,o1_b,191,0.97046875,1
iterative,o1_b,192,0.97609375,1
iterative,o1_b,193,0.97609375,1
iterative,o1_b,194,0.97609375,1
iterative,o1_b,195,0.97328125,1
iterative,o1_b,196,0.97609375,1
iterative,o1_b,197,0.9775,1
iterative,o1_b,198,0.97046875,1
iterative,o1_b,199,0.971875,1
iterative,o1_b,200,0.9775,1
iterative,o1_b,201,0.97328125,1
iterative,o1_b,202,0.971875,1
iterative,o1_b,203,0.96625,1
iterative,o1_b,204,0.96625,1
iterative,o1_b,205,0.97328125,1
iterative,o1_b,206,0.96484375,1
iterative,o1_b,207,0.97328125,1
iterative,o1_b,208,0.98453125,1
iterative,o1_b,209,0.96765625,1
iterative,o1_b,210,0.97328125,1
iterative,o1_b,211,0.971875,1
iterative,o1_b,212,0.971875,1
iterative,o1_b,213,0.9690625,1
iterative,o1_b,214,0.97890625,1
iterative,o1_b,215,0.983125,1
iterative,o1_b,216,0.9775,1
iterative,o1_b,217,0.971875,1
iterative,o1_b,218,0.97890625,1
iterative,o1_b,219,0.97328125,1
iterative,o1_b,220,0.97890625,1
iterative,o1_b,221,0.97328125,1
iterative,o1_b,222,0.96203125,1
iterative,o1_b,223,0.97890625,1
iterative,o1_b,224,0.9746875,1
iterative,o1_b,225,0.97046875,1
iterative,o1_b,226,0.9746875,1
iterative,o1_b,227,0.9803125,1
iterative,o1_b,228,0.97609375,1
iterative,o1_b,229,0.9690625,1
iterative,o1_b,230,0.9690625,1
iterative,o1_b,231,0.96625,1
iterative,o1_b,232,0.9746875,1
iterative,o1_b,233,0.97046875,1
iterative,o1_b,234,0.97328125,1
iterative,o1_b,235,0.97890625,1
iterative,o1_b,236,0.97046875,1
iterative,o1_b,237,0.9803125,1
iterative,o1_b,238,0.96625,1
iterative,o1_b,239,0.97046875,1
iterative,o1_b,240,0.97890625,1
iterative,o1_b,241,0.9746875,1
iterative,o1_b,242,0.9803125,1
iterative,o1_b,243,0.98453125,1
iterative,o1_b,244,0.9746875,1
iterative,o1_b,245,0.97609375,1
iterative,o1_b,246,0.9775,1
iterative,o1_b,247,0.9746875,1
iterative,o1_b,248,0.96625,1
iterative,o1_b,249,0.9634375,1
iterative,o1_b,250,0.9746875,1
iterative,o1_b,251,0.97046875,1
iterative,o1_b,252,0.97046875,1
iterative,o1_b,253,0.9775,1
iterative,o1_b,254,0.97046875,1
iterative,o1_b,255,0.97046875,1
iterative,o1_b,256,0.971875,1
iterative,o1_b,257,0.983125,1
iterative,o1_b,258,0.9775,1
iterative,o1_b,259,0.9775,1
iterative,o1_b,260,0.960625,1
iterative,o1_b,261,0.97328125,1
iterative,o1_b,262,0.97609375,1
iterative,o1_b,263,0.97890625,1
iterative,o1_b,264,0.9746875,1
iterative,o1_b,265,0.971875,1
iterative,o1_b,266,0.971875,1
iterative,o1_b,267,0.9634375,1
iterative,o1_b,268,0.9690625,1
iterative,o1_b,269,0.97609375,1
iterative,o1_b,270,0.983125,1
iterative,o1_b,271,0.983125,1
iterative,o1_b,272,0.971875,1
iterative,o1_b,273,0.97046875,1
iterative,o1_b,274,0.9746875,1
iterative,o1_b,275,0.97328125,1
iterative,o1_b,276,0.9775,1
iterative,o1_b,277,0.97046875,1
iterative,o1_b,278,0.98171875,1
iterative,o1_b,279,0.9775,1
iterative,o1_b,280,0.97328125,1
iterative,o1_b,281,0.971875,1
iterative,o1_b,282,0.98171875,1
iterative,o1_b,283,0.9690625,1
iterative,o1_b,284,0.9775,1
iterative,o1_b,285,0.971875,1
iterative,o1_b,286,0.97046875,1
iterative,o1_b,287,0.9775,1
iterative,o1_b,288,0.97046875,1
iterative,o1_b,289,0.97609375,1
iterative,o1_b,290,0.9690625,1
iterative,o1_b,291,0.9775,1
iterative,o1_b,292,0.97328125,1
iterative,o1_b,293,0.9746875,1
iterative,o1_b,294,0.97328125,1
iterative,o1_b,295,0.9746875,1
iterative,o1_b,296,0.97890625,1
iterative,o1_b,297,0.9775,1
iterative,o1_b,298,0.97890625,1
iterative,o1_b,299,0.9746875,1
iterative,o1_b,300,0.97890625,1
iterative,o1_b,301,0.97890625,1
iterative,o1_b,302,0.9746875,1
iterative,o1_b,303,0.97609375,1
iterative,o1_b,304,0.9690625,1
iterative,o1_b,305,0.97046875,1
iterative,o1_b,306,0.97890625,1
iterative,o1_b,307,0.97046875,1
iterative,o1_b,308,0.97046875,1
iterative,o1_b,309,0.96765625,1
iterative,o1_b,310,0.97328125,1
iterative,o1_b,311,0.97328125,1
iterative,o1_b,312,0.971875,1
iterative,o1_b,313,0.96484375,1
iterative,o1_b,314,0.97328125,1
iterative,o1_b,315,0.9690625,1
iterative,o1_b,316,0.971875,1
iterative,o1_b,317,0.97890625,1
iterative,o1_b,318,0.9746875,1
iterative,o1_b,319,0.97328125,1
iterative,o1_b,320,0.9775,1
iterative,o1_b,321,0.97609375,1
iterative,o1_b,322,0.97328125,1
iterative,o1_b,323,0.971875,1
iterative,o1_b,324,0.971875,1
iterative,o1_b,325,0.97046875,1
iterative,o1_b,326,0.97328125,1
iterative,o1_b,327,0.97328125,1
iterative,o1_b,328,0.983125,1
iterative,o1_b,329,0.97609375,1
iterative,o1_b,330,0.97046875,1
iterative,o1_b,331,0.9746875,1
iterative,o1_b,332,0.9746875,1
iterative,o1_b,333,0.9746875,1
iterative,o1_b,334,0.97609375,1
iterative,o1_b,335,0.97890625,1
iterative,o1_b,336,0.98171875,1
iterative,o1_b,337,0.9775,1
iterative,o1_b,338,0.971875,1
iterative,o1_b,339,0.983125,1
iterative,o1_b,340,0.9690625,1
iterative,o1_b,341,0.9803125,1
iterative,o1_b,342,0.97328125,1
iterative,o1_b,343,0.97609375,1
iterative,o1_b,344,0.97890625,1
iterative,o1_b,345,0.96765625,1
iterative,o1_b,346,0.96765625,1
iterative,o1_b,347,0.97609375,1
iterative,o1_b,348,0.97328125,1
iterative,o1_b,349,0.96765625,1
iterative,o1_b,350,0.9746875,1
iterative,o1_b,351,0.97890625,1
iterative,o1_b,352,0.983125,1
iterative,o1_b,353,0.9746875,1
iterative,o1_b,354,0.971875,1
iterative,o1_b,355,0.97328125,1
iterative,o1_b,356,0.97890625,1
iterative,o1_b,357,0.97609375,1
iterative,o1_b,358,0.97046875,1
iterative,o1_b,359,0.97609375,1
iterative,o1_b,360,0.9803125,1
iterative,o1_b,361,0.9690625,1
iterative,o1_b,362,0.9746875,1
iterative,o1_b,363,0.97046875,1
iterative,o1_b,364,0.971875,1
iterative,o1_b,365,0.9803125,1
iterative,o1_b,366,0.9803125,1
iterative,o1_b,367,0.96625,1
iterative,o1_b,368,0.9775,1
iterative,o1_b,369,0.98171875,1
iterative,o1_b,370,0.9746875,1
iterative,o1_b,371,0.983125,1
iterative,o1_b,372,0.9775,1
iterative,o1_b,373,0.97046875,1
iterative,o1_b,374,0.9746875,1
iterative,o1_b,375,0.9803125,1
iterative,o1_b,376,0.97046875,1
iterative,o1_b,377,0.97890625,1
iterative,o1_b,378,0.971875,1
iterative,o1_b,379,0.971875,1
iterative,o1_b,380,0.9775,1
iterative,o1_b,381,0.98453125,1
iterative,o1_b,382,0.96765625,1
iterative,o1_b,383,0.9775,1
iterative,o1_b,384,0.9775,1
iterative,o1_b,385,0.9775,1
iterative,o1_b,386,0.96765625,1
iterative,o1_b,387,0.97609375,1
iterative,o1_b,388,0.97046875,1
iterative,o1_b,389,0.971875,1
iterative,o1_b,390,0.97046875,1
iterative,o1_b,391,0.9690625,1
iterative,o1_b,392,0.9690625,1
iterative,o1_b,393,0.971875,1
iterative,o1_b,394,0.97328125,1
iterative,o1_b,395,0.97890625,1
iterative,o1_b,396,0.971875,1
iterative,o1_b,397,0.98171875,1
iterative,o1_b,398,0.971875,1
iterative,o1_b,399,0.983125,1
iterative,o1_b,400,0.97328125,1
iterative,o1_b,401,0.9803125,1
iterative,o1_b,402,0.97609375,1
iterative,o1_b,403,0.98171875,1
iterative,o1_b,404,0.98453125,1
iterative,o1_b,405,0.97046875,1
iterative,o1_b,406,0.971875,1
iterative,o1_b,407,0.96765625,1
iterative,o1_b,408,0.9746875,1
iterative,o1_b,409,0.9775,1
iterative,o1_b,410,0.97890625,1
iterative,o1_b,411,0.97328125,1
iterative,o1_b,412,0.983125,1
iterative,o1_b,413,0.97609375,1
iterative,o1_b,414,0.9775,1
iterative,o1_b,415,0.9803125,1
iterative,o1_b,416,0.96625,1
iterative,o1_b,417,0.97890625,1
iterative,o1_b,418,0.9775,1
iterative,o1_b,419,0.971875,1
iterative,o1_b,420,0.9775,1
iterative,o1_b,421,0.9746875,1
iterative,o1_b,422,0.9775,1
iterative,o1_b,423,0.9746875,1
iterative,o1_b,424,0.983125,1
iterative,o1_b,425,0.9803125,1
iterative,o1_b,426,0.96625,1
iterative,o1_b,427,0.97609375,1
iterative,o1_b,428,0.97890625,1
iterative,o1_b,429,0.97890625,1
iterative,o1_b,430,0.9775,1
iterative,o1_b,431,0.97890625,1
iterative,o1_b,432,0.98171875,1
iterative,o1_b,433,0.9746875,1
iterative,o1_b,434,0.9746875,1
iterative,o1_b,435,0.96625,1
iterative,o1_b,436,0.97328125,1
iterative,o1_b,437,0.983125,1
iterative,o1_b,438,0.98171875,1
iterative,o1_b,439,0.98453125,1
iterative,o1_b,440,0.9803125,1
iterative,o1_b,441,0.971875,1
iterative,o1_b,442,0.9775,1
iterative,o1_b,443,0.97328125,1
iterative,o1_b,444,0.97328125,1
iterative,o1_b,445,0.97046875,1
iterative,o1_b,446,0.9803125,1
iterative,o1_b,447,0.9775,1
iterative,o1_b,448,0.98453125,1
iterative,o1_b,449,0.97328125,1
iterative,o1_b,450,0.9775,1
iterative,o1_b,451,0.96484375,1
iterative,o1_b,452,0.97890625,1
iterative,o1_b,453,0.97609375,1
iterative,o1_b,454,0.9690625,1
iterative,o1_b,455,0.97609375,1
iterative,o1_b,456,0.97046875,1
iterative,o1_b,457,0.9775,1
iterative,o1_b,458,0.96765625,1
iterative,o1_b,459,0.9690625,1
iterative,o1_b,460,0.97890625,1
iterative,o1_b,461,0.97328125,1
iterative,o1_b,462,0.97609375,1
iterative,o1_b,463,0.9690625,1
iterative,o1_b,464,0.971875,1
iterative,o1_b,465,0.97890625,1
iterative,o1_b,466,0.9690625,1
iterative,o1_b,467,0.97046875,1
iterative,o1_b,468,0.96484375,1
iterative,o1_b,469,0.971875,1
iterative,o1_b,470,0.9803125,1
iterative,o1_b,471,0.96625,1
iterative,o1_b,472,0.9690625,1
iterative,o1_b,473,0.97609375,1
iterative,o1_b,474,0.97609375,1
iterative,o1_b,475,0.971875,1
iterative,o1_b,476,0.96765625,1
iterative,o1_b,477,0.9775,1
iterative,o1_b,478,0.971875,1
iterative,o1_b,479,0.9803125,1
iterative,o1_b,480,0.9803125,1
iterative,o1_b,481,0.9746875,1
iterative,o1_b,482,0.971875,1
iterative,o1_b,483,0.97328125,1
iterative,o1_b,484,0.96765625,1
iterative,o1_b,485,0.98171875,1
iterative,o1_b,486,0.97328125,1
iterative,o1_b,487,0.9690625,1
iterative,o1_b,488,0.97046875,1
iterative,o1_b,489,0.97046875,1
iterative,o1_b,490,0.96765625,1
iterative,o1_b,491,0.9803125,1
iterative,o1_b,492,0.9803125,1
iterative,o1_b,493,0.9775,1
iterative,o1_b,494,0.9746875,1
iterative,o1_b,495,0.96765625,1
iterative,o1_b,496,0.97328125,1
iterative,o1_b,497,0.9775,1
iterative,o1_b,498,0.9803125,1
iterative,o1_b,499,0.9634375,1
iterative,o1_b,500,0.9746875,1
iterative,o1_b,501,0.9690625,1
iterative,o1_b,502,0.9746875,1
iterative,o1_b,503,0.9746875,1
iterative,o1_b,504,0.9775,1
iterative,o1_b,505,0.98171875,1
iterative,o1_b,506,0.98171875,1
iterative,o1_b,507,0.9690625,1
iterative,o1_b,508,0.971875,1
iterative,o1_b,509,0.98171875,1
iterative,o1_b,510,0.97890625,1
iterative,o1_b,511,0.96625,1
iterative,o1_b,512,0.9775,1
iterative,o1_b,513,0.97890625,1
iterative,o1_b,514,0.97890625,1
iterative,o1_b,515,0.971875,1
iterative,o1_b,516,0.9746875,1
iterative,o1_b,517,0.97328125,1
iterative,o1_b,518,0.971875,1
iterative,o1_b,519,0.96625,1
iterative,o1_b,520,0.9690625,1
iterative,o1_b,521,0.9746875,1
iterative,o1_b,522,0.9746875,1
iterative,o1_b,523,0.9746875,1
iterative,o1_b,524,0.97328125,1
iterative,o1_b,525,0.97609375,1
iterative,o1_b,526,0.97328125,1
iterative,o1_b,527,0.98453125,1
iterative,o1_b,528,0.971875,1
iterative,o1_b,529,0.97890625,1
iterative,o1_b,530,0.971875,1
iterative,o1_b,531,0.97609375,1
iterative,o1_b,532,0.97328125,1
iterative,o1_b,533,0.971875,1
iterative,o1_b,534,0.97046875,1
iterative,o1_b,535,0.96203125,1
iterative,o1_b,536,0.98453125,1
iterative,o1_b,537,0.9746875,1
iterative,o1_b,538,0.97609375,1
iterative,o1_b,539,0.9690625,1
iterative,o1_b,540,0.97328125,1
iterative,o1_b,541,0.9775,1
iterative,o1_b,542,0.9803125,1
iterative,o1_b,543,0.9803125,1
iterative,o1_b,544,0.97328125,1
iterative,o1_b,545,0.97328125,1
iterative,o1_b,546,0.971875,1
iterative,o1_b,547,0.98453125,1
iterative,o1_b,548,0.9775,1
iterative,o1_b,549,0.97046875,1
iterative,o1_b,550,0.97609375,1
iterative,o1_b,551,0.9775,1
iterative,o1_b,552,0.9775,1
iterative,o1_b,553,0.9746875,1
iterative,o1_b,554,0.9775,1
iterative,o1_b,555,0.97609375,1
iterative,o1_b,556,0.97890625,1
iterative,o1_b,557,0.9746875,1
iterative,o1_b,558,0.97609375,1
iterative,o1_b,559,0.97890625,1
iterative,o1_b,560,0.97890625,1
iterative,o1_b,561,0.97609375,1
iterative,o1_b,562,0.97890625,1
iterative,o1_b,563,0.9746875,1
iterative,o1_b,564,0.97609375,1
iterative,o1_b,565,0.9746875,1
iterative,o1_b,566,0.97609375,1
iterative,o1_b,567,0.9803125,1
iterative,o1_b,568,0.97609375,1
iterative,o1_b,569,0.97890625,1
iterative,o1_b,570,0.971875,1
iterative,o1_b,571,0.971875,1
iterative,o1_b,572,0.9775,1
iterative,o1_b,573,0.97328125,1
iterative,o1_b,574,0.971875,1
iterative,o1_b,575,0.98171875,1
iterative,o1_b,576,0.97046875,1
iterative,o1_b,577,0.97046875,1
iterative,o1_b,578,0.971875,1
iterative,o1_b,579,0.97890625,1
iterative,o1_b,580,0.9775,1
iterative,o1_b,581,0.9775,1
iterative,o1_b,582,0.9803125,1
iterative,o1_b,583,0.97046875,1
iterative,o1_b,584,0.98171875,1
iterative,o1_b,585,0.9746875,1
iterative,o1_b,586,0.971875,1
iterative,o1_b,587,0.98453125,1
iterative,o1_b,588,0.97609375,1
iterative,o1_b,589,0.97328125,1
iterative,o1_b,590,0.971875,1
iterative,o1_b,591,0.971875,1
iterative,o1_b,592,0.971875,1
iterative,o1_b,593,0.98171875,1
iterative,o1_b,594,0.97046875,1
iterative,o1_b,595,0.9775,1
iterative,o1_b,596,0.9746875,1
iterative,o1_b,597,0.97046875,1
iterative,o1_b,598,0.9775,1
iterative,o1_b,599,0.97609375,1
iterative,o1_b,600,0.98171875,1
iterative,o1_b,601,0.9803125,1
iterative,o1_b,602,0.97609375,1
iterative,o1_b,603,0.97609375,1
iterative,o1_b,604,0.9690625,1
iterative,o1_b,605,0.9803125,1
iterative,o1_b,606,0.9775,1
iterative,o1_b,607,0.96765625,1
iterative,o1_b,608,0.9775,1
iterative,o1_b,609,0.97890625,1
iterative,o1_b,610,0.9690625,1
iterative,o1_b,611,0.96625,1
iterative,o1_b,612,0.97609375,1
iterative,o1_b,613,0.98171875,1
iterative,o1_b,614,0.97609375,1
iterative,o1_b,615,0.971875,1
iterative,o1_b,616,0.9775,1
iterative,o1_b,617,0.98171875,1
iterative,o1_b,618,0.97046875,1
iterative,o1_b,619,0.97609375,1
iterative,o1_b,620,0.97609375,1
iterative,o1_b,621,0.97046875,1
iterative,o1_b,622,0.9775,1
iterative,o1_b,623,0.97890625,1
iterative,o1_b,624,0.97609375,1
iterative,o1_b,625,0.971875,1
iterative,o1_b,626,0.97890625,1
iterative,o1_b,627,0.9775,1
iterative,o1_b,628,0.97609375,1
iterative,o1_b,629,0.97609375,1
iterative,o1_b,630,0.96765625,1
iterative,o1_b,631,0.98171875,1
iterative,o1_b,632,0.97046875,1
iterative,o1_b,633,0.97328125,1
iterative,o1_b,634,0.971875,1
iterative,o1_b,635,0.983125,1
iterative,o1_b,636,0.97046875,1
iterative,o1_b,637,0.97046875,1
iterative,o1_b,638,0.97890625,1
iterative,o1_b,639,0.97328125,1
iterative,o1_b,640,0.97609375,1
iterative,o1_b,641,0.9634375,1
iterative,o1_b,642,0.9746875,1
iterative,o1_b,643,0.9775,1
iterative,o1_b,644,0.9803125,1
iterative,o1_b,645,0.9775,1
iterative,o1_b,646,0.9775,1
iterative,o1_b,647,0.97046875,1
iterative,o1_b,648,0.96625,1
iterative,o1_b,649,0.971875,1
iterative,o1_b,650,0.97328125,1
iterative,o1_b,651,0.98734375,1
iterative,o1_b,652,0.97328125,1
iterative,o1_b,653,0.97609375,1
iterative,o1_b,654,0.97890625,1
iterative,o1_b,655,0.97328125,1
iterative,o1_b,656,0.97328125,1
iterative,o1_b,657,0.971875,1
iterative,o1_b,658,0.97609375,1
iterative,o1_b,659,0.97890625,1
iterative,o1_b,660,0.97609375,1
iterative,o1_b,661,0.97328125,1
iterative,o1_b,662,0.97890625,1
iterative,o1_b,663,0.97890625,1
iterative,o1_b,664,0.96625,1
iterative,o1_b,665,0.97046875,1
iterative,o1_b,666,0.9803125,1
iterative,o1_b,667,0.98453125,1
iterative,o1_b,668,0.97328125,1
iterative,o1_b,669,0.97890625,1
iterative,o1_b,670,0.9859375,1
iterative,o1_b,671,0.9803125,1
iterative,o1_b,672,0.98453125,1
iterative,o1_b,673,0.98171875,1
iterative,o1_b,674,0.9775,1
iterative,o1_b,675,0.96625,1
iterative,o1_b,676,0.98171875,1
iterative,o1_b,677,0.9775,1
iterative,o1_b,678,0.9775,1
iterative,o1_b,679,0.97609375,1
iterative,o1_b,680,0.96765625,1
iterative,o1_b,681,0.97609375,1
iterative,o1_b,682,0.97328125,1
iterative,o1_b,683,0.971875,1
iterative,o1_b,684,0.971875,1
iterative,o1_b,685,0.96765625,1
iterative,o1_b,686,0.96625,1
iterative,o1_b,687,0.9803125,1
iterative,o1_b,688,0.97328125,1
iterative,o1_b,689,0.97890625,1
iterative,o1_b,690,0.95921875,1
iterative,o1_b,691,0.9746875,1
iterative,o1_b,692,0.971875,1
iterative,o1_b,693,0.97890625,1
iterative,o1_b,694,0.9690625,1
iterative,o1_b,695,0.9775,1
iterative,o1_b,696,0.9746875,1
iterative,o1_b,697,0.98171875,1
iterative,o1_b,698,0.97046875,1
iterative,o1_b,699,0.9690625,1
iterative,o1_b,700,0.971875,1
iterative,o1_b,701,0.97609375,1
iterative,o1_b,702,0.9775,1
iterative,o1_b,703,0.9746875,1
iterative,o1_b,704,0.96625,1
iterative,o1_b,705,0.97609375,1
iterative,o1_b,706,0.97890625,1
iterative,o1_b,707,0.97890625,1
iterative,o1_b,708,0.97890625,1
iterative,o1_b,709,0.9775,1
iterative,o1_b,710,0.9746875,1
iterative,o1_b,711,0.97046875,1
iterative,o1_b,712,0.9746875,1
iterative,o1_b,713,0.97046875,1
iterative,o1_b,714,0.9746875,1
iterative,o1_b,715,0.97609375,1
iterative,o1_b,716,0.97046875,1
iterative,o1_b,717,0.9803125,1
iterative,o1_b,718,0.9775,1
iterative,o1_b,719,0.9803125,1
iterative,o1_b,720,0.9775,1
iterative,o1_b,721,0.9775,1
iterative,o1_b,722,0.97046875,1
iterative,o1_b,723,0.96765625,1
iterative,o1_b,724,0.9803125,1
iterative,o1_b,725,0.9775,1
iterative,o1_b,726,0.9775,1
iterative,o1_b,727,0.9803125,1
iterative,o1_b,728,0.96765625,1
iterative,o1_b,729,0.97609375,1
iterative,o1_b,730,0.9746875,1
iterative,o1_b,731,0.9775,1
iterative,o1_b,732,0.97046875,1
iterative,o1_b,733,0.9803125,1
iterative,o1_b,734,0.97328125,1
iterative,o1_b,735,0.96765625,1
iterative,o1_b,736,0.9746875,1
iterative,o1_b,737,0.9746875,1
iterative,o1_b,738,0.983125,1
iterative,o1_b,739,0.9746875,1
iterative,o1_b,740,0.97609375,1
iterative,o1_b,741,0.97328125,1
iterative,o1_b,742,0.9746875,1
iterative,o1_b,743,0.97328125,1
iterative,o1_b,744,0.9690625,1
iterative,o1_b,745,0.96625,1
iterative,o1_b,746,0.9803125,1
iterative,o1_b,747,0.97046875,1
iterative,o1_b,748,0.971875,1
iterative,o1_b,749,0.9775,1
iterative,o1_b,750,0.9746875,1
iterative,o1_b,751,0.971875,1
iterative,o1_b,752,0.9803125,1
iterative,o1_b,753,0.96625,1
iterative,o1_b,754,0.97328125,1
iterative,o1_b,755,0.971875,1
iterative,o1_b,756,0.97609375,1
iterative,o1_b,757,0.97890625,1
iterative,o1_b,758,0.97890625,1
iterative,o1_b,759,0.97609375,1
iterative,o1_b,760,0.9690625,1
iterative,o1_b,761,0.97609375,1
iterative,o1_b,762,0.9746875,1
iterative,o1_b,763,0.9746875,1
iterative,o1_b,764,0.97609375,1
iterative,o1_b,765,0.9775,1
iterative,o1_b,766,0.97609375,1
iterative,o1_b,767,0.971875,1
iterative,o1_b,768,0.9746875,1
iterative,o1_b,769,0.97046875,1
iterative,o1_b,770,0.9746875,1
iterative,o1_b,771,0.98171875,1
iterative,o1_b,772,0.971875,1
iterative,o1_b,773,0.97609375,1
iterative,o1_b,774,0.9803125,1
iterative,o1_b,775,0.9746875,1
iterative,o1_b,776,0.9746875,1
iterative,o1_b,777,0.97890625,1
iterative,o1_b,778,0.9775,1
iterative,o1_b,779,0.9690625,1
iterative,o1_b,780,0.9746875,1
iterative,o1_b,781,0.97609375,1
iterative,o1_b,782,0.97609375,1
iterative,o1_b,783,0.971875,1
iterative,o1_b,784,0.971875,1
iterative,o1_b,785,0.97609375,1
iterative,o1_b,786,0.9746875,1
iterative,o1_b,787,0.9746875,1
iterative,o1_b,788,0.9690625,1
iterative,o1_b,789,0.97328125,1
iterative,o1_b,790,0.971875,1
iterative,o1_b,791,0.9746875,1
iterative,o1_b,792,0.983125,1
iterative,o1_b,793,0.971875,1
iterative,o1_b,794,0.97609375,1
iterative,o1_b,795,0.96765625,1
iterative,o1_b,796,0.97046875,1
iterative,o1_b,797,0.97328125,1
iterative,o1_b,798,0.97890625,1
iterative,o1_b,799,0.971875,1
iterative,o1_b,800,0.97890625,1
iterative,o1_b,801,0.9634375,1
iterative,o1_b,802,0.9775,1
iterative,o1_b,803,0.97890625,1
iterative,o1_b,804,0.97328125,1
iterative,o1_b,805,0.9746875,1
iterative,o1_b,806,0.97328125,1
iterative,o1_b,807,0.97890625,1
iterative,o1_b,808,0.97890625,1
iterative,o1_b,809,0.9690625,1
iterative,o1_b,810,0.971875,1
iterative,o1_b,811,0.971875,1
iterative,o1_b,812,0.97890625,1
iterative,o1_b,813,0.9746875,1
iterative,o1_b,814,0.9746875,1
iterative,o1_b,815,0.9775,1
iterative,o1_b,816,0.971875,1
iterative,o1_b,817,0.983125,1
iterative,o1_b,818,0.971875,1
iterative,o1_b,819,0.9746875,1
iterative,o1_b,820,0.98453125,1
iterative,o1_b,821,0.97328125,1
iterative,o1_b,822,0.983125,1
iterative,o1_b,823,0.9746875,1
iterative,o1_b,824,0.96765625,1
iterative,o1_b,825,0.97328125,1
iterative,o1_b,826,0.97328125,1
iterative,o1_b,827,0.971875,1
iterative,o1_b,828,0.97046875,1
iterative,o1_b,829,0.98171875,1
iterative,o1_b,830,0.9803125,1
iterative,o1_b,831,0.9746875,1
iterative,o1_b,832,0.9803125,1
iterative,o1_b,833,0.9775,1
iterative,o1_b,834,0.97046875,1
iterative,o1_b,835,0.9775,1
iterative,o1_b,836,0.97328125,1
iterative,o1_b,837,0.97328125,1
iterative,o1_b,838,0.9775,1
iterative,o1_b,839,0.98171875,1
iterative,o1_b,840,0.9746875,1
iterative,o1_b,841,0.98171875,1
iterative,o1_b,842,0.9746875,1
iterative,o1_b,843,0.9690625,1
iterative,o1_b,844,0.9690625,1
iterative,o1_b,845,0.97609375,1
iterative,o1_b,846,0.9775,1
iterative,o1_b,847,0.97890625,1
iterative,o1_b,848,0.9690625,1
iterative,o1_b,849,0.96484375,1
iterative,o1_b,850,0.97890625,1
iterative,o1_b,851,0.9775,1
iterative,o1_b,852,0.9775,1
iterative,o1_b,853,0.9803125,1
iterative,o1_b,854,0.97046875,1
iterative,o1_b,855,0.97890625,1
iterative,o1_b,856,0.9803125,1
iterative,o1_b,857,0.971875,1
iterative,o1_b,858,0.9775,1
iterative,o1_b,859,0.97046875,1
iterative,o1_b,860,0.98453125,1
iterative,o1_b,861,0.98171875,1
iterative,o1_b,862,0.97328125,1
iterative,o1_b,863,0.9803125,1
iterative,o1_b,864,0.97609375,1
iterative,o1_b,865,0.96765625,1
iterative,o1_b,866,0.9746875,1
iterative,o1_b,867,0.9775,1
iterative,o1_b,868,0.97609375,1
iterative,o1_b,869,0.97609375,1
iterative,o1_b,870,0.9746875,1
iterative,o1_b,871,0.9803125,1
iterative,o1_b,872,0.96765625,1
iterative,o1_b,873,0.971875,1
iterative,o1_b,874,0.9775,1
iterative,o1_b,875,0.9690625,1
iterative,o1_b,876,0.96765625,1
iterative,o1_b,877,0.97890625,1
iterative,o1_b,878,0.97328125,1
iterative,o1_b,879,0.9775,1
iterative,o1_b,880,0.9746875,1
iterative,o1_b,881,0.97890625,1
iterative,o1_b,882,0.9803125,1
iterative,o1_b,883,0.98453125,1
iterative,o1_b,884,0.97609375,1
iterative,o1_b,885,0.96484375,1
iterative,o1_b,886,0.971875,1
iterative,o1_b,887,0.9746875,1
iterative,o1_b,888,0.98171875,1
iterative,o1_b,889,0.9690625,1
iterative,o1_b,890,0.97328125,1
iterative,o1_b,891,0.97609375,1
iterative,o1_b,892,0.96765625,1
iterative,o1_b,893,0.971875,1
iterative,o1_b,894,0.97328125,1
iterative,o1_b,895,0.98171875,1
iterative,o1_b,896,0.9775,1
iterative,o1_b,897,0.97890625,1
iterative,o1_b,898,0.97609375,1
iterative,o1_b,899,0.9746875,1
iterative,o1_b,900,0.97890625,1
iterative,o1_b,901,0.97046875,1
iterative,o1_b,902,0.9746875,1
iterative,o1_b,903,0.9746875,1
iterative,o1_b,904,0.9775,1
iterative,o1_b,905,0.97890625,1
iterative,o1_b,906,0.96765625,1
iterative,o1_b,907,0.97046875,1
iterative,o1_b,908,0.97609375,1
iterative,o1_b,909,0.971875,1
iterative,o1_b,910,0.97890625,1
iterative,o1_b,911,0.9746875,1
iterative,o1_b,912,0.97890625,1
iterative,o1_b,913,0.9690625,1
iterative,o1_b,914,0.9690625,1
iterative,o1_b,915,0.98734375,1
iterative,o1_b,916,0.96203125,1
iterative,o1_b,917,0.971875,1
iterative,o1_b,918,0.9746875,1
iterative,o1_b,919,0.971875,1
iterative,o1_b,920,0.97046875,1
iterative,o1_b,921,0.971875,1
iterative,o1_b,922,0.97328125,1
iterative,o1_b,923,0.9746875,1
iterative,o1_b,924,0.9775,1
iterative,o1_b,925,0.9690625,1
iterative,o1_b,926,0.96765625,1
iterative,o1_b,927,0.98171875,1
iterative,o1_b,928,0.97609375,1
iterative,o1_b,929,0.971875,1
iterative,o1_b,930,0.9775,1
iterative,o1_b,931,0.97609375,1
iterative,o1_b,932,0.97890625,1
iterative,o1_b,933,0.9803125,1
iterative,o1_b,934,0.97046875,1
iterative,o1_b,935,0.97890625,1
iterative,o1_b,936,0.97328125,1
iterative,o1_b,937,0.9746875,1
iterative,o1_b,938,0.97328125,1
iterative,o1_b,939,0.9803125,1
iterative,o1_b,940,0.97609375,1
iterative,o1_b,941,0.98171875,1
iterative,o1_b,942,0.9803125,1
iterative,o1_b,943,0.97890625,1
iterative,o1_b,944,0.97046875,1
iterative,o1_b,945,0.9803125,1
iterative,o1_b,946,0.96625,1
iterative,o1_b,947,0.9775,1
iterative,o1_b,948,0.96765625,1
iterative,o1_b,949,0.97609375,1
iterative,o1_b,950,0.9803125,1
iterative,o1_b,951,0.97890625,1
iterative,o1_b,952,0.97046875,1
iterative,o1_b,953,0.97609375,1
iterative,o1_b,954,0.9803125,1
iterative,o1_b,955,0.97328125,1
iterative,o1_b,956,0.96625,1
iterative,o1_b,957,0.98453125,1
iterative,o1_b,958,0.97609375,1
iterative,o1_b,959,0.96765625,1
iterative,o1_b,960,0.9775,1
iterative,o1_b,961,0.9746875,1
iterative,o1_b,962,0.971875,1
iterative,o1_b,963,0.97609375,1
iterative,o1_b,964,0.983125,1
iterative,o1_b,965,0.96765625,1
iterative,o1_b,966,0.971875,1
iterative,o1_b,967,0.97328125,1
iterative,o1_b,968,0.971875,1
iterative,o1_b,969,0.971875,1
iterative,o1_b,970,0.971875,1
iterative,o1_b,971,0.9634375,1
iterative,o1_b,972,0.97890625,1
iterative,o1_b,973,0.971875,1
iterative,o1_b,974,0.9775,1
iterative,o1_b,975,0.9690625,1
iterative,o1_b,976,0.9775,1
iterative,o1_b,977,0.9775,1
iterative,o1_b,978,0.983125,1
iterative,o1_b,979,0.9746875,1
iterative,o1_b,980,0.9803125,1
iterative,o1_b,981,0.95921875,1
iterative,o1_b,982,0.9690625,1
iterative,o1_b,983,0.97328125,1
iterative,o1_b,984,0.97890625,1
iterative,o1_b,985,0.9746875,1
iterative,o1_b,986,0.97890625,1
iterative,o1_b,987,0.9634375,1
iterative,o1_b,988,0.97609375,1
iterative,o1_b,989,0.96625,1
iterative,o1_b,990,0.97609375,1
iterative,o1_b,991,0.97328125,1
iterative,o1_b,992,0.96625,1
iterative,o1_b,993,0.97609375,1
iterative,o1_b,994,0.9803125,1
iterative,o1_b,995,0.9775,1
iterative,o1_b,996,0.97890625,1
iterative,o1_b,997,0.9746875,1
iterative,o1_b,998,0.97046875,1
iterative,o1_b,999,0.97328125,1
iterative,o1_c,0,0.0,0
iterative,o1_c,1,0.0,0
iterative,o1_c,2,0.0,0
iterative,o1_c,3,0.0,0
iterative,o1_c,4,0.0,0
iterative,o1_c,5,0.0,0
iterative,o1_c,6,0.0,0
iterative,o1_c,7,0.0,0
iterative,o1_c,8,0.0,0
iterative,o1_c,9,0.0,0
iterative,o1_c,10,0.0,0
iterative,o1_c,11,0.0,0
iterative,o1_c,12,0.0,0
iterative,o1_c,13,0.0,0
iterative,o1_c,14,0.0,0
iterative,o1_c,15,0.0,0
iterative,o1_c,16,0.0,0
iterative,o1_c,17,0.0,0
iterative,o1_c,18,0.0,0
iterative,o1_c,19,0.0,0
iterative,o1_c,20,0.0,0
iterative,o1_c,21,0.0,0
iterative,o1_c,22,0.0,0
iterative,o1_c,23,0.0,0
iterative,o1_c,24,0.0,0
iterative,o1_c,25,0.0,0
iterative,o1_c,26,0.0,0
iterative,o1_c,27,0.0,0
iterative,o1_c,28,0.0,0
iterative,o1_c,29,0.0,0
iterative,o1_c,30,0.0,0
iterative,o1_c,31,0.0,0
iterative,o1_c,32,0.0,0
iterative,o1_c,33,0.0,0
iterative,o1_c,34,0.0,0
iterative,o1_c,35,0.0,0
iterative,o1_c,36,0.0,0
iterative,o1_c,37,0.0,0
iterative,o1_c,38,0.0,0
iterative,o1_c,39,0.0,0
iterative,o1_c,40,0.0,0
iterative,o1_c,41,0.0,0
iterative,o1_c,42,0.0,0
iterative,o1_c,43,0.0,0
iterative,o1_c,44,0.0,0
iterative,o1_c,45,0.0,0
iterative,o1_c,46,0.0,0
iterative,o1_c,47,0.0,0
iterative,o1_c,48,0.0,0
iterative,o1_c,49,0.0,0
iterative,o1_c,50,0.0,0
iterative,o1_c,51,0.0,0
iterative,o1_c,52,0.0,0
iterative,o1_c,53,0.0,0
iterative,o1_c,54,0.0,0
iterative,o1_c,55,0.0,0
iterative,o1_c,56,0.0,0
iterative,o1_c,57,0.0,0
iterative,o1_c,58,0.0,0
iterative,o1_c,59,0.0,0
iterative,o1_c,60,0.0,0
iterative,o1_c,61,0.0,0
iterative,o1_c,62,0.0,0
iterative,o1_c,63,0.0,0
iterative,o1_c,64,0.0,0
iterative,o1_c,65,0.0,0
iterative,o1_c,66,0.0,0
iterative,o1_c,67,0.0,0
iterative,o1_c,68,0.0,0
iterative,o1_c,69,0.0,0
iterative,o1_c,70,0.0,0
iterative,o1_c,71,0.0,0
iterative,o1_c,72,0.0,0
iterative,o1_c,73,0.0,0
iterative,o1_c,74,0.0,0
iterative,o1_c,75,0.0,0
iterative,o1_c,76,0.0,0
iterative,o1_c,77,0.0,0
iterative,o1_c,78,0.0,0
iterative,o1_c,79,0.0,0
iterative,o1_c,80,0.0,0
iterative,o1_c,81,0.0,0
iterative,o1_c,82,0.0,0
iterative,o1_c,83,0.0,0
iterative,o1_c,84,0.0,0
iterative,o1_c,85,0.0,0
iterative,o1_c,86,0.0,0
iterative,o1_c,87,0.0,0
iterative,o1_c,88,0.0,0
iterative,o1_c,89,0.0,0
iterative,o1_c,90,0.0,0
iterative,o1_c,91,0.0,0
iterative,o1_c,92,0.0,0
iterative,o1_c,93,0.0,0
iterative,o1_c,94,0.0,0
iterative,o1_c,95,0.0,0
iterative,o1_c,96,0.0,0
iterative,o1_c,97,0.0,0
iterative,o1_c,98,0.0,0
iterative,o1_c,99,0.0,0
iterative,o1_c,100,0.0,0
iterative,o1_c,101,0.0,0
iterative,o1_c,102,0.0,0
iterative,o1_c,103,0.0,0
iterative,o1_c,104,0.0,0
iterative,o1_c,105,0.0,0
iterative,o1_c,106,0.0,0
iterative,o1_c,107,0.0,0
iterative,o1_c,108,0.0,0
iterative,o1_c,109,0.0,0
iterative,o1_c,110,0.0,0
iterative,o1_c,111,0.0,0
iterative,o1_c,112,0.0,0
iterative,o1_c,113,0.0,0
iterative,o1_c,114,0.0,0
iterative,o1_c,115,0.0,0
iterative,o1_c,116,0.0,0
iterative,o1_c,117,0.0,0
iterative,o1_c,118,0.0,0
iterative,o1_c,119,0.0,0
iterative,o1_c,120,0.0,0
iterative,o1_c,121,0.0,0
iterative,o1_c,122,0.0,0
iterative,o1_c,123,0.0,0
iterative,o1_c,124,0.0,0
iterative,o1_c,125,0.0,0
iterative,o1_c,126,0.0,0
iterative,o1_c,127,0.0,0
iterative,o1_c,128,0.0,0
iterative,o1_c,129,0.0,0
iterative,o1_c,130,0.0,0
iterative,o1_c,131,0.0,0
iterative,o1_c,132,0.0,0
iterative,o1_c,133,0.0,0
iterative,o1_c,134,0.0,0
iterative,o1_c,135,0.0,0
iterative,o1_c,136,0.0,0
iterative,o1_c,137,0.0,0
iterative,o1_c,138,0.0,0
iterative,o1_c,139,0.0,0
iterative,o1_c,140,0.0,0
iterative,o1_c,141,0.0,0
iterative,o1_c,142,0.0,0
iterative,o1_c,143,0.0,0
iterative,o1_c,144,0.0,0
iterative,o1_c,145,0.0,0
iterative,o1_c,146,0.0,0
iterative,o1_c,147,0.0,0
iterative,o1_c,148,0.0,0
iterative,o1_c,149,0.0,0
iterative,o1_c,150,0.0,0
iterative,o1_c,151,0.0,0
iterative,o1_c,152,0.0,0
iterative,o1_c,153,0.0,0
iterative,o1_c,154,0.0,0
iterative,o1_c,155,0.0,0
iterative,o1_c,156,0.0,0
iterative,o1_c,157,0.0,0
iterative,o1_c,158,0.0,0
iterative,o1_c,159,0.0,0
iterative,o1_c,160,0.0,0
iterative,o1_c,161,0.0,0
iterative,o1_c,162,0.0,0
iterative,o1_c,163,0.0,0
iterative,o1_c,164,0.0,0
iterative,o1_c,165,0.0,0
iterative,o1_c,166,0.0,0
iterative,o1_c,167,0.0,0
iterative,o1_c,168,0.0,0
iterative,o1_c,169,0.0,0
iterative,o1_c,170,0.0,0
iterative,o1_c,171,0.0,0
iterative,o1_c,172,0.0,0
iterative,o1_c,173,0.0,0
iterative,o1_c,174,0.0,0
iterative,o1_c,175,0.0,0
iterative,o1_c,176,0.0,0
iterative,o1_c,177,0.0,0
iterative,o1_c,178,0.0,0
iterative,o1_c,179,0.0,0
iterative,o1_c,180,0.0,0
iterative,o1_c,181,0.0,0
iterative,o1_c,182,0.0,0
iterative,o1_c,183,0.0,0
iterative,o1_c,184,0.0,0
iterative,o1_c,185,0.0,0
iterative,o1_c,186,0.0,0
iterative,o1_c,187,0.0,0
iterative,o1_c,188,0.0,0
iterative,o1_c,189,0.0,0
iterative,o1_c,190,0.0,0
iterative,o1_c,191,0.0,0
iterative,o1_c,192,0.0,0
iterative,o1_c,193,0.0,0
iterative,o1_c,194,0.0,0
iterative,o1_c,195,0.0,0
iterative,o1_c,196,0.0,0
iterative,o1_c,197,0.0,0
iterative,o1_c,198,0.0,0
iterative,o1_c,199,0.0,0
iterative,o1_c,200,0.0,0
iterative,o1_c,201,0.0,0
iterative,o1_c,202,0.0,0
iterative,o1_c,203,0.0,0
iterative,o1_c,204,0.0,0
iterative,o1_c,205,0.0,0
iterative,o1_c,206,0.0,0
iterative,o1_c,207,0.0,0
iterative,o1_c,208,0.0,0
iterative,o1_c,209,0.0,0
iterative,o1_c,210,0.0,0
iterative,o1_c,211,0.0,0
iterative,o1_c,212,0.0,0
iterative,o1_c,213,0.0,0
iterative,o1_c,214,0.0,0
iterative,o1_c,215,0.0,0
iterative,o1_c,216,0.0,0
iterative,o1_c,217,0.0,0
iterative,o1_c,218,0.0,0
iterative,o1_c,219,0.0,0
iterative,o1_c,220,0.0,0
iterative,o1_c,221,0.0,0
iterative,o1_c,222,0.0,0
iterative,o1_c,223,0.0,0
iterative,o1_c,224,0.0,0
iterative,o1_c,225,0.0,0
iterative,o1_c,226,0.0,0
iterative,o1_c,227,0.0,0
iterative,o1_c,228,0.0,0
iterative,o1_c,229,0.0,0
iterative,o1_c,230,0.0,0
iterative,o1_c,231,0.0,0
iterative,o1_c,232,0.0,0
iterative,o1_c,233,0.0,0
iterative,o1_c,234,0.0,0
iterative,o1_c,235,0.0,0
iterative,o1_c,236,0.0,0
iterative,o1_c,237,0.0,0
iterative,o1_c,238,0.0,0
iterative,o1_c,239,0.0,0
iterative,o1_c,240,0.0,0
iterative,o1_c,241,0.0,0
iterative,o1_c,242,0.0,0
iterative,o1_c,243,0.0,0
iterative,o1_c,244,0.0,0
iterative,o1_c,245,0.0,0
iterative,o1_c,246,0.0,0
iterative,o1_c,247,0.0,0
iterative,o1_c,248,0.0,0
iterative,o1_c,249,0.0,0
iterative,o1_c,250,0.0,0
iterative,o1_c,251,0.0,0
iterative,o1_c,252,0.0,0
iterative,o1_c,253,0.0,0
iterative,o1_c,254,0.0,0
iterative,o1_c,255,0.0,0
iterative,o1_c,256,0.0,0
iterative,o1_c,257,0.0,0
iterative,o1_c,258,0.0,0
iterative,o1_c,259,0.0,0
iterative,o1_c,260,0.0,0
iterative,o1_c,261,0.0,0
iterative,o1_c,262,0.0,0
iterative,o1_c,263,0.0,0
iterative,o1_c,264,0.0,0
iterative,o1_c,265,0.0,0
iterative,o1_c,266,0.0,0
iterative,o1_c,267,0.0,0
iterative,o1_c,268,0.0,0
iterative,o1_c,269,0.0,0
iterative,o1_c,270,0.0,0
iterative,o1_c,271,0.0,0
iterative,o1_c,272,0.0,0
iterative,o1_c,273,0.0,0
iterative,o1_c,274,0.0,0
iterative,o1_c,275,0.0,0
iterative,o1_c,276,0.0,0
iterative,o1_c,277,0.0,0
iterative,o1_c,278,0.0,0
iterative,o1_c,279,0.0,0
iterative,o1_c,280,0.0,0
iterative,o1_c,281,0.0,0
iterative,o1_c,282,0.0,0
iterative,o1_c,283,0.0,0
iterative,o1_c,284,0.0,0
iterative,o1_c,285,0.0,0
iterative,o1_c,286,0.0,0
iterative,o1_c,287,0.0,0
iterative,o1_c,288,0.0,0
iterative,o1_c,289,0.0,0
iterative,o1_c,290,0.0,0
iterative,o1_c,291,0.0,0
iterative,o1_c,292,0.0,0
iterative,o1_c,293,0.0,0
iterative,o1_c,294,0.0,0
iterative,o1_c,295,0.0,0
iterative,o1_c,296,0.0,0
iterative,o1_c,297,0.0,0
iterative,o1_c,298,0.0,0
iterative,o1_c,299,0.0,0
iterative,o1_c,300,0.0,0
iterative,o1_c,301,0.0,0
iterative,o1_c,302,0.0,0
iterative,o1_c,303,0.0,0
iterative,o1_c,304,0.0,0
iterative,o1_c,305,0.0,0
iterative,o1_c,306,0.0,0
iterative,o1_c,307,0.0,0
iterative,o1_c,308,0.0,0
iterative,o1_c,309,0.0,0
iterative,o1_c,310,0.0,0
iterative,o1_c,311,0.0,0
iterative,o1_c,312,0.0,0
iterative,o1_c,313,0.0,0
iterative,o1_c,314,0.0,0
iterative,o1_c,315,0.0,0
iterative,o1_c,316,0.0,0
iterative,o1_c,317,0.0,0
iterative,o1_c,318,0.0,0
iterative,o1_c,319,0.0,0
iterative,o1_c,320,0.0,0
iterative,o1_c,321,0.0,0
iterative,o1_c,322,0.0,0
iterative,o1_c,323,0.0,0
iterative,o1_c,324,0.0,0
iterative,o1_c,325,0.0,0
iterative,o1_c,326,0.0,0
iterative,o1_c,327,0.0,0
iterative,o1_c,328,0.0,0
iterative,o1_c,329,0.0,0
iterative,o1_c,330,0.0,0
iterative,o1_c,331,0.0,0
iterative,o1_c,332,0.0,0
iterative,o1_c,333,0.0,0
iterative,o1_c,334,0.0,0
iterative,o1_c,335,0.0,0
iterative,o1_c,336,0.0,0
iterative,o1_c,337,0.0,0
iterative,o1_c,338,0.0,0
iterative,o1_c,339,0.0,0
iterative,o1_c,340,0.0,0
iterative,o1_c,341,0.0,0
iterative,o1_c,342,0.0,0
iterative,o1_c,343,0.0,0
iterative,o1_c,344,0.0,0
iterative,o1_c,345,0.0,0
iterative,o1_c,346,0.0,0
iterative,o1_c,347,0.0,0
iterative,o1_c,348,0.0,0
iterative,o1_c,349,0.0,0
iterative,o1_c,350,0.0,0
iterative,o1_c,351,0.0,0
iterative,o1_c,352,0.0,0
iterative,o1_c,353,0.0,0
iterative,o1_c,354,0.0,0
iterative,o1_c,355,0.0,0
iterative,o1_c,356,0.0,0
iterative,o1_c,357,0.0,0
iterative,o1_c,358,0.0,0
iterative,o1_c,359,0.0,0
iterative,o1_c,360,0.0,0
iterative,o1_c,361,0.0,0
iterative,o1_c,362,0.0,0
iterative,o1_c,363,0.0,0
iterative,o1_c,364,0.0,0
iterative,o1_c,365,0.0,0
iterative,o1_c,366,0.0,0
iterative,o1_c,367,0.0,0
iterative,o1_c,368,0.0,0
iterative,o1_c,369,0.0,0
iterative,o1_c,370,0.0,0
iterative,o1_c,371,0.0,0
iterative,o1_c,372,0.0,0
iterative,o1_c,373,0.0,0
iterative,o1_c,374,0.0,0
iterative,o1_c,375,0.0,0
iterative,o1_c,376,0.0,0
iterative,o1_c,377,0.0,0
iterative,o1_c,378,0.0,0
iterative,o1_c,379,0.0,0
iterative,o1_c,380,0.0,0
iterative,o1_c,381,0.0,0
iterative,o1_c,382,0.0,0
iterative,o1_c,383,0.0,0
iterative,o1_c,384,0.0,0
iterative,o1_c,385,0.0,0
iterative,o1_c,386,0.0,0
iterative,o1_c,387,0.0,0
iterative,o1_c,388,0.0,0
iterative,o1_c,389,0.0,0
iterative,o1_c,390,0.0,0
iterative,o1_c,391,0.0,0
iterative,o1_c,392,0.0,0
iterative,o1_c,393,0.0,0
iterative,o1_c,394,0.0,0
iterative,o1_c,395,0.0,0
iterative,o1_c,396,0.0,0
iterative,o1_c,397,0.0,0
iterative,o1_c,398,0.0,0
iterative,o1_c,399,0.0,0
iterative,o1_c,400,0.0,0
iterative,o1_c,401,0.0,0
iterative,o1_c,402,0.0,0
iterative,o1_c,403,0.0,0
iterative,o1_c,404,0.0,0
iterative,o1_c,405,0.0,0
iterative,o1_c,406,0.0,0
iterative,o1_c,407,0.0,0
iterative,o1_c,408,0.0,0
iterative,o1_c,409,0.0,0
iterative,o1_c,410,0.0,0
iterative,o1_c,411,0.0,0
iterative,o1_c,412,0.0,0
iterative,o1_c,413,0.0,0
iterative,o1_c,414,0.0,0
iterative,o1_c,415,0.0,0
iterative,o1_c,416,0.0,0
iterative,o1_c,417,0.0,0
iterative,o1_c,418,0.0,0
iterative,o1_c,419,0.0,0
iterative,o1_c,420,0.0,0
iterative,o1_c,421,0.0,0
iterative,o1_c,422,0.0,0
iterative,o1_c,423,0.0,0
iterative,o1_c,424,0.0,0
iterative,o1_c,425,0.0,0
iterative,o1_c,426,0.0,0
iterative,o1_c,427,0.0,0
iterative,o1_c,428,0.0,0
iterative,o1_c,429,0.0,0
iterative,o1_c,430,0.0,0
iterative,o1_c,431,0.0,0
iterative,o1_c,432,0.0,0
iterative,o1_c,433,0.0,0
iterative,o1_c,434,0.0,0
iterative,o1_c,435,0.0,0
iterative,o1_c,436,0.0,0
iterative,o1_c,437,0.0,0
iterative,o1_c,438,0.0,0
iterative,o1_c,439,0.0,0
iterative,o1_c,440,0.0,0
iterative,o1_c,441,0.0,0
iterative,o1_c,442,0.0,0
iterative,o1_c,443,0.0,0
iterative,o1_c,444,0.0,0
iterative,o1_c,445,0.0,0
iterative,o1_c,446,0.0,0
iterative,o1_c,447,0.0,0
iterative,o1_c,448,0.0,0
iterative,o1_c,449,0.0,0
iterative,o1_c,450,0.0,0
iterative,o1_c,451,0.0,0
iterative,o1_c,452,0.0,0
iterative,o1_c,453,0.0,0
iterative,o1_c,454,0.0,0
iterative,o1_c,455,0.0,0
iterative,o1_c,456,0.0,0
iterative,o1_c,457,0.0,0
iterative,o1_c,458,0.0,0
iterative,o1_c,459,0.0,0
iterative,o1_c,460,0.0,0
iterative,o1_c,461,0.0,0
iterative,o1_c,462,0.0,0
iterative,o1_c,463,0.0,0
iterative,o1_c,464,0.0,0
iterative,o1_c,465,0.0,0
iterative,o1_c,466,0.0,0
iterative,o1_c,467,0.0,0
iterative,o1_c,468,0.0,0
iterative,o1_c,469,0.0,0
iterative,o1_c,470,0.0,0
iterative,o1_c,471,0.0,0
iterative,o1_c,472,0.0,0
iterative,o1_c,473,0.0,0
iterative,o1_c,474,0.0,0
iterative,o1_c,475,0.0,0
iterative,o1_c,476,0.0,0
iterative,o1_c,477,0.0,0
iterative,o1_c,478,0.0,0
iterative,o1_c,479,0.0,0
iterative,o1_c,480,0.0,0
iterative,o1_c,481,0.0,0
iterative,o1_c,482,0.0,0
iterative,o1_c,483,0.0,0
iterative,o1_c,484,0.0,0
iterative,o1_c,485,0.0,0
iterative,o1_c,486,0.0,0
iterative,o1_c,487,0.0,0
iterative,o1_c,488,0.0,0
iterative,o1_c,489,0.0,0
iterative,o1_c,490,0.0,0
iterative,o1_c,491,0.0,0
iterative,o1_c,492,0.0,0
iterative,o1_c,493,0.0,0
iterative,o1_c,494,0.0,0
iterative,o1_c,495,0.0,0
iterative,o1_c,496,0.0,0
iterative,o1_c,497,0.0,0
iterative,o1_c,498,0.0,0
iterative,o1_c,499,0.0,0
iterative,o1_c,500,0.0,0
iterative,o1_c,501,0.0,0
iterative,o1_c,502,0.0,0
iterative,o1_c,503,0.0,0
iterative,o1_c,504,0.0,0
iterative,o1_c,505,0.0,0
iterative,o1_c,506,0.0,0
iterative,o1_c,507,0.0,0
iterative,o1_c,508,0.0,0
iterative,o1_c,509,0.0,0
iterative,o1_c,510,0.0,0
iterative,o1_c,511,0.0,0
iterative,o1_c,512,0.0,0
iterative,o1_c,513,0.0,0
iterative,o1_c,514,0.0,0
iterative,o1_c,515,0.0,0
iterative,o1_c,516,0.0,0
iterative,o1_c,517,0.0,0
iterative,o1_c,518,0.0,0
iterative,o1_c,519,0.0,0
iterative,o1_c,520,0.0,0
iterative,o1_c,521,0.0,0
iterative,o1_c,522,0.0,0
iterative,o1_c,523,0.0,0
iterative,o1_c,524,0.0,0
iterative,o1_c,525,0.0,0
iterative,o1_c,526,0.0,0
iterative,o1_c,527,0.0,0
iterative,o1_c,528,0.0,0
iterative,o1_c,529,0.0,0
iterative,o1_c,530,0.0,0
iterative,o1_c,531,0.0,0
iterative,o1_c,532,0.0,0
iterative,o1_c,533,0.0,0
iterative,o1_c,534,0.0,0
iterative,o1_c,535,0.0,0
iterative,o1_c,536,0.0,0
iterative,o1_c,537,0.0,0
iterative,o1_c,538,0.0,0
iterative,o1_c,539,0.0,0
iterative,o1_c,540,0.0,0
iterative,o1_c,541,0.0,0
iterative,o1_c,542,0.0,0
iterative,o1_c,543,0.0,0
iterative,o1_c,544,0.0,0
iterative,o1_c,545,0.0,0
iterative,o1_c,546,0.0,0
iterative,o1_c,547,0.0,0
iterative,o1_c,548,0.0,0
iterative,o1_c,549,0.0,0
iterative,o1_c,550,0.0,0
iterative,o1_c,551,0.0,0
iterative,o1_c,552,0.0,0
iterative,o1_c,553,0.0,0
iterative,o1_c,554,0.0,0
iterative,o1_c,555,0.0,0
iterative,o1_c,556,0.0,0
iterative,o1_c,557,0.0,0
iterative,o1_c,558,0.0,0
iterative,o1_c,559,0.0,0
iterative,o1_c,560,0.0,0
iterative,o1_c,561,0.0,0
iterative,o1_c,562,0.0,0
iterative,o1_c,563,0.0,0
iterative,o1_c,564,0.0,0
iterative,o1_c,565,0.0,0
iterative,o1_c,566,0.0,0
iterative,o1_c,567,0.0,0
iterative,o1_c,568,0.0,0
iterative,o1_c,569,0.0,0
iterative,o1_c,570,0.0,0
iterative,o1_c,571,0.0,0
iterative,o1_c,572,0.0,0
iterative,o1_c,573,0.0,0
iterative,o1_c,574,0.0,0
iterative,o1_c,575,0.0,0
iterative,o1_c,576,0.0,0
iterative,o1_c,577,0.0,0
iterative,o1_c,578,0.0,0
iterative,o1_c,579,0.0,0
iterative,o1_c,580,0.0,0
iterative,o1_c,581,0.0,0
iterative,o1_c,582,0.0,0
iterative,o1_c,583,0.0,0
iterative,o1_c,584,0.0,0
iterative,o1_c,585,0.0,0
iterative,o1_c,586,0.0,0
iterative,o1_c,587,0.0,0
iterative,o1_c,588,0.0,0
iterative,o1_c,589,0.0,0
iterative,o1_c,590,0.0,0
iterative,o1_c,591,0.0,0
iterative,o1_c,592,0.0,0
iterative,o1_c,593,0.0,0
iterative,o1_c,594,0.0,0
iterative,o1_c,595,0.0,0
iterative,o1_c,596,0.0,0
iterative,o1_c,597,0.0,0
iterative,o1_c,598,0.0,0
iterative,o1_c,599,0.0,0
iterative,o1_c,600,0.0,0
iterative,o1_c,601,0.0,0
iterative,o1_c,602,0.0,0
iterative,o1_c,603,0.0,0
iterative,o1_c,604,0.0,0
iterative,o1_c,605,0.0,0
iterative,o1_c,606,0.0,0
iterative,o1_c,607,0.0,0
iterative,o1_c,608,0.0,0
iterative,o1_c,609,0.0,0
iterative,o1_c,610,0.0,0
iterative,o1_c,611,0.0,0
iterative,o1_c,612,0.0,0
iterative,o1_c,613,0.0,0
iterative,o1_c,614,0.0,0
iterative,o1_c,615,0.0,0
iterative,o1_c,616,0.0,0
iterative,o1_c,617,0.0,0
iterative,o1_c,618,0.0,0
iterative,o1_c,619,0.0,0
iterative,o1_c,620,0.0,0
iterative,o1_c,621,0.0,0
iterative,o1_c,622,0.0,0
iterative,o1_c,623,0.0,0
iterative,o1_c,624,0.0,0
iterative,o1_c,625,0.0,0
iterative,o1_c,626,0.0,0
iterative,o1_c,627,0.0,0
iterative,o1_c,628,0.0,0
iterative,o1_c,629,0.0,0
iterative,o1_c,630,0.0,0
iterative,o1_c,631,0.0,0
iterative,o1_c,632,0.0,0
iterative,o1_c,633,0.0,0
iterative,o1_c,634,0.0,0
iterative,o1_c,635,0.0,0
iterative,o1_c,636,0.0,0
iterative,o1_c,637,0.0,0
iterative,o1_c,638,0.0,0
iterative,o1_c,639,0.0,0
iterative,o1_c,640,0.0,0
iterative,o1_c,641,0.0,0
iterative,o1_c,642,0.0,0
iterative,o1_c,643,0.0,0
iterative,o1_c,644,0.0,0
iterative,o1_c,645,0.0,0
iterative,o1_c,646,0.0,0
iterative,o1_c,647,0.0,0
iterative,o1_c,648,0.0,0
iterative,o1_c,649,0.0,0
iterative,o1_c,650,0.0,0
iterative,o1_c,651,0.0,0
iterative,o1_c,652,0.0,0
iterative,o1_c,653,0.0,0
iterative,o1_c,654,0.0,0
iterative,o1_c,655,0.0,0
iterative,o1_c,656,0.0,0
iterative,o1_c,657,0.0,0
iterative,o1_c,658,0.0,0
iterative,o1_c,659,0.0,0
iterative,o1_c,660,0.0,0
iterative,o1_c,661,0.0,0
iterative,o1_c,662,0.0,0
iterative,o1_c,663,0.0,0
iterative,o1_c,664,0.0,0
iterative,o1_c,665,0.0,0
iterative,o1_c,666,0.0,0
iterative,o1_c,667,0.0,0
iterative,o1_c,668,0.0,0
iterative,o1_c,669,0.0,0
iterative,o1_c,670,0.0,0
iterative,o1_c,671,0.0,0
iterative,o1_c,672,0.0,0
iterative,o1_c,673,0.0,0
iterative,o1_c,674,0.0,0
iterative,o1_c,675,0.0,0
iterative,o1_c,676,0.0,0
iterative,o1_c,677,0.0,0
iterative,o1_c,678,0.0,0
iterative,o1_c,679,0.0,0
iterative,o1_c,680,0.0,0
iterative,o1_c,681,0.0,0
iterative,o1_c,682,0.0,0
iterative,o1_c,683,0.0,0
iterative,o1_c,684,0.0,0
iterative,o1_c,685,0.0,0
iterative,o1_c,686,0.0,0
iterative,o1_c,687,0.0,0
iterative,o1_c,688,0.0,0
iterative,o1_c,689,0.0,0
iterative,o1_c,690,0.0,0
iterative,o1_c,691,0.0,0
iterative,o1_c,692,0.0,0
iterative,o1_c,693,0.0,0
iterative,o1_c,694,0.0,0
iterative,o1_c,695,0.0,0
iterative,o1_c,696,0.0,0
iterative,o1_c,697,0.0,0
iterative,o1_c,698,0.0,0
iterative,o1_c,699,0.0,0
iterative,o1_c,700,0.0,0
iterative,o1_c,701,0.0,0
iterative,o1_c,702,0.0,0
iterative,o1_c,703,0.0,0
iterative,o1_c,704,0.0,0
iterative,o1_c,705,0.0,0
iterative,o1_c,706,0.0,0
iterative,o1_c,707,0.0,0
iterative,o1_c,708,0.0,0
iterative,o1_c,709,0.0,0
iterative,o1_c,710,0.0,0
iterative,o1_c,711,0.0,0
iterative,o1_c,712,0.0,0
iterative,o1_c,713,0.0,0
iterative,o1_c,714,0.0,0
iterative,o1_c,715,0.0,0
iterative,o1_c,716,0.0,0
iterative,o1_c,717,0.0,0
iterative,o1_c,718,0.0,0
iterative,o1_c,719,0.0,0
iterative,o1_c,720,0.0,0
iterative,o1_c,721,0.0,0
iterative,o1_c,722,0.0,0
iterative,o1_c,723,0.0,0
iterative,o1_c,724,0.0,0
iterative,o1_c,725,0.0,0
iterative,o1_c,726,0.0,0
iterative,o1_c,727,0.0,0
iterative,o1_c,728,0.0,0
iterative,o1_c,729,0.0,0
iterative,o1_c,730,0.0,0
iterative,o1_c,731,0.0,0
iterative,o1_c,732,0.0,0
iterative,o1_c,733,0.0,0
iterative,o1_c,734,0.0,0
iterative,o1_c,735,0.0,0
iterative,o1_c,736,0.0,0
iterative,o1_c,737,0.0,0
iterative,o1_c,738,0.0,0
iterative,o1_c,739,0.0,0
iterative,o1_c,740,0.0,0
iterative,o1_c,741,0.0,0
iterative,o1_c,742,0.0,0
iterative,o1_c,743,0.0,0
iterative,o1_c,744,0.0,0
iterative,o1_c,745,0.0,0
iterative,o1_c,746,0.0,0
iterative,o1_c,747,0.0,0
iterative,o1_c,748,0.0,0
iterative,o1_c,749,0.0,0
iterative,o1_c,750,0.0,0
iterative,o1_c,751,0.0,0
iterative,o1_c,752,0.0,0
iterative,o1_c,753,0.0,0
iterative,o1_c,754,0.0,0
iterative,o1_c,755,0.0,0
iterative,o1_c,756,0.0,0
iterative,o1_c,757,0.0,0
iterative,o1_c,758,0.0,0
iterative,o1_c,759,0.0,0
iterative,o1_c,760,0.0,0
iterative,o1_c,761,0.0,0
iterative,o1_c,762,0.0,0
iterative,o1_c,763,0.0,0
iterative,o1_c,764,0.0,0
iterative,o1_c,765,0.0,0
iterative,o1_c,766,0.0,0
iterative,o1_c,767,0.0,0
iterative,o1_c,768,0.0,0
iterative,o1_c,769,0.0,0
iterative,o1_c,770,0.0,0
iterative,o1_c,771,0.0,0
iterative,o1_c,772,0.0,0
iterative,o1_c,773,0.0,0
iterative,o1_c,774,0.0,0
iterative,o1_c,775,0.0,0
iterative,o1_c,776,0.0,0
iterative,o1_c,777,0.0,0
iterative,o1_c,778,0.0,0
iterative,o1_c,779,0.0,0
iterative,o1_c,780,0.0,0
iterative,o1_c,781,0.0,0
iterative,o1_c,782,0.0,0
iterative,o1_c,783,0.0,0
iterative,o1_c,784,0.0,0
iterative,o1_c,785,0.0,0
iterative,o1_c,786,0.0,0
iterative,o1_c,787,0.0,0
iterative,o1_c,788,0.0,0
iterative,o1_c,789,0.0,0
iterative,o1_c,790,0.0,0
iterative,o1_c,791,0.0,0
iterative,o1_c,792,0.0,0
iterative,o1_c,793,0.0,0
iterative,o1_c,794,0.0,0
iterative,o1_c,795,0.0,0
iterative,o1_c,796,0.0,0
iterative,o1_c,797,0.0,0
iterative,o1_c,798,0.0,0
iterative,o1_c,799,0.0,0
iterative,o1_c,800,0.0,0
iterative,o1_c,801,0.0,0
iterative,o1_c,802,0.0,0
iterative,o1_c,803,0.0,0
iterative,o1_c,804,0.0,0
iterative,o1_c,805,0.0,0
iterative,o1_c,806,0.0,0
iterative,o1_c,807,0.0,0
iterative,o1_c,808,0.0,0
iterative,o1_c,809,0.0,0
iterative,o1_c,810,0.0,0
iterative,o1_c,811,0.0,0
iterative,o1_c,812,0.0,0
iterative,o1_c,813,0.0,0
iterative,o1_c,814,0.0,0
iterative,o1_c,815,0.0,0
iterative,o1_c,816,0.0,0
iterative,o1_c,817,0.0,0
iterative,o1_c,818,0.0,0
iterative,o1_c,819,0.0,0
iterative,o1_c,820,0.0,0
iterative,o1_c,821,0.0,0
iterative,o1_c,822,0.0,0
iterative,o1_c,823,0.0,0
iterative,o1_c,824,0.0,0
iterative,o1_c,825,0.0,0
iterative,o1_c,826,0.0,0
iterative,o1_c,827,0.0,0
iterative,o1_c,828,0.0,0
iterative,o1_c,829,0.0,0
iterative,o1_c,830,0.0,0
iterative,o1_c,831,0.0,0
iterative,o1_c,832,0.0,0
iterative,o1_c,833,0.0,0
iterative,o1_c,834,0.0,0
iterative,o1_c,835,0.0,0
iterative,o1_c,836,0.0,0
iterative,o1_c,837,0.0,0
iterative,o1_c,838,0.0,0
iterative,o1_c,839,0.0,0
iterative,o1_c,840,0.0,0
iterative,o1_c,841,0.0,0
iterative,o1_c,842,0.0,0
iterative,o1_c,843,0.0,0
iterative,o1_c,844,0.0,0
iterative,o1_c,845,0.0,0
iterative,o1_c,846,0.0,0
iterative,o1_c,847,0.0,0
iterative,o1_c,848,0.0,0
iterative,o1_c,849,0.0,0
iterative,o1_c,850,0.0,0
iterative,o1_c,851,0.0,0
iterative,o1_c,852,0.0,0
iterative,o1_c,853,0.0,0
iterative,o1_c,854,0.0,0
iterative,o1_c,855,0.0,0
iterative,o1_c,856,0.0,0
iterative,o1_c,857,0.0,0
iterative,o1_c,858,0.0,0
iterative,o1_c,859,0.0,0
iterative,o1_c,860,0.0,0
iterative,o1_c,861,0.0,0
iterative,o1_c,862,0.0,0
iterative,o1_c,863,0.0,0
iterative,o1_c,864,0.0,0
iterative,o1_c,865,0.0,0
iterative,o1_c,866,0.0,0
iterative,o1_c,867,0.0,0
iterative,o1_c,868,0.0,0
iterative,o1_c,869,0.0,0
iterative,o1_c,870,0.0,0
iterative,o1_c,871,0.0,0
iterative,o1_c,872,0.0,0
iterative,o1_c,873,0.0,0
iterative,o1_c,874,0.0,0
iterative,o1_c,875,0.0,0
iterative,o1_c,876,0.0,0
iterative,o1_c,877,0.0,0
iterative,o1_c,878,0.0,0
iterative,o1_c,879,0.0,0
iterative,o1_c,880,0.0,0
iterative,o1_c,881,0.0,0
iterative,o1_c,882,0.0,0
iterative,o1_c,883,0.0,0
iterative,o1_c,884,0.0,0
iterative,o1_c,885,0.0,0
iterative,o1_c,886,0.0,0
iterative,o1_c,887,0.0,0
iterative,o1_c,888,0.0,0
iterative,o1_c,889,0.0,0
iterative,o1_c,890,0.0,0
iterative,o1_c,891,0.0,0
iterative,o1_c,892,0.0,0
iterative,o1_c,893,0.0,0
iterative,o1_c,894,0.0,0
iterative,o1_c,895,0.0,0
iterative,o1_c,896,0.0,0
iterative,o1_c,897,0.0,0
iterative,o1_c,898,0.0,0
iterative,o1_c,899,0.0,0
iterative,o1_c,900,0.0,0
iterative,o1_c,901,0.0,0
iterative,o1_c,902,0.0,0
iterative,o1_c,903,0.0,0
iterative,o1_c,904,0.0,0
iterative,o1_c,905,0.0,0
iterative,o1_c,906,0.0,0
iterative,o1_c,907,0.0,0
iterative,o1_c,908,0.0,0
iterative,o1_c,909,0.0,0
iterative,o1_c,910,0.0,0
iterative,o1_c,911,0.0,0
iterative,o1_c,912,0.0,0
iterative,o1_c,913,0.0,0
iterative,o1_c,914,0.0,0
iterative,o1_c,915,0.0,0
iterative,o1_c,916,0.0,0
iterative,o1_c,917,0.0,0
iterative,o1_c,918,0.0,0
iterative,o1_c,919,0.0,0
iterative,o1_c,920,0.0,0
iterative,o1_c,921,0.0,0
iterative,o1_c,922,0.0,0
iterative,o1_c,923,0.0,0
iterative,o1_c,924,0.0,0
iterative,o1_c,925,0.0,0
iterative,o1_c,926,0.0,0
iterative,o1_c,927,0.0,0
iterative,o1_c,928,0.0,0
iterative,o1_c,929,0.0,0
iterative,o1_c,930,0.0,0
iterative,o1_c,931,0.0,0
iterative,o1_c,932,0.0,0
iterative,o1_c,933,0.0,0
iterative,o1_c,934,0.0,0
iterative,o1_c,935,0.0,0
iterative,o1_c,936,0.0,0
iterative,o1_c,937,0.0,0
iterative,o1_c,938,0.0,0
iterative,o1_c,939,0.0,0
iterative,o1_c,940,0.0,0
iterative,o1_c,941,0.0,0
iterative,o1_c,942,0.0,0
iterative,o1_c,943,0.0,0
iterative,o1_c,944,0.0,0
iterative,o1_c,945,0.0,0
iterative,o1_c,946,0.0,0
iterative,o1_c,947,0.0,0
iterative,o1_c,948,0.0,0
iterative,o1_c,949,0.0,0
iterative,o1_c,950,0.0,0
iterative,o1_c,951,0.0,0
iterative,o1_c,952,0.0,0
iterative,o1_c,953,0.0,0
iterative,o1_c,954,0.0,0
iterative,o1_c,955,0.0,0
iterative,o1_c,956,0.0,0
iterative,o1_c,957,0.0,0
iterative,o1_c,958,0.0,0
iterative,o1_c,959,0.0,0
iterative,o1_c,960,0.0,0
iterative,o1_c,961,0.0,0
iterative,o1_c,962,0.0,0
iterative,o1_c,963,0.0,0
iterative,o1_c,964,0.0,0
iterative,o1_c,965,0.0,0
iterative,o1_c,966,0.0,0
iterative,o1_c,967,0.0,0
iterative,o1_c,968,0.0,0
iterative,o1_c,969,0.0,0
iterative,o1_c,970,0.0,0
iterative,o1_c,971,0.0,0
iterative,o1_c,972,0.0,0
iterative,o1_c,973,0.0,0
iterative,o1_c,974,0.0,0
iterative,o1_c,975,0.0,0
iterative,o1_c,976,0.0,0
iterative,o1_c,977,0.0,0
iterative,o1_c,978,0.0,0
iterative,o1_c,979,0.0,0
iterative,o1_c,980,0.0,0
iterative,o1_c,981,0.0,0
iterative,o1_c,982,0.0,0
iterative,o1_c,983,0.0,0
iterative,o1_c,984,0.0,0
iterative,o1_c,985,0.0,0
iterative,o1_c,986,0.0,0
iterative,o1_c,987,0.0,0
iterative,o1_c,988,0.0,0
iterative,o1_c,989,0.0,0
iterative,o1_c,990,0.0,0
iterative,o1_c,991,0.0,0
iterative,o1_c,992,0.0,0
iterative,o1_c,993,0.0,0
iterative,o1_c,994,0.0,0
iterative,o1_c,995,0.0,0
iterative,o1_c,996,0.0,0
iterative,o1_c,997,0.0,0
iterative,o1_c,998,0.0,0
iterative,o1_c,999,0.0,0
iterative,gemini_25_pro_b,0,0.97609375,1
iterative,gemini_25_pro_b,1,0.0,0
iterative,gemini_25_pro_b,2,0.971875,1
iterative,gemini_25_pro_b,3,0.9746875,1
iterative,gemini_25_pro_b,4,0.0,0
iterative,gemini_25_pro_b,5,0.97609375,1
iterative,gemini_25_pro_b,6,0.98171875,1
iterative,gemini_25_pro_b,7,0.9775,1
iterative,gemini_25_pro_b,8,0.96625,1
iterative,gemini_25_pro_b,9,0.9803125,1
iterative,gemini_25_pro_b,10,0.0,0
iterative,gemini_25_pro_b,11,0.0,0
iterative,gemini_25_pro_b,12,0.97890625,1
iterative,gemini_25_pro_b,13,0.9634375,1
iterative,gemini_25_pro_b,14,0.0,0
iterative,gemini_25_pro_b,15,0.971875,1
iterative,gemini_25_pro_b,16,0.96625,1
iterative,gemini_25_pro_b,17,0.9634375,1
iterative,gemini_25_pro_b,18,0.97609375,1
iterative,gemini_25_pro_b,19,0.0,0
iterative,gemini_25_pro_b,20,0.97609375,1
iterative,gemini_25_pro_b,21,0.96625,1
iterative,gemini_25_pro_b,22,0.97328125,1
iterative,gemini_25_pro_b,23,0.97328125,1
iterative,gemini_25_pro_b,24,0.960625,1
iterative,gemini_25_pro_b,25,0.97890625,1
iterative,gemini_25_pro_b,26,0.97328125,1
iterative,gemini_25_pro_b,27,0.0,0
iterative,gemini_25_pro_b,28,0.9803125,1
iterative,gemini_25_pro_b,29,0.9746875,1
iterative,gemini_25_pro_b,30,0.96625,1
iterative,gemini_25_pro_b,31,0.96765625,1
iterative,gemini_25_pro_b,32,0.97046875,1
iterative,gemini_25_pro_b,33,0.9690625,1
iterative,gemini_25_pro_b,34,0.97328125,1
iterative,gemini_25_pro_b,35,0.9775,1
iterative,gemini_25_pro_b,36,0.971875,1
iterative,gemini_25_pro_b,37,0.0,0
iterative,gemini_25_pro_b,38,0.0,0
iterative,gemini_25_pro_b,39,0.971875,1
iterative,gemini_25_pro_b,40,0.97046875,1
iterative,gemini_25_pro_b,41,0.96203125,1
iterative,gemini_25_pro_b,42,0.971875,1
iterative,gemini_25_pro_b,43,0.0,0
iterative,gemini_25_pro_b,44,0.96625,1
iterative,gemini_25_pro_b,45,0.9746875,1
iterative,gemini_25_pro_b,46,0.97046875,1
iterative,gemini_25_pro_b,47,0.0,0
iterative,gemini_25_pro_b,48,0.97046875,1
iterative,gemini_25_pro_b,49,0.0,0
iterative,gemini_25_pro_b,50,0.971875,1
iterative,gemini_25_pro_b,51,0.971875,1
iterative,gemini_25_pro_b,52,0.971875,1
iterative,gemini_25_pro_b,53,0.96484375,1
iterative,gemini_25_pro_b,54,0.983125,1
iterative,gemini_25_pro_b,55,0.96765625,1
iterative,gemini_25_pro_b,56,0.9775,1
iterative,gemini_25_pro_b,57,0.0,0
iterative,gemini_25_pro_b,58,0.96765625,1
iterative,gemini_25_pro_b,59,0.96765625,1
iterative,gemini_25_pro_b,60,0.0,0
iterative,gemini_25_pro_b,61,0.97328125,1
iterative,gemini_25_pro_b,62,0.971875,1
iterative,gemini_25_pro_b,63,0.0,0
iterative,gemini_25_pro_b,64,0.96625,1
iterative,gemini_25_pro_b,65,0.0,0
iterative,gemini_25_pro_b,66,0.97609375,1
iterative,gemini_25_pro_b,67,0.97328125,1
iterative,gemini_25_pro_b,68,0.97328125,1
iterative,gemini_25_pro_b,69,0.0,0
iterative,gemini_25_pro_b,70,0.96625,1
iterative,gemini_25_pro_b,71,0.97328125,1
iterative,gemini_25_pro_b,72,0.97328125,1
iterative,gemini_25_pro_b,73,0.96625,1
iterative,gemini_25_pro_b,74,0.9803125,1
iterative,gemini_25_pro_b,75,0.97046875,1
iterative,gemini_25_pro_b,76,0.9690625,1
iterative,gemini_25_pro_b,77,0.97328125,1
iterative,gemini_25_pro_b,78,0.9690625,1
iterative,gemini_25_pro_b,79,0.9803125,1
iterative,gemini_25_pro_b,80,0.96625,1
iterative,gemini_25_pro_b,81,0.0,0
iterative,gemini_25_pro_b,82,0.9803125,1
iterative,gemini_25_pro_b,83,0.9746875,1
iterative,gemini_25_pro_b,84,0.97890625,1
iterative,gemini_25_pro_b,85,0.0,0
iterative,gemini_25_pro_b,86,0.96484375,1
iterative,gemini_25_pro_b,87,0.9690625,1
iterative,gemini_25_pro_b,88,0.9690625,1
iterative,gemini_25_pro_b,89,0.9746875,1
iterative,gemini_25_pro_b,90,0.971875,1
iterative,gemini_25_pro_b,91,0.96484375,1
iterative,gemini_25_pro_b,92,0.96625,1
iterative,gemini_25_pro_b,93,0.96625,1
iterative,gemini_25_pro_b,94,0.9775,1
iterative,gemini_25_pro_b,95,0.971875,1
iterative,gemini_25_pro_b,96,0.9746875,1
iterative,gemini_25_pro_b,97,0.97609375,1
iterative,gemini_25_pro_b,98,0.97046875,1
iterative,gemini_25_pro_b,99,0.97046875,1
iterative,gemini_25_pro_b,100,0.97328125,1
iterative,gemini_25_pro_b,101,0.96484375,1
iterative,gemini_25_pro_b,102,0.9690625,1
iterative,gemini_25_pro_b,103,0.97046875,1
iterative,gemini_25_pro_b,104,0.9775,1
iterative,gemini_25_pro_b,105,0.9690625,1
iterative,gemini_25_pro_b,106,0.97328125,1
iterative,gemini_25_pro_b,107,0.0,0
iterative,gemini_25_pro_b,108,0.97890625,1
iterative,gemini_25_pro_b,109,0.9775,1
iterative,gemini_25_pro_b,110,0.97046875,1
iterative,gemini_25_pro_b,111,0.0,0
iterative,gemini_25_pro_b,112,0.0,0
iterative,gemini_25_pro_b,113,0.96765625,1
iterative,gemini_25_pro_b,114,0.9803125,1
iterative,gemini_25_pro_b,115,0.9803125,1
iterative,gemini_25_pro_b,116,0.0,0
iterative,gemini_25_pro_b,117,0.96625,1
iterative,gemini_25_pro_b,118,0.97328125,1
iterative,gemini_25_pro_b,119,0.97609375,1
iterative,gemini_25_pro_b,120,0.971875,1
iterative,gemini_25_pro_b,121,0.0,0
iterative,gemini_25_pro_b,122,0.9690625,1
iterative,gemini_25_pro_b,123,0.0,0
iterative,gemini_25_pro_b,124,0.96765625,1
iterative,gemini_25_pro_b,125,0.97328125,1
iterative,gemini_25_pro_b,126,0.9859375,1
iterative,gemini_25_pro_b,127,0.971875,1
iterative,gemini_25_pro_b,128,0.97046875,1
iterative,gemini_25_pro_b,129,0.97328125,1
iterative,gemini_25_pro_b,130,0.9775,1
iterative,gemini_25_pro_b,131,0.971875,1
iterative,gemini_25_pro_b,132,0.9775,1
iterative,gemini_25_pro_b,133,0.97890625,1
iterative,gemini_25_pro_b,134,0.971875,1
iterative,gemini_25_pro_b,135,0.971875,1
iterative,gemini_25_pro_b,136,0.96625,1
iterative,gemini_25_pro_b,137,0.97328125,1
iterative,gemini_25_pro_b,138,0.97328125,1
iterative,gemini_25_pro_b,139,0.9746875,1
iterative,gemini_25_pro_b,140,0.9746875,1
iterative,gemini_25_pro_b,141,0.9803125,1
iterative,gemini_25_pro_b,142,0.0,0
iterative,gemini_25_pro_b,143,0.97046875,1
iterative,gemini_25_pro_b,144,0.97609375,1
iterative,gemini_25_pro_b,145,0.9775,1
iterative,gemini_25_pro_b,146,0.97046875,1
iterative,gemini_25_pro_b,147,0.9746875,1
iterative,gemini_25_pro_b,148,0.97609375,1
iterative,gemini_25_pro_b,149,0.9803125,1
iterative,gemini_25_pro_b,150,0.96625,1
iterative,gemini_25_pro_b,151,0.97609375,1
iterative,gemini_25_pro_b,152,0.96484375,1
iterative,gemini_25_pro_b,153,0.0,0
iterative,gemini_25_pro_b,154,0.9803125,1
iterative,gemini_25_pro_b,155,0.97328125,1
iterative,gemini_25_pro_b,156,0.9803125,1
iterative,gemini_25_pro_b,157,0.971875,1
iterative,gemini_25_pro_b,158,0.971875,1
iterative,gemini_25_pro_b,159,0.96625,1
iterative,gemini_25_pro_b,160,0.97046875,1
iterative,gemini_25_pro_b,161,0.96765625,1
iterative,gemini_25_pro_b,162,0.9690625,1
iterative,gemini_25_pro_b,163,0.96625,1
iterative,gemini_25_pro_b,164,0.0,0
iterative,gemini_25_pro_b,165,0.97046875,1
iterative,gemini_25_pro_b,166,0.0,0
iterative,gemini_25_pro_b,167,0.9634375,1
iterative,gemini_25_pro_b,168,0.9775,1
iterative,gemini_25_pro_b,169,0.971875,1
iterative,gemini_25_pro_b,170,0.0,0
iterative,gemini_25_pro_b,171,0.97890625,1
iterative,gemini_25_pro_b,172,0.9803125,1
iterative,gemini_25_pro_b,173,0.98171875,1
iterative,gemini_25_pro_b,174,0.9775,1
iterative,gemini_25_pro_b,175,0.96625,1
iterative,gemini_25_pro_b,176,0.9746875,1
iterative,gemini_25_pro_b,177,0.97328125,1
iterative,gemini_25_pro_b,178,0.97609375,1
iterative,gemini_25_pro_b,179,0.97609375,1
iterative,gemini_25_pro_b,180,0.0,0
iterative,gemini_25_pro_b,181,0.96765625,1
iterative,gemini_25_pro_b,182,0.9690625,1
iterative,gemini_25_pro_b,183,0.97328125,1
iterative,gemini_25_pro_b,184,0.97046875,1
iterative,gemini_25_pro_b,185,0.971875,1
iterative,gemini_25_pro_b,186,0.9803125,1
iterative,gemini_25_pro_b,187,0.97328125,1
iterative,gemini_25_pro_b,188,0.9803125,1
iterative,gemini_25_pro_b,189,0.96625,1
iterative,gemini_25_pro_b,190,0.97328125,1
iterative,gemini_25_pro_b,191,0.971875,1
iterative,gemini_25_pro_b,192,0.97890625,1
iterative,gemini_25_pro_b,193,0.96625,1
iterative,gemini_25_pro_b,194,0.96765625,1
iterative,gemini_25_pro_b,195,0.9746875,1
iterative,gemini_25_pro_b,196,0.0,0
iterative,gemini_25_pro_b,197,0.971875,1
iterative,gemini_25_pro_b,198,0.96625,1
iterative,gemini_25_pro_b,199,0.97328125,1
iterative,gemini_25_pro_b,200,0.97890625,1
iterative,gemini_25_pro_b,201,0.9775,1
iterative,gemini_25_pro_b,202,0.97328125,1
iterative,gemini_25_pro_b,203,0.97046875,1
iterative,gemini_25_pro_b,204,0.97046875,1
iterative,gemini_25_pro_b,205,0.96625,1
iterative,gemini_25_pro_b,206,0.96625,1
iterative,gemini_25_pro_b,207,0.0,0
iterative,gemini_25_pro_b,208,0.97890625,1
iterative,gemini_25_pro_b,209,0.9690625,1
iterative,gemini_25_pro_b,210,0.9746875,1
iterative,gemini_25_pro_b,211,0.97328125,1
iterative,gemini_25_pro_b,212,0.0,0
iterative,gemini_25_pro_b,213,0.97046875,1
iterative,gemini_25_pro_b,214,0.0,0
iterative,gemini_25_pro_b,215,0.9775,1
iterative,gemini_25_pro_b,216,0.9690625,1
iterative,gemini_25_pro_b,217,0.96765625,1
iterative,gemini_25_pro_b,218,0.96625,1
iterative,gemini_25_pro_b,219,0.0,0
iterative,gemini_25_pro_b,220,0.97890625,1
iterative,gemini_25_pro_b,221,0.9775,1
iterative,gemini_25_pro_b,222,0.9634375,1
iterative,gemini_25_pro_b,223,0.9690625,1
iterative,gemini_25_pro_b,224,0.9775,1
iterative,gemini_25_pro_b,225,0.97046875,1
iterative,gemini_25_pro_b,226,0.971875,1
iterative,gemini_25_pro_b,227,0.97890625,1
iterative,gemini_25_pro_b,228,0.96625,1
iterative,gemini_25_pro_b,229,0.97046875,1
iterative,gemini_25_pro_b,230,0.97328125,1
iterative,gemini_25_pro_b,231,0.96765625,1
iterative,gemini_25_pro_b,232,0.97046875,1
iterative,gemini_25_pro_b,233,0.971875,1
iterative,gemini_25_pro_b,234,0.971875,1
iterative,gemini_25_pro_b,235,0.96625,1
iterative,gemini_25_pro_b,236,0.971875,1
iterative,gemini_25_pro_b,237,0.9775,1
iterative,gemini_25_pro_b,238,0.97046875,1
iterative,gemini_25_pro_b,239,0.97046875,1
iterative,gemini_25_pro_b,240,0.97046875,1
iterative,gemini_25_pro_b,241,0.97328125,1
iterative,gemini_25_pro_b,242,0.97046875,1
iterative,gemini_25_pro_b,243,0.97328125,1
iterative,gemini_25_pro_b,244,0.9690625,1
iterative,gemini_25_pro_b,245,0.97046875,1
iterative,gemini_25_pro_b,246,0.96765625,1
iterative,gemini_25_pro_b,247,0.97328125,1
iterative,gemini_25_pro_b,248,0.96765625,1
iterative,gemini_25_pro_b,249,0.96484375,1
iterative,gemini_25_pro_b,250,0.97890625,1
iterative,gemini_25_pro_b,251,0.971875,1
iterative,gemini_25_pro_b,252,0.97046875,1
iterative,gemini_25_pro_b,253,0.97328125,1
iterative,gemini_25_pro_b,254,0.960625,1
iterative,gemini_25_pro_b,255,0.0,0
iterative,gemini_25_pro_b,256,0.96765625,1
iterative,gemini_25_pro_b,257,0.983125,1
iterative,gemini_25_pro_b,258,0.97328125,1
iterative,gemini_25_pro_b,259,0.97890625,1
iterative,gemini_25_pro_b,260,0.9634375,1
iterative,gemini_25_pro_b,261,0.0,0
iterative,gemini_25_pro_b,262,0.9690625,1
iterative,gemini_25_pro_b,263,0.97609375,1
iterative,gemini_25_pro_b,264,0.0,0
iterative,gemini_25_pro_b,265,0.96484375,1
iterative,gemini_25_pro_b,266,0.97046875,1
iterative,gemini_25_pro_b,267,0.96765625,1
iterative,gemini_25_pro_b,268,0.97328125,1
iterative,gemini_25_pro_b,269,0.96484375,1
iterative,gemini_25_pro_b,270,0.97046875,1
iterative,gemini_25_pro_b,271,0.9746875,1
iterative,gemini_25_pro_b,272,0.0,0
iterative,gemini_25_pro_b,273,0.971875,1
iterative,gemini_25_pro_b,274,0.96765625,1
iterative,gemini_25_pro_b,275,0.0,0
iterative,gemini_25_pro_b,276,0.97890625,1
iterative,gemini_25_pro_b,277,0.0,0
iterative,gemini_25_pro_b,278,0.983125,1
iterative,gemini_25_pro_b,279,0.97046875,1
iterative,gemini_25_pro_b,280,0.9746875,1
iterative,gemini_25_pro_b,281,0.97328125,1
iterative,gemini_25_pro_b,282,0.97046875,1
iterative,gemini_25_pro_b,283,0.97046875,1
iterative,gemini_25_pro_b,284,0.0,0
iterative,gemini_25_pro_b,285,0.97046875,1
iterative,gemini_25_pro_b,286,0.971875,1
iterative,gemini_25_pro_b,287,0.971875,1
iterative,gemini_25_pro_b,288,0.971875,1
iterative,gemini_25_pro_b,289,0.9690625,1
iterative,gemini_25_pro_b,290,0.97046875,1
iterative,gemini_25_pro_b,291,0.97890625,1
iterative,gemini_25_pro_b,292,0.97046875,1
iterative,gemini_25_pro_b,293,0.97609375,1
iterative,gemini_25_pro_b,294,0.9746875,1
iterative,gemini_25_pro_b,295,0.97609375,1
iterative,gemini_25_pro_b,296,0.9803125,1
iterative,gemini_25_pro_b,297,0.97890625,1
iterative,gemini_25_pro_b,298,0.96625,1
iterative,gemini_25_pro_b,299,0.9746875,1
iterative,gemini_25_pro_b,300,0.0,0
iterative,gemini_25_pro_b,301,0.0,0
iterative,gemini_25_pro_b,302,0.971875,1
iterative,gemini_25_pro_b,303,0.9775,1
iterative,gemini_25_pro_b,304,0.9690625,1
iterative,gemini_25_pro_b,305,0.96625,1
iterative,gemini_25_pro_b,306,0.98171875,1
iterative,gemini_25_pro_b,307,0.97046875,1
iterative,gemini_25_pro_b,308,0.0,0
iterative,gemini_25_pro_b,309,0.9690625,1
iterative,gemini_25_pro_b,310,0.0,0
iterative,gemini_25_pro_b,311,0.9746875,1
iterative,gemini_25_pro_b,312,0.0,0
iterative,gemini_25_pro_b,313,0.96625,1
iterative,gemini_25_pro_b,314,0.9746875,1
iterative,gemini_25_pro_b,315,0.97046875,1
iterative,gemini_25_pro_b,316,0.97328125,1
iterative,gemini_25_pro_b,317,0.0,0
iterative,gemini_25_pro_b,318,0.0,0
iterative,gemini_25_pro_b,319,0.96484375,1
iterative,gemini_25_pro_b,320,0.97890625,1
iterative,gemini_25_pro_b,321,0.9746875,1
iterative,gemini_25_pro_b,322,0.0,0
iterative,gemini_25_pro_b,323,0.9690625,1
iterative,gemini_25_pro_b,324,0.97328125,1
iterative,gemini_25_pro_b,325,0.0,0
iterative,gemini_25_pro_b,326,0.9746875,1
iterative,gemini_25_pro_b,327,0.9690625,1
iterative,gemini_25_pro_b,328,0.0,0
iterative,gemini_25_pro_b,329,0.9746875,1
iterative,gemini_25_pro_b,330,0.971875,1
iterative,gemini_25_pro_b,331,0.97609375,1
iterative,gemini_25_pro_b,332,0.97328125,1
iterative,gemini_25_pro_b,333,0.97609375,1
iterative,gemini_25_pro_b,334,0.971875,1
iterative,gemini_25_pro_b,335,0.9803125,1
iterative,gemini_25_pro_b,336,0.96625,1
iterative,gemini_25_pro_b,337,0.97609375,1
iterative,gemini_25_pro_b,338,0.96765625,1
iterative,gemini_25_pro_b,339,0.0,0
iterative,gemini_25_pro_b,340,0.97046875,1
iterative,gemini_25_pro_b,341,0.9775,1
iterative,gemini_25_pro_b,342,0.96765625,1
iterative,gemini_25_pro_b,343,0.9775,1
iterative,gemini_25_pro_b,344,0.0,0
iterative,gemini_25_pro_b,345,0.9690625,1
iterative,gemini_25_pro_b,346,0.9690625,1
iterative,gemini_25_pro_b,347,0.9746875,1
iterative,gemini_25_pro_b,348,0.9746875,1
iterative,gemini_25_pro_b,349,0.96765625,1
iterative,gemini_25_pro_b,350,0.97046875,1
iterative,gemini_25_pro_b,351,0.9775,1
iterative,gemini_25_pro_b,352,0.96765625,1
iterative,gemini_25_pro_b,353,0.0,0
iterative,gemini_25_pro_b,354,0.97328125,1
iterative,gemini_25_pro_b,355,0.9690625,1
iterative,gemini_25_pro_b,356,0.9803125,1
iterative,gemini_25_pro_b,357,0.971875,1
iterative,gemini_25_pro_b,358,0.96625,1
iterative,gemini_25_pro_b,359,0.0,0
iterative,gemini_25_pro_b,360,0.9634375,1
iterative,gemini_25_pro_b,361,0.96484375,1
iterative,gemini_25_pro_b,362,0.0,0
iterative,gemini_25_pro_b,363,0.971875,1
iterative,gemini_25_pro_b,364,0.97328125,1
iterative,gemini_25_pro_b,365,0.0,0
iterative,gemini_25_pro_b,366,0.0,0
iterative,gemini_25_pro_b,367,0.97046875,1
iterative,gemini_25_pro_b,368,0.9775,1
iterative,gemini_25_pro_b,369,0.98171875,1
iterative,gemini_25_pro_b,370,0.97609375,1
iterative,gemini_25_pro_b,371,0.9746875,1
iterative,gemini_25_pro_b,372,0.97046875,1
iterative,gemini_25_pro_b,373,0.96625,1
iterative,gemini_25_pro_b,374,0.971875,1
iterative,gemini_25_pro_b,375,0.97890625,1
iterative,gemini_25_pro_b,376,0.9634375,1
iterative,gemini_25_pro_b,377,0.97609375,1
iterative,gemini_25_pro_b,378,0.96484375,1
iterative,gemini_25_pro_b,379,0.96765625,1
iterative,gemini_25_pro_b,380,0.97046875,1
iterative,gemini_25_pro_b,381,0.0,0
iterative,gemini_25_pro_b,382,0.9690625,1
iterative,gemini_25_pro_b,383,0.97890625,1
iterative,gemini_25_pro_b,384,0.97890625,1
iterative,gemini_25_pro_b,385,0.0,0
iterative,gemini_25_pro_b,386,0.971875,1
iterative,gemini_25_pro_b,387,0.9746875,1
iterative,gemini_25_pro_b,388,0.96625,1
iterative,gemini_25_pro_b,389,0.0,0
iterative,gemini_25_pro_b,390,0.971875,1
iterative,gemini_25_pro_b,391,0.97046875,1
iterative,gemini_25_pro_b,392,0.9690625,1
iterative,gemini_25_pro_b,393,0.97328125,1
iterative,gemini_25_pro_b,394,0.9690625,1
iterative,gemini_25_pro_b,395,0.9803125,1
iterative,gemini_25_pro_b,396,0.97609375,1
iterative,gemini_25_pro_b,397,0.97046875,1
iterative,gemini_25_pro_b,398,0.96625,1
iterative,gemini_25_pro_b,399,0.9775,1
iterative,gemini_25_pro_b,400,0.97046875,1
iterative,gemini_25_pro_b,401,0.97609375,1
iterative,gemini_25_pro_b,402,0.9775,1
iterative,gemini_25_pro_b,403,0.983125,1
iterative,gemini_25_pro_b,404,0.98453125,1
iterative,gemini_25_pro_b,405,0.971875,1
iterative,gemini_25_pro_b,406,0.971875,1
iterative,gemini_25_pro_b,407,0.9690625,1
iterative,gemini_25_pro_b,408,0.97046875,1
iterative,gemini_25_pro_b,409,0.0,0
iterative,gemini_25_pro_b,410,0.9746875,1
iterative,gemini_25_pro_b,411,0.0,0
iterative,gemini_25_pro_b,412,0.0,0
iterative,gemini_25_pro_b,413,0.971875,1
iterative,gemini_25_pro_b,414,0.9746875,1
iterative,gemini_25_pro_b,415,0.96484375,1
iterative,gemini_25_pro_b,416,0.96765625,1
iterative,gemini_25_pro_b,417,0.0,0
iterative,gemini_25_pro_b,418,0.97890625,1
iterative,gemini_25_pro_b,419,0.96625,1
iterative,gemini_25_pro_b,420,0.97890625,1
iterative,gemini_25_pro_b,421,0.0,0
iterative,gemini_25_pro_b,422,0.97890625,1
iterative,gemini_25_pro_b,423,0.96765625,1
iterative,gemini_25_pro_b,424,0.98453125,1
iterative,gemini_25_pro_b,425,0.0,0
iterative,gemini_25_pro_b,426,0.96765625,1
iterative,gemini_25_pro_b,427,0.97046875,1
iterative,gemini_25_pro_b,428,0.9775,1
iterative,gemini_25_pro_b,429,0.0,0
iterative,gemini_25_pro_b,430,0.0,0
iterative,gemini_25_pro_b,431,0.97046875,1
iterative,gemini_25_pro_b,432,0.97046875,1
iterative,gemini_25_pro_b,433,0.0,0
iterative,gemini_25_pro_b,434,0.9690625,1
iterative,gemini_25_pro_b,435,0.96203125,1
iterative,gemini_25_pro_b,436,0.97328125,1
iterative,gemini_25_pro_b,437,0.97890625,1
iterative,gemini_25_pro_b,438,0.97328125,1
iterative,gemini_25_pro_b,439,0.9859375,1
iterative,gemini_25_pro_b,440,0.98171875,1
iterative,gemini_25_pro_b,441,0.97609375,1
iterative,gemini_25_pro_b,442,0.97328125,1
iterative,gemini_25_pro_b,443,0.0,0
iterative,gemini_25_pro_b,444,0.9746875,1
iterative,gemini_25_pro_b,445,0.971875,1
iterative,gemini_25_pro_b,446,0.0,0
iterative,gemini_25_pro_b,447,0.97609375,1
iterative,gemini_25_pro_b,448,0.98171875,1
iterative,gemini_25_pro_b,449,0.97328125,1
iterative,gemini_25_pro_b,450,0.97890625,1
iterative,gemini_25_pro_b,451,0.9690625,1
iterative,gemini_25_pro_b,452,0.0,0
iterative,gemini_25_pro_b,453,0.9775,1
iterative,gemini_25_pro_b,454,0.97046875,1
iterative,gemini_25_pro_b,455,0.9803125,1
iterative,gemini_25_pro_b,456,0.971875,1
iterative,gemini_25_pro_b,457,0.97890625,1
iterative,gemini_25_pro_b,458,0.971875,1
iterative,gemini_25_pro_b,459,0.97046875,1
iterative,gemini_25_pro_b,460,0.0,0
iterative,gemini_25_pro_b,461,0.97328125,1
iterative,gemini_25_pro_b,462,0.9746875,1
iterative,gemini_25_pro_b,463,0.97046875,1
iterative,gemini_25_pro_b,464,0.97328125,1
iterative,gemini_25_pro_b,465,0.9803125,1
iterative,gemini_25_pro_b,466,0.0,0
iterative,gemini_25_pro_b,467,0.0,0
iterative,gemini_25_pro_b,468,0.96625,1
iterative,gemini_25_pro_b,469,0.97328125,1
iterative,gemini_25_pro_b,470,0.971875,1
iterative,gemini_25_pro_b,471,0.97046875,1
iterative,gemini_25_pro_b,472,0.97046875,1
iterative,gemini_25_pro_b,473,0.9775,1
iterative,gemini_25_pro_b,474,0.9775,1
iterative,gemini_25_pro_b,475,0.97328125,1
iterative,gemini_25_pro_b,476,0.96765625,1
iterative,gemini_25_pro_b,477,0.97609375,1
iterative,gemini_25_pro_b,478,0.97328125,1
iterative,gemini_25_pro_b,479,0.97890625,1
iterative,gemini_25_pro_b,480,0.9803125,1
iterative,gemini_25_pro_b,481,0.96765625,1
iterative,gemini_25_pro_b,482,0.97328125,1
iterative,gemini_25_pro_b,483,0.9746875,1
iterative,gemini_25_pro_b,484,0.96765625,1
iterative,gemini_25_pro_b,485,0.97890625,1
iterative,gemini_25_pro_b,486,0.9746875,1
iterative,gemini_25_pro_b,487,0.97328125,1
iterative,gemini_25_pro_b,488,0.96484375,1
iterative,gemini_25_pro_b,489,0.97046875,1
iterative,gemini_25_pro_b,490,0.9690625,1
iterative,gemini_25_pro_b,491,0.0,0
iterative,gemini_25_pro_b,492,0.971875,1
iterative,gemini_25_pro_b,493,0.971875,1
iterative,gemini_25_pro_b,494,0.97609375,1
iterative,gemini_25_pro_b,495,0.9690625,1
iterative,gemini_25_pro_b,496,0.0,0
iterative,gemini_25_pro_b,497,0.0,0
iterative,gemini_25_pro_b,498,0.97328125,1
iterative,gemini_25_pro_b,499,0.9634375,1
iterative,gemini_25_pro_b,500,0.97609375,1
iterative,gemini_25_pro_b,501,0.971875,1
iterative,gemini_25_pro_b,502,0.0,0
iterative,gemini_25_pro_b,503,0.97046875,1
iterative,gemini_25_pro_b,504,0.0,0
iterative,gemini_25_pro_b,505,0.98171875,1
iterative,gemini_25_pro_b,506,0.9803125,1
iterative,gemini_25_pro_b,507,0.97328125,1
iterative,gemini_25_pro_b,508,0.97328125,1
iterative,gemini_25_pro_b,509,0.98171875,1
iterative,gemini_25_pro_b,510,0.9803125,1
iterative,gemini_25_pro_b,511,0.9634375,1
iterative,gemini_25_pro_b,512,0.97609375,1
iterative,gemini_25_pro_b,513,0.97609375,1
iterative,gemini_25_pro_b,514,0.97609375,1
iterative,gemini_25_pro_b,515,0.0,0
iterative,gemini_25_pro_b,516,0.0,0
iterative,gemini_25_pro_b,517,0.96625,1
iterative,gemini_25_pro_b,518,0.97328125,1
iterative,gemini_25_pro_b,519,0.96765625,1
iterative,gemini_25_pro_b,520,0.97046875,1
iterative,gemini_25_pro_b,521,0.0,0
iterative,gemini_25_pro_b,522,0.97609375,1
iterative,gemini_25_pro_b,523,0.0,0
iterative,gemini_25_pro_b,524,0.9746875,1
iterative,gemini_25_pro_b,525,0.9775,1
iterative,gemini_25_pro_b,526,0.9746875,1
iterative,gemini_25_pro_b,527,0.98453125,1
iterative,gemini_25_pro_b,528,0.97328125,1
iterative,gemini_25_pro_b,529,0.9803125,1
iterative,gemini_25_pro_b,530,0.97328125,1
iterative,gemini_25_pro_b,531,0.971875,1
iterative,gemini_25_pro_b,532,0.96765625,1
iterative,gemini_25_pro_b,533,0.97328125,1
iterative,gemini_25_pro_b,534,0.9634375,1
iterative,gemini_25_pro_b,535,0.9634375,1
iterative,gemini_25_pro_b,536,0.0,0
iterative,gemini_25_pro_b,537,0.96765625,1
iterative,gemini_25_pro_b,538,0.0,0
iterative,gemini_25_pro_b,539,0.96765625,1
iterative,gemini_25_pro_b,540,0.9746875,1
iterative,gemini_25_pro_b,541,0.97046875,1
iterative,gemini_25_pro_b,542,0.9746875,1
iterative,gemini_25_pro_b,543,0.9775,1
iterative,gemini_25_pro_b,544,0.9746875,1
iterative,gemini_25_pro_b,545,0.9746875,1
iterative,gemini_25_pro_b,546,0.97328125,1
iterative,gemini_25_pro_b,547,0.9690625,1
iterative,gemini_25_pro_b,548,0.97890625,1
iterative,gemini_25_pro_b,549,0.971875,1
iterative,gemini_25_pro_b,550,0.97328125,1
iterative,gemini_25_pro_b,551,0.97890625,1
iterative,gemini_25_pro_b,552,0.97890625,1
iterative,gemini_25_pro_b,553,0.97609375,1
iterative,gemini_25_pro_b,554,0.97328125,1
iterative,gemini_25_pro_b,555,0.9775,1
iterative,gemini_25_pro_b,556,0.9746875,1
iterative,gemini_25_pro_b,557,0.97328125,1
iterative,gemini_25_pro_b,558,0.96625,1
iterative,gemini_25_pro_b,559,0.0,0
iterative,gemini_25_pro_b,560,0.97328125,1
iterative,gemini_25_pro_b,561,0.0,0
iterative,gemini_25_pro_b,562,0.0,0
iterative,gemini_25_pro_b,563,0.97609375,1
iterative,gemini_25_pro_b,564,0.0,0
iterative,gemini_25_pro_b,565,0.96765625,1
iterative,gemini_25_pro_b,566,0.971875,1
iterative,gemini_25_pro_b,567,0.98171875,1
iterative,gemini_25_pro_b,568,0.9746875,1
iterative,gemini_25_pro_b,569,0.0,0
iterative,gemini_25_pro_b,570,0.97328125,1
iterative,gemini_25_pro_b,571,0.9746875,1
iterative,gemini_25_pro_b,572,0.97046875,1
iterative,gemini_25_pro_b,573,0.9746875,1
iterative,gemini_25_pro_b,574,0.0,0
iterative,gemini_25_pro_b,575,0.97609375,1
iterative,gemini_25_pro_b,576,0.971875,1
iterative,gemini_25_pro_b,577,0.971875,1
iterative,gemini_25_pro_b,578,0.971875,1
iterative,gemini_25_pro_b,579,0.96765625,1
iterative,gemini_25_pro_b,580,0.97890625,1
iterative,gemini_25_pro_b,581,0.0,0
iterative,gemini_25_pro_b,582,0.97890625,1
iterative,gemini_25_pro_b,583,0.971875,1
iterative,gemini_25_pro_b,584,0.0,0
iterative,gemini_25_pro_b,585,0.97609375,1
iterative,gemini_25_pro_b,586,0.9746875,1
iterative,gemini_25_pro_b,587,0.96765625,1
iterative,gemini_25_pro_b,588,0.9775,1
iterative,gemini_25_pro_b,589,0.0,0
iterative,gemini_25_pro_b,590,0.96484375,1
iterative,gemini_25_pro_b,591,0.97328125,1
iterative,gemini_25_pro_b,592,0.97046875,1
iterative,gemini_25_pro_b,593,0.97328125,1
iterative,gemini_25_pro_b,594,0.9746875,1
iterative,gemini_25_pro_b,595,0.9775,1
iterative,gemini_25_pro_b,596,0.96484375,1
iterative,gemini_25_pro_b,597,0.971875,1
iterative,gemini_25_pro_b,598,0.0,0
iterative,gemini_25_pro_b,599,0.0,0
iterative,gemini_25_pro_b,600,0.971875,1
iterative,gemini_25_pro_b,601,0.96203125,1
iterative,gemini_25_pro_b,602,0.0,0
iterative,gemini_25_pro_b,603,0.0,0
iterative,gemini_25_pro_b,604,0.97046875,1
iterative,gemini_25_pro_b,605,0.0,0
iterative,gemini_25_pro_b,606,0.97609375,1
iterative,gemini_25_pro_b,607,0.97046875,1
iterative,gemini_25_pro_b,608,0.97890625,1
iterative,gemini_25_pro_b,609,0.97046875,1
iterative,gemini_25_pro_b,610,0.97328125,1
iterative,gemini_25_pro_b,611,0.9690625,1
iterative,gemini_25_pro_b,612,0.9746875,1
iterative,gemini_25_pro_b,613,0.9803125,1
iterative,gemini_25_pro_b,614,0.9775,1
iterative,gemini_25_pro_b,615,0.971875,1
iterative,gemini_25_pro_b,616,0.97890625,1
iterative,gemini_25_pro_b,617,0.0,0
iterative,gemini_25_pro_b,618,0.0,0
iterative,gemini_25_pro_b,619,0.9775,1
iterative,gemini_25_pro_b,620,0.97046875,1
iterative,gemini_25_pro_b,621,0.9634375,1
iterative,gemini_25_pro_b,622,0.97890625,1
iterative,gemini_25_pro_b,623,0.97890625,1
iterative,gemini_25_pro_b,624,0.9775,1
iterative,gemini_25_pro_b,625,0.97328125,1
iterative,gemini_25_pro_b,626,0.97328125,1
iterative,gemini_25_pro_b,627,0.9746875,1
iterative,gemini_25_pro_b,628,0.0,0
iterative,gemini_25_pro_b,629,0.960625,1
iterative,gemini_25_pro_b,630,0.971875,1
iterative,gemini_25_pro_b,631,0.983125,1
iterative,gemini_25_pro_b,632,0.971875,1
iterative,gemini_25_pro_b,633,0.971875,1
iterative,gemini_25_pro_b,634,0.96484375,1
iterative,gemini_25_pro_b,635,0.98453125,1
iterative,gemini_25_pro_b,636,0.971875,1
iterative,gemini_25_pro_b,637,0.971875,1
iterative,gemini_25_pro_b,638,0.97328125,1
iterative,gemini_25_pro_b,639,0.97328125,1
iterative,gemini_25_pro_b,640,0.97890625,1
iterative,gemini_25_pro_b,641,0.96625,1
iterative,gemini_25_pro_b,642,0.0,0
iterative,gemini_25_pro_b,643,0.97890625,1
iterative,gemini_25_pro_b,644,0.96765625,1
iterative,gemini_25_pro_b,645,0.97890625,1
iterative,gemini_25_pro_b,646,0.97328125,1
iterative,gemini_25_pro_b,647,0.971875,1
iterative,gemini_25_pro_b,648,0.96765625,1
iterative,gemini_25_pro_b,649,0.97609375,1
iterative,gemini_25_pro_b,650,0.97046875,1
iterative,gemini_25_pro_b,651,0.0,0
iterative,gemini_25_pro_b,652,0.9746875,1
iterative,gemini_25_pro_b,653,0.9775,1
iterative,gemini_25_pro_b,654,0.971875,1
iterative,gemini_25_pro_b,655,0.9746875,1
iterative,gemini_25_pro_b,656,0.9746875,1
iterative,gemini_25_pro_b,657,0.97328125,1
iterative,gemini_25_pro_b,658,0.9775,1
iterative,gemini_25_pro_b,659,0.97609375,1
iterative,gemini_25_pro_b,660,0.9775,1
iterative,gemini_25_pro_b,661,0.9746875,1
iterative,gemini_25_pro_b,662,0.9634375,1
iterative,gemini_25_pro_b,663,0.96765625,1
iterative,gemini_25_pro_b,664,0.97046875,1
iterative,gemini_25_pro_b,665,0.97046875,1
iterative,gemini_25_pro_b,666,0.9746875,1
iterative,gemini_25_pro_b,667,0.0,0
iterative,gemini_25_pro_b,668,0.96625,1
iterative,gemini_25_pro_b,669,0.97890625,1
iterative,gemini_25_pro_b,670,0.0,0
iterative,gemini_25_pro_b,671,0.98171875,1
iterative,gemini_25_pro_b,672,0.97328125,1
iterative,gemini_25_pro_b,673,0.97328125,1
iterative,gemini_25_pro_b,674,0.96203125,1
iterative,gemini_25_pro_b,675,0.96765625,1
iterative,gemini_25_pro_b,676,0.0,0
iterative,gemini_25_pro_b,677,0.97890625,1
iterative,gemini_25_pro_b,678,0.97328125,1
iterative,gemini_25_pro_b,679,0.0,0
iterative,gemini_25_pro_b,680,0.96203125,1
iterative,gemini_25_pro_b,681,0.9775,1
iterative,gemini_25_pro_b,682,0.97609375,1
iterative,gemini_25_pro_b,683,0.9746875,1
iterative,gemini_25_pro_b,684,0.97328125,1
iterative,gemini_25_pro_b,685,0.96765625,1
iterative,gemini_25_pro_b,686,0.9690625,1
iterative,gemini_25_pro_b,687,0.96625,1
iterative,gemini_25_pro_b,688,0.0,0
iterative,gemini_25_pro_b,689,0.0,0
iterative,gemini_25_pro_b,690,0.9634375,1
iterative,gemini_25_pro_b,691,0.97609375,1
iterative,gemini_25_pro_b,692,0.96765625,1
iterative,gemini_25_pro_b,693,0.97890625,1
iterative,gemini_25_pro_b,694,0.9690625,1
iterative,gemini_25_pro_b,695,0.0,0
iterative,gemini_25_pro_b,696,0.97328125,1
iterative,gemini_25_pro_b,697,0.97328125,1
iterative,gemini_25_pro_b,698,0.97328125,1
iterative,gemini_25_pro_b,699,0.9690625,1
iterative,gemini_25_pro_b,700,0.97328125,1
iterative,gemini_25_pro_b,701,0.0,0
iterative,gemini_25_pro_b,702,0.0,0
iterative,gemini_25_pro_b,703,0.9634375,1
iterative,gemini_25_pro_b,704,0.97046875,1
iterative,gemini_25_pro_b,705,0.9775,1
iterative,gemini_25_pro_b,706,0.97328125,1
iterative,gemini_25_pro_b,707,0.9634375,1
iterative,gemini_25_pro_b,708,0.971875,1
iterative,gemini_25_pro_b,709,0.9690625,1
iterative,gemini_25_pro_b,710,0.97609375,1
iterative,gemini_25_pro_b,711,0.9690625,1
iterative,gemini_25_pro_b,712,0.0,0
iterative,gemini_25_pro_b,713,0.971875,1
iterative,gemini_25_pro_b,714,0.9690625,1
iterative,gemini_25_pro_b,715,0.9690625,1
iterative,gemini_25_pro_b,716,0.971875,1
iterative,gemini_25_pro_b,717,0.98171875,1
iterative,gemini_25_pro_b,718,0.97046875,1
iterative,gemini_25_pro_b,719,0.97890625,1
iterative,gemini_25_pro_b,720,0.971875,1
iterative,gemini_25_pro_b,721,0.97609375,1
iterative,gemini_25_pro_b,722,0.971875,1
iterative,gemini_25_pro_b,723,0.96625,1
iterative,gemini_25_pro_b,724,0.97890625,1
iterative,gemini_25_pro_b,725,0.0,0
iterative,gemini_25_pro_b,726,0.0,0
iterative,gemini_25_pro_b,727,0.98171875,1
iterative,gemini_25_pro_b,728,0.9690625,1
iterative,gemini_25_pro_b,729,0.0,0
iterative,gemini_25_pro_b,730,0.97609375,1
iterative,gemini_25_pro_b,731,0.0,0
iterative,gemini_25_pro_b,732,0.0,0
iterative,gemini_25_pro_b,733,0.9803125,1
iterative,gemini_25_pro_b,734,0.9746875,1
iterative,gemini_25_pro_b,735,0.9690625,1
iterative,gemini_25_pro_b,736,0.96765625,1
iterative,gemini_25_pro_b,737,0.97609375,1
iterative,gemini_25_pro_b,738,0.0,0
iterative,gemini_25_pro_b,739,0.9775,1
iterative,gemini_25_pro_b,740,0.9775,1
iterative,gemini_25_pro_b,741,0.9746875,1
iterative,gemini_25_pro_b,742,0.97046875,1
iterative,gemini_25_pro_b,743,0.9746875,1
iterative,gemini_25_pro_b,744,0.9634375,1
iterative,gemini_25_pro_b,745,0.97046875,1
iterative,gemini_25_pro_b,746,0.98171875,1
iterative,gemini_25_pro_b,747,0.971875,1
iterative,gemini_25_pro_b,748,0.97609375,1
iterative,gemini_25_pro_b,749,0.0,0
iterative,gemini_25_pro_b,750,0.97328125,1
iterative,gemini_25_pro_b,751,0.9746875,1
iterative,gemini_25_pro_b,752,0.97609375,1
iterative,gemini_25_pro_b,753,0.97046875,1
iterative,gemini_25_pro_b,754,0.9746875,1
iterative,gemini_25_pro_b,755,0.97328125,1
iterative,gemini_25_pro_b,756,0.9690625,1
iterative,gemini_25_pro_b,757,0.97890625,1
iterative,gemini_25_pro_b,758,0.9746875,1
iterative,gemini_25_pro_b,759,0.9775,1
iterative,gemini_25_pro_b,760,0.97046875,1
iterative,gemini_25_pro_b,761,0.9746875,1
iterative,gemini_25_pro_b,762,0.97046875,1
iterative,gemini_25_pro_b,763,0.9746875,1
iterative,gemini_25_pro_b,764,0.9690625,1
iterative,gemini_25_pro_b,765,0.96625,1
iterative,gemini_25_pro_b,766,0.0,0
iterative,gemini_25_pro_b,767,0.97328125,1
iterative,gemini_25_pro_b,768,0.0,0
iterative,gemini_25_pro_b,769,0.971875,1
iterative,gemini_25_pro_b,770,0.9746875,1
iterative,gemini_25_pro_b,771,0.983125,1
iterative,gemini_25_pro_b,772,0.97328125,1
iterative,gemini_25_pro_b,773,0.97609375,1
iterative,gemini_25_pro_b,774,0.0,0
iterative,gemini_25_pro_b,775,0.9746875,1
iterative,gemini_25_pro_b,776,0.0,0
iterative,gemini_25_pro_b,777,0.97890625,1
iterative,gemini_25_pro_b,778,0.9775,1
iterative,gemini_25_pro_b,779,0.97328125,1
iterative,gemini_25_pro_b,780,0.971875,1
iterative,gemini_25_pro_b,781,0.97609375,1
iterative,gemini_25_pro_b,782,0.0,0
iterative,gemini_25_pro_b,783,0.971875,1
iterative,gemini_25_pro_b,784,0.971875,1
iterative,gemini_25_pro_b,785,0.9634375,1
iterative,gemini_25_pro_b,786,0.97609375,1
iterative,gemini_25_pro_b,787,0.9746875,1
iterative,gemini_25_pro_b,788,0.97046875,1
iterative,gemini_25_pro_b,789,0.9746875,1
iterative,gemini_25_pro_b,790,0.97328125,1
iterative,gemini_25_pro_b,791,0.97609375,1
iterative,gemini_25_pro_b,792,0.971875,1
iterative,gemini_25_pro_b,793,0.97609375,1
iterative,gemini_25_pro_b,794,0.97609375,1
iterative,gemini_25_pro_b,795,0.96765625,1
iterative,gemini_25_pro_b,796,0.971875,1
iterative,gemini_25_pro_b,797,0.97328125,1
iterative,gemini_25_pro_b,798,0.9775,1
iterative,gemini_25_pro_b,799,0.96765625,1
iterative,gemini_25_pro_b,800,0.0,0
iterative,gemini_25_pro_b,801,0.96484375,1
iterative,gemini_25_pro_b,802,0.97890625,1
iterative,gemini_25_pro_b,803,0.97609375,1
iterative,gemini_25_pro_b,804,0.9746875,1
iterative,gemini_25_pro_b,805,0.97328125,1
iterative,gemini_25_pro_b,806,0.9690625,1
iterative,gemini_25_pro_b,807,0.9775,1
iterative,gemini_25_pro_b,808,0.97046875,1
iterative,gemini_25_pro_b,809,0.97046875,1
iterative,gemini_25_pro_b,810,0.97328125,1
iterative,gemini_25_pro_b,811,0.97328125,1
iterative,gemini_25_pro_b,812,0.97328125,1
iterative,gemini_25_pro_b,813,0.0,0
iterative,gemini_25_pro_b,814,0.97609375,1
iterative,gemini_25_pro_b,815,0.9775,1
iterative,gemini_25_pro_b,816,0.0,0
iterative,gemini_25_pro_b,817,0.98171875,1
iterative,gemini_25_pro_b,818,0.96484375,1
iterative,gemini_25_pro_b,819,0.96765625,1
iterative,gemini_25_pro_b,820,0.9690625,1
iterative,gemini_25_pro_b,821,0.9746875,1
iterative,gemini_25_pro_b,822,0.0,0
iterative,gemini_25_pro_b,823,0.97609375,1
iterative,gemini_25_pro_b,824,0.96484375,1
iterative,gemini_25_pro_b,825,0.9746875,1
iterative,gemini_25_pro_b,826,0.97328125,1
iterative,gemini_25_pro_b,827,0.0,0
iterative,gemini_25_pro_b,828,0.971875,1
iterative,gemini_25_pro_b,829,0.97046875,1
iterative,gemini_25_pro_b,830,0.0,0
iterative,gemini_25_pro_b,831,0.0,0
iterative,gemini_25_pro_b,832,0.97609375,1
iterative,gemini_25_pro_b,833,0.0,0
iterative,gemini_25_pro_b,834,0.96765625,1
iterative,gemini_25_pro_b,835,0.97046875,1
iterative,gemini_25_pro_b,836,0.9746875,1
iterative,gemini_25_pro_b,837,0.0,0
iterative,gemini_25_pro_b,838,0.0,0
iterative,gemini_25_pro_b,839,0.97609375,1
iterative,gemini_25_pro_b,840,0.0,0
iterative,gemini_25_pro_b,841,0.97609375,1
iterative,gemini_25_pro_b,842,0.97328125,1
iterative,gemini_25_pro_b,843,0.9634375,1
iterative,gemini_25_pro_b,844,0.97046875,1
iterative,gemini_25_pro_b,845,0.0,0
iterative,gemini_25_pro_b,846,0.0,0
iterative,gemini_25_pro_b,847,0.9803125,1
iterative,gemini_25_pro_b,848,0.0,0
iterative,gemini_25_pro_b,849,0.96484375,1
iterative,gemini_25_pro_b,850,0.96625,1
iterative,gemini_25_pro_b,851,0.96484375,1
iterative,gemini_25_pro_b,852,0.97890625,1
iterative,gemini_25_pro_b,853,0.0,0
iterative,gemini_25_pro_b,854,0.971875,1
iterative,gemini_25_pro_b,855,0.97890625,1
iterative,gemini_25_pro_b,856,0.97046875,1
iterative,gemini_25_pro_b,857,0.971875,1
iterative,gemini_25_pro_b,858,0.0,0
iterative,gemini_25_pro_b,859,0.971875,1
iterative,gemini_25_pro_b,860,0.0,0
iterative,gemini_25_pro_b,861,0.97046875,1
iterative,gemini_25_pro_b,862,0.97328125,1
iterative,gemini_25_pro_b,863,0.97046875,1
iterative,gemini_25_pro_b,864,0.96625,1
iterative,gemini_25_pro_b,865,0.9690625,1
iterative,gemini_25_pro_b,866,0.9746875,1
iterative,gemini_25_pro_b,867,0.97046875,1
iterative,gemini_25_pro_b,868,0.9775,1
iterative,gemini_25_pro_b,869,0.971875,1
iterative,gemini_25_pro_b,870,0.9746875,1
iterative,gemini_25_pro_b,871,0.0,0
iterative,gemini_25_pro_b,872,0.96203125,1
iterative,gemini_25_pro_b,873,0.97328125,1
iterative,gemini_25_pro_b,874,0.97890625,1
iterative,gemini_25_pro_b,875,0.9690625,1
iterative,gemini_25_pro_b,876,0.9690625,1
iterative,gemini_25_pro_b,877,0.97609375,1
iterative,gemini_25_pro_b,878,0.96484375,1
iterative,gemini_25_pro_b,879,0.97046875,1
iterative,gemini_25_pro_b,880,0.9775,1
iterative,gemini_25_pro_b,881,0.9634375,1
iterative,gemini_25_pro_b,882,0.98171875,1
iterative,gemini_25_pro_b,883,0.97328125,1
iterative,gemini_25_pro_b,884,0.9775,1
iterative,gemini_25_pro_b,885,0.9690625,1
iterative,gemini_25_pro_b,886,0.96625,1
iterative,gemini_25_pro_b,887,0.971875,1
iterative,gemini_25_pro_b,888,0.9690625,1
iterative,gemini_25_pro_b,889,0.97046875,1
iterative,gemini_25_pro_b,890,0.9746875,1
iterative,gemini_25_pro_b,891,0.9775,1
iterative,gemini_25_pro_b,892,0.9690625,1
iterative,gemini_25_pro_b,893,0.97046875,1
iterative,gemini_25_pro_b,894,0.971875,1
iterative,gemini_25_pro_b,895,0.9803125,1
iterative,gemini_25_pro_b,896,0.97609375,1
iterative,gemini_25_pro_b,897,0.9803125,1
iterative,gemini_25_pro_b,898,0.0,0
iterative,gemini_25_pro_b,899,0.97609375,1
iterative,gemini_25_pro_b,900,0.0,0
iterative,gemini_25_pro_b,901,0.971875,1
iterative,gemini_25_pro_b,902,0.96765625,1
iterative,gemini_25_pro_b,903,0.9746875,1
iterative,gemini_25_pro_b,904,0.9746875,1
iterative,gemini_25_pro_b,905,0.9746875,1
iterative,gemini_25_pro_b,906,0.9634375,1
iterative,gemini_25_pro_b,907,0.971875,1
iterative,gemini_25_pro_b,908,0.9775,1
iterative,gemini_25_pro_b,909,0.0,0
iterative,gemini_25_pro_b,910,0.97046875,1
iterative,gemini_25_pro_b,911,0.97609375,1
iterative,gemini_25_pro_b,912,0.971875,1
iterative,gemini_25_pro_b,913,0.97046875,1
iterative,gemini_25_pro_b,914,0.96625,1
iterative,gemini_25_pro_b,915,0.0,0
iterative,gemini_25_pro_b,916,0.96484375,1
iterative,gemini_25_pro_b,917,0.971875,1
iterative,gemini_25_pro_b,918,0.9746875,1
iterative,gemini_25_pro_b,919,0.97328125,1
iterative,gemini_25_pro_b,920,0.0,0
iterative,gemini_25_pro_b,921,0.97328125,1
iterative,gemini_25_pro_b,922,0.97328125,1
iterative,gemini_25_pro_b,923,0.9690625,1
iterative,gemini_25_pro_b,924,0.96484375,1
iterative,gemini_25_pro_b,925,0.96765625,1
iterative,gemini_25_pro_b,926,0.9690625,1
iterative,gemini_25_pro_b,927,0.96625,1
iterative,gemini_25_pro_b,928,0.0,0
iterative,gemini_25_pro_b,929,0.97328125,1
iterative,gemini_25_pro_b,930,0.97890625,1
iterative,gemini_25_pro_b,931,0.97609375,1
iterative,gemini_25_pro_b,932,0.0,0
iterative,gemini_25_pro_b,933,0.97328125,1
iterative,gemini_25_pro_b,934,0.971875,1
iterative,gemini_25_pro_b,935,0.97328125,1
iterative,gemini_25_pro_b,936,0.97609375,1
iterative,gemini_25_pro_b,937,0.97328125,1
iterative,gemini_25_pro_b,938,0.0,0
iterative,gemini_25_pro_b,939,0.0,0
iterative,gemini_25_pro_b,940,0.9746875,1
iterative,gemini_25_pro_b,941,0.983125,1
iterative,gemini_25_pro_b,942,0.9803125,1
iterative,gemini_25_pro_b,943,0.9690625,1
iterative,gemini_25_pro_b,944,0.971875,1
iterative,gemini_25_pro_b,945,0.971875,1
iterative,gemini_25_pro_b,946,0.96765625,1
iterative,gemini_25_pro_b,947,0.97890625,1
iterative,gemini_25_pro_b,948,0.971875,1
iterative,gemini_25_pro_b,949,0.971875,1
iterative,gemini_25_pro_b,950,0.9775,1
iterative,gemini_25_pro_b,951,0.96765625,1
iterative,gemini_25_pro_b,952,0.971875,1
iterative,gemini_25_pro_b,953,0.97328125,1
iterative,gemini_25_pro_b,954,0.0,0
iterative,gemini_25_pro_b,955,0.9746875,1
iterative,gemini_25_pro_b,956,0.96765625,1
iterative,gemini_25_pro_b,957,0.0,0
iterative,gemini_25_pro_b,958,0.9746875,1
iterative,gemini_25_pro_b,959,0.9690625,1
iterative,gemini_25_pro_b,960,0.97890625,1
iterative,gemini_25_pro_b,961,0.97609375,1
iterative,gemini_25_pro_b,962,0.97328125,1
iterative,gemini_25_pro_b,963,0.0,0
iterative,gemini_25_pro_b,964,0.98453125,1
iterative,gemini_25_pro_b,965,0.9690625,1
iterative,gemini_25_pro_b,966,0.9690625,1
iterative,gemini_25_pro_b,967,0.0,0
iterative,gemini_25_pro_b,968,0.97609375,1
iterative,gemini_25_pro_b,969,0.97328125,1
iterative,gemini_25_pro_b,970,0.97609375,1
iterative,gemini_25_pro_b,971,0.96484375,1
iterative,gemini_25_pro_b,972,0.0,0
iterative,gemini_25_pro_b,973,0.97328125,1
iterative,gemini_25_pro_b,974,0.97046875,1
iterative,gemini_25_pro_b,975,0.9690625,1
iterative,gemini_25_pro_b,976,0.0,0
iterative,gemini_25_pro_b,977,0.9634375,1
iterative,gemini_25_pro_b,978,0.0,0
iterative,gemini_25_pro_b,979,0.9746875,1
iterative,gemini_25_pro_b,980,0.97046875,1
iterative,gemini_25_pro_b,981,0.9634375,1
iterative,gemini_25_pro_b,982,0.96765625,1
iterative,gemini_25_pro_b,983,0.960625,1
iterative,gemini_25_pro_b,984,0.0,0
iterative,gemini_25_pro_b,985,0.97609375,1
iterative,gemini_25_pro_b,986,0.9775,1
iterative,gemini_25_pro_b,987,0.96484375,1
iterative,gemini_25_pro_b,988,0.0,0
iterative,gemini_25_pro_b,989,0.9690625,1
iterative,gemini_25_pro_b,990,0.97328125,1
iterative,gemini_25_pro_b,991,0.9746875,1
iterative,gemini_25_pro_b,992,0.96765625,1
iterative,gemini_25_pro_b,993,0.971875,1
iterative,gemini_25_pro_b,994,0.9746875,1
iterative,gemini_25_pro_b,995,0.9775,1
iterative,gemini_25_pro_b,996,0.97328125,1
iterative,gemini_25_pro_b,997,0.9746875,1
iterative,gemini_25_pro_b,998,0.971875,1
iterative,gemini_25_pro_b,999,0.97328125,1
iterative,gemini_25_pro_c,0,0.97609375,1
iterative,gemini_25_pro_c,1,0.97046875,1
iterative,gemini_25_pro_c,2,0.971875,1
iterative,gemini_25_pro_c,3,0.9775,1
iterative,gemini_25_pro_c,4,0.9803125,1
iterative,gemini_25_pro_c,5,0.97890625,1
iterative,gemini_25_pro_c,6,0.98453125,1
iterative,gemini_25_pro_c,7,0.9775,1
iterative,gemini_25_pro_c,8,0.96625,1
iterative,gemini_25_pro_c,9,0.9803125,1
iterative,gemini_25_pro_c,10,0.98453125,1
iterative,gemini_25_pro_c,11,0.0,0
iterative,gemini_25_pro_c,12,0.98171875,1
iterative,gemini_25_pro_c,13,0.96625,1
iterative,gemini_25_pro_c,14,0.0,0
iterative,gemini_25_pro_c,15,0.971875,1
iterative,gemini_25_pro_c,16,0.9690625,1
iterative,gemini_25_pro_c,17,0.9634375,1
iterative,gemini_25_pro_c,18,0.97890625,1
iterative,gemini_25_pro_c,19,0.97609375,1
iterative,gemini_25_pro_c,20,0.97609375,1
iterative,gemini_25_pro_c,21,0.971875,1
iterative,gemini_25_pro_c,22,0.97328125,1
iterative,gemini_25_pro_c,23,0.97328125,1
iterative,gemini_25_pro_c,24,0.960625,1
iterative,gemini_25_pro_c,25,0.97890625,1
iterative,gemini_25_pro_c,26,0.97328125,1
iterative,gemini_25_pro_c,27,0.9803125,1
iterative,gemini_25_pro_c,28,0.9803125,1
iterative,gemini_25_pro_c,29,0.9775,1
iterative,gemini_25_pro_c,30,0.96625,1
iterative,gemini_25_pro_c,31,0.97046875,1
iterative,gemini_25_pro_c,32,0.97046875,1
iterative,gemini_25_pro_c,33,0.9746875,1
iterative,gemini_25_pro_c,34,0.97328125,1
iterative,gemini_25_pro_c,35,0.9775,1
iterative,gemini_25_pro_c,36,0.9775,1
iterative,gemini_25_pro_c,37,0.0,0
iterative,gemini_25_pro_c,38,0.97609375,1
iterative,gemini_25_pro_c,39,0.971875,1
iterative,gemini_25_pro_c,40,0.97046875,1
iterative,gemini_25_pro_c,41,0.96765625,1
iterative,gemini_25_pro_c,42,0.971875,1
iterative,gemini_25_pro_c,43,0.9775,1
iterative,gemini_25_pro_c,44,0.96625,1
iterative,gemini_25_pro_c,45,0.9746875,1
iterative,gemini_25_pro_c,46,0.97046875,1
iterative,gemini_25_pro_c,47,0.0,0
iterative,gemini_25_pro_c,48,0.97046875,1
iterative,gemini_25_pro_c,49,0.0,0
iterative,gemini_25_pro_c,50,0.971875,1
iterative,gemini_25_pro_c,51,0.9746875,1
iterative,gemini_25_pro_c,52,0.971875,1
iterative,gemini_25_pro_c,53,0.97046875,1
iterative,gemini_25_pro_c,54,0.983125,1
iterative,gemini_25_pro_c,55,0.96765625,1
iterative,gemini_25_pro_c,56,0.983125,1
iterative,gemini_25_pro_c,57,0.0,0
iterative,gemini_25_pro_c,58,0.97046875,1
iterative,gemini_25_pro_c,59,0.97046875,1
iterative,gemini_25_pro_c,60,0.9775,1
iterative,gemini_25_pro_c,61,0.97328125,1
iterative,gemini_25_pro_c,62,0.971875,1
iterative,gemini_25_pro_c,63,0.97890625,1
iterative,gemini_25_pro_c,64,0.96625,1
iterative,gemini_25_pro_c,65,0.98171875,1
iterative,gemini_25_pro_c,66,0.97609375,1
iterative,gemini_25_pro_c,67,0.97328125,1
iterative,gemini_25_pro_c,68,0.97328125,1
iterative,gemini_25_pro_c,69,0.0,0
iterative,gemini_25_pro_c,70,0.96625,1
iterative,gemini_25_pro_c,71,0.97609375,1
iterative,gemini_25_pro_c,72,0.97328125,1
iterative,gemini_25_pro_c,73,0.96625,1
iterative,gemini_25_pro_c,74,0.9803125,1
iterative,gemini_25_pro_c,75,0.97609375,1
iterative,gemini_25_pro_c,76,0.971875,1
iterative,gemini_25_pro_c,77,0.97328125,1
iterative,gemini_25_pro_c,78,0.971875,1
iterative,gemini_25_pro_c,79,0.9803125,1
iterative,gemini_25_pro_c,80,0.96625,1
iterative,gemini_25_pro_c,81,0.97609375,1
iterative,gemini_25_pro_c,82,0.9803125,1
iterative,gemini_25_pro_c,83,0.9746875,1
iterative,gemini_25_pro_c,84,0.97890625,1
iterative,gemini_25_pro_c,85,0.97609375,1
iterative,gemini_25_pro_c,86,0.96484375,1
iterative,gemini_25_pro_c,87,0.971875,1
iterative,gemini_25_pro_c,88,0.971875,1
iterative,gemini_25_pro_c,89,0.9775,1
iterative,gemini_25_pro_c,90,0.971875,1
iterative,gemini_25_pro_c,91,0.96484375,1
iterative,gemini_25_pro_c,92,0.971875,1
iterative,gemini_25_pro_c,93,0.9690625,1
iterative,gemini_25_pro_c,94,0.9775,1
iterative,gemini_25_pro_c,95,0.9746875,1
iterative,gemini_25_pro_c,96,0.9746875,1
iterative,gemini_25_pro_c,97,0.97609375,1
iterative,gemini_25_pro_c,98,0.97328125,1
iterative,gemini_25_pro_c,99,0.97046875,1
iterative,gemini_25_pro_c,100,0.97609375,1
iterative,gemini_25_pro_c,101,0.96484375,1
iterative,gemini_25_pro_c,102,0.9690625,1
iterative,gemini_25_pro_c,103,0.97046875,1
iterative,gemini_25_pro_c,104,0.9775,1
iterative,gemini_25_pro_c,105,0.971875,1
iterative,gemini_25_pro_c,106,0.97328125,1
iterative,gemini_25_pro_c,107,0.9803125,1
iterative,gemini_25_pro_c,108,0.97890625,1
iterative,gemini_25_pro_c,109,0.9775,1
iterative,gemini_25_pro_c,110,0.97046875,1
iterative,gemini_25_pro_c,111,0.9775,1
iterative,gemini_25_pro_c,112,0.0,0
iterative,gemini_25_pro_c,113,0.97046875,1
iterative,gemini_25_pro_c,114,0.9803125,1
iterative,gemini_25_pro_c,115,0.9803125,1
iterative,gemini_25_pro_c,116,0.9775,1
iterative,gemini_25_pro_c,117,0.96625,1
iterative,gemini_25_pro_c,118,0.97328125,1
iterative,gemini_25_pro_c,119,0.97609375,1
iterative,gemini_25_pro_c,120,0.9746875,1
iterative,gemini_25_pro_c,121,0.9746875,1
iterative,gemini_25_pro_c,122,0.9690625,1
iterative,gemini_25_pro_c,123,0.0,0
iterative,gemini_25_pro_c,124,0.97046875,1
iterative,gemini_25_pro_c,125,0.97890625,1
iterative,gemini_25_pro_c,126,0.9859375,1
iterative,gemini_25_pro_c,127,0.971875,1
iterative,gemini_25_pro_c,128,0.97046875,1
iterative,gemini_25_pro_c,129,0.97328125,1
iterative,gemini_25_pro_c,130,0.9803125,1
iterative,gemini_25_pro_c,131,0.9775,1
iterative,gemini_25_pro_c,132,0.9775,1
iterative,gemini_25_pro_c,133,0.98171875,1
iterative,gemini_25_pro_c,134,0.9746875,1
iterative,gemini_25_pro_c,135,0.971875,1
iterative,gemini_25_pro_c,136,0.9690625,1
iterative,gemini_25_pro_c,137,0.97328125,1
iterative,gemini_25_pro_c,138,0.97328125,1
iterative,gemini_25_pro_c,139,0.9746875,1
iterative,gemini_25_pro_c,140,0.9746875,1
iterative,gemini_25_pro_c,141,0.9803125,1
iterative,gemini_25_pro_c,142,0.0,0
iterative,gemini_25_pro_c,143,0.97046875,1
iterative,gemini_25_pro_c,144,0.98171875,1
iterative,gemini_25_pro_c,145,0.9775,1
iterative,gemini_25_pro_c,146,0.97328125,1
iterative,gemini_25_pro_c,147,0.9746875,1
iterative,gemini_25_pro_c,148,0.97609375,1
iterative,gemini_25_pro_c,149,0.9803125,1
iterative,gemini_25_pro_c,150,0.96625,1
iterative,gemini_25_pro_c,151,0.97609375,1
iterative,gemini_25_pro_c,152,0.97046875,1
iterative,gemini_25_pro_c,153,0.9859375,1
iterative,gemini_25_pro_c,154,0.9803125,1
iterative,gemini_25_pro_c,155,0.97328125,1
iterative,gemini_25_pro_c,156,0.9803125,1
iterative,gemini_25_pro_c,157,0.971875,1
iterative,gemini_25_pro_c,158,0.971875,1
iterative,gemini_25_pro_c,159,0.96625,1
iterative,gemini_25_pro_c,160,0.97046875,1
iterative,gemini_25_pro_c,161,0.97046875,1
iterative,gemini_25_pro_c,162,0.971875,1
iterative,gemini_25_pro_c,163,0.9690625,1
iterative,gemini_25_pro_c,164,0.9775,1
iterative,gemini_25_pro_c,165,0.97046875,1
iterative,gemini_25_pro_c,166,0.97890625,1
iterative,gemini_25_pro_c,167,0.96625,1
iterative,gemini_25_pro_c,168,0.9775,1
iterative,gemini_25_pro_c,169,0.971875,1
iterative,gemini_25_pro_c,170,0.97609375,1
iterative,gemini_25_pro_c,171,0.97890625,1
iterative,gemini_25_pro_c,172,0.9803125,1
iterative,gemini_25_pro_c,173,0.98453125,1
iterative,gemini_25_pro_c,174,0.9775,1
iterative,gemini_25_pro_c,175,0.9690625,1
iterative,gemini_25_pro_c,176,0.9746875,1
iterative,gemini_25_pro_c,177,0.97328125,1
iterative,gemini_25_pro_c,178,0.97609375,1
iterative,gemini_25_pro_c,179,0.98171875,1
iterative,gemini_25_pro_c,180,0.0,0
iterative,gemini_25_pro_c,181,0.97046875,1
iterative,gemini_25_pro_c,182,0.971875,1
iterative,gemini_25_pro_c,183,0.97328125,1
iterative,gemini_25_pro_c,184,0.97609375,1
iterative,gemini_25_pro_c,185,0.971875,1
iterative,gemini_25_pro_c,186,0.9803125,1
iterative,gemini_25_pro_c,187,0.97328125,1
iterative,gemini_25_pro_c,188,0.9803125,1
iterative,gemini_25_pro_c,189,0.96625,1
iterative,gemini_25_pro_c,190,0.97328125,1
iterative,gemini_25_pro_c,191,0.971875,1
iterative,gemini_25_pro_c,192,0.97890625,1
iterative,gemini_25_pro_c,193,0.9690625,1
iterative,gemini_25_pro_c,194,0.96765625,1
iterative,gemini_25_pro_c,195,0.9746875,1
iterative,gemini_25_pro_c,196,0.9775,1
iterative,gemini_25_pro_c,197,0.9746875,1
iterative,gemini_25_pro_c,198,0.96625,1
iterative,gemini_25_pro_c,199,0.97328125,1
iterative,gemini_25_pro_c,200,0.97890625,1
iterative,gemini_25_pro_c,201,0.9775,1
iterative,gemini_25_pro_c,202,0.97328125,1
iterative,gemini_25_pro_c,203,0.97046875,1
iterative,gemini_25_pro_c,204,0.97046875,1
iterative,gemini_25_pro_c,205,0.9690625,1
iterative,gemini_25_pro_c,206,0.96625,1
iterative,gemini_25_pro_c,207,0.0,0
iterative,gemini_25_pro_c,208,0.97890625,1
iterative,gemini_25_pro_c,209,0.9690625,1
iterative,gemini_25_pro_c,210,0.9746875,1
iterative,gemini_25_pro_c,211,0.97328125,1
iterative,gemini_25_pro_c,212,0.0,0
iterative,gemini_25_pro_c,213,0.97046875,1
iterative,gemini_25_pro_c,214,0.9803125,1
iterative,gemini_25_pro_c,215,0.983125,1
iterative,gemini_25_pro_c,216,0.9690625,1
iterative,gemini_25_pro_c,217,0.96765625,1
iterative,gemini_25_pro_c,218,0.9690625,1
iterative,gemini_25_pro_c,219,0.0,0
iterative,gemini_25_pro_c,220,0.97890625,1
iterative,gemini_25_pro_c,221,0.9775,1
iterative,gemini_25_pro_c,222,0.9634375,1
iterative,gemini_25_pro_c,223,0.971875,1
iterative,gemini_25_pro_c,224,0.9775,1
iterative,gemini_25_pro_c,225,0.97046875,1
iterative,gemini_25_pro_c,226,0.971875,1
iterative,gemini_25_pro_c,227,0.98171875,1
iterative,gemini_25_pro_c,228,0.9690625,1
iterative,gemini_25_pro_c,229,0.97046875,1
iterative,gemini_25_pro_c,230,0.97328125,1
iterative,gemini_25_pro_c,231,0.96765625,1
iterative,gemini_25_pro_c,232,0.97328125,1
iterative,gemini_25_pro_c,233,0.971875,1
iterative,gemini_25_pro_c,234,0.9746875,1
iterative,gemini_25_pro_c,235,0.971875,1
iterative,gemini_25_pro_c,236,0.971875,1
iterative,gemini_25_pro_c,237,0.9803125,1
iterative,gemini_25_pro_c,238,0.97046875,1
iterative,gemini_25_pro_c,239,0.97046875,1
iterative,gemini_25_pro_c,240,0.97328125,1
iterative,gemini_25_pro_c,241,0.97609375,1
iterative,gemini_25_pro_c,242,0.97328125,1
iterative,gemini_25_pro_c,243,0.97890625,1
iterative,gemini_25_pro_c,244,0.971875,1
iterative,gemini_25_pro_c,245,0.97046875,1
iterative,gemini_25_pro_c,246,0.97328125,1
iterative,gemini_25_pro_c,247,0.97609375,1
iterative,gemini_25_pro_c,248,0.96765625,1
iterative,gemini_25_pro_c,249,0.96484375,1
iterative,gemini_25_pro_c,250,0.97890625,1
iterative,gemini_25_pro_c,251,0.971875,1
iterative,gemini_25_pro_c,252,0.97046875,1
iterative,gemini_25_pro_c,253,0.97609375,1
iterative,gemini_25_pro_c,254,0.960625,1
iterative,gemini_25_pro_c,255,0.0,0
iterative,gemini_25_pro_c,256,0.96765625,1
iterative,gemini_25_pro_c,257,0.983125,1
iterative,gemini_25_pro_c,258,0.97328125,1
iterative,gemini_25_pro_c,259,0.97890625,1
iterative,gemini_25_pro_c,260,0.9634375,1
iterative,gemini_25_pro_c,261,0.971875,1
iterative,gemini_25_pro_c,262,0.971875,1
iterative,gemini_25_pro_c,263,0.97609375,1
iterative,gemini_25_pro_c,264,0.0,0
iterative,gemini_25_pro_c,265,0.97046875,1
iterative,gemini_25_pro_c,266,0.97328125,1
iterative,gemini_25_pro_c,267,0.96765625,1
iterative,gemini_25_pro_c,268,0.97328125,1
iterative,gemini_25_pro_c,269,0.96765625,1
iterative,gemini_25_pro_c,270,0.97328125,1
iterative,gemini_25_pro_c,271,0.9746875,1
iterative,gemini_25_pro_c,272,0.0,0
iterative,gemini_25_pro_c,273,0.971875,1
iterative,gemini_25_pro_c,274,0.97046875,1
iterative,gemini_25_pro_c,275,0.0,0
iterative,gemini_25_pro_c,276,0.97890625,1
iterative,gemini_25_pro_c,277,0.0,0
iterative,gemini_25_pro_c,278,0.983125,1
iterative,gemini_25_pro_c,279,0.97328125,1
iterative,gemini_25_pro_c,280,0.9746875,1
iterative,gemini_25_pro_c,281,0.97328125,1
iterative,gemini_25_pro_c,282,0.97328125,1
iterative,gemini_25_pro_c,283,0.97046875,1
iterative,gemini_25_pro_c,284,0.0,0
iterative,gemini_25_pro_c,285,0.97328125,1
iterative,gemini_25_pro_c,286,0.971875,1
iterative,gemini_25_pro_c,287,0.9746875,1
iterative,gemini_25_pro_c,288,0.971875,1
iterative,gemini_25_pro_c,289,0.971875,1
iterative,gemini_25_pro_c,290,0.97046875,1
iterative,gemini_25_pro_c,291,0.97890625,1
iterative,gemini_25_pro_c,292,0.97046875,1
iterative,gemini_25_pro_c,293,0.97609375,1
iterative,gemini_25_pro_c,294,0.9746875,1
iterative,gemini_25_pro_c,295,0.97609375,1
iterative,gemini_25_pro_c,296,0.9803125,1
iterative,gemini_25_pro_c,297,0.97890625,1
iterative,gemini_25_pro_c,298,0.9690625,1
iterative,gemini_25_pro_c,299,0.9746875,1
iterative,gemini_25_pro_c,300,0.0,0
iterative,gemini_25_pro_c,301,0.0,0
iterative,gemini_25_pro_c,302,0.971875,1
iterative,gemini_25_pro_c,303,0.9775,1
iterative,gemini_25_pro_c,304,0.9690625,1
iterative,gemini_25_pro_c,305,0.96625,1
iterative,gemini_25_pro_c,306,0.98171875,1
iterative,gemini_25_pro_c,307,0.97046875,1
iterative,gemini_25_pro_c,308,0.971875,1
iterative,gemini_25_pro_c,309,0.9690625,1
iterative,gemini_25_pro_c,310,0.0,0
iterative,gemini_25_pro_c,311,0.9746875,1
iterative,gemini_25_pro_c,312,0.0,0
iterative,gemini_25_pro_c,313,0.96625,1
iterative,gemini_25_pro_c,314,0.9746875,1
iterative,gemini_25_pro_c,315,0.97046875,1
iterative,gemini_25_pro_c,316,0.97328125,1
iterative,gemini_25_pro_c,317,0.0,0
iterative,gemini_25_pro_c,318,0.0,0
iterative,gemini_25_pro_c,319,0.96484375,1
iterative,gemini_25_pro_c,320,0.97890625,1
iterative,gemini_25_pro_c,321,0.9775,1
iterative,gemini_25_pro_c,322,0.0,0
iterative,gemini_25_pro_c,323,0.9690625,1
iterative,gemini_25_pro_c,324,0.97328125,1
iterative,gemini_25_pro_c,325,0.0,0
iterative,gemini_25_pro_c,326,0.9746875,1
iterative,gemini_25_pro_c,327,0.9690625,1
iterative,gemini_25_pro_c,328,0.98453125,1
iterative,gemini_25_pro_c,329,0.9746875,1
iterative,gemini_25_pro_c,330,0.9746875,1
iterative,gemini_25_pro_c,331,0.97609375,1
iterative,gemini_25_pro_c,332,0.97609375,1
iterative,gemini_25_pro_c,333,0.97609375,1
iterative,gemini_25_pro_c,334,0.971875,1
iterative,gemini_25_pro_c,335,0.9803125,1
iterative,gemini_25_pro_c,336,0.9690625,1
iterative,gemini_25_pro_c,337,0.97890625,1
iterative,gemini_25_pro_c,338,0.97046875,1
iterative,gemini_25_pro_c,339,0.0,0
iterative,gemini_25_pro_c,340,0.97046875,1
iterative,gemini_25_pro_c,341,0.9775,1
iterative,gemini_25_pro_c,342,0.96765625,1
iterative,gemini_25_pro_c,343,0.9775,1
iterative,gemini_25_pro_c,344,0.9803125,1
iterative,gemini_25_pro_c,345,0.9690625,1
iterative,gemini_25_pro_c,346,0.9690625,1
iterative,gemini_25_pro_c,347,0.9775,1
iterative,gemini_25_pro_c,348,0.9746875,1
iterative,gemini_25_pro_c,349,0.96765625,1
iterative,gemini_25_pro_c,350,0.97609375,1
iterative,gemini_25_pro_c,351,0.9803125,1
iterative,gemini_25_pro_c,352,0.97046875,1
iterative,gemini_25_pro_c,353,0.97609375,1
iterative,gemini_25_pro_c,354,0.97328125,1
iterative,gemini_25_pro_c,355,0.9690625,1
iterative,gemini_25_pro_c,356,0.9803125,1
iterative,gemini_25_pro_c,357,0.9775,1
iterative,gemini_25_pro_c,358,0.9690625,1
iterative,gemini_25_pro_c,359,0.9746875,1
iterative,gemini_25_pro_c,360,0.9690625,1
iterative,gemini_25_pro_c,361,0.96484375,1
iterative,gemini_25_pro_c,362,0.97328125,1
iterative,gemini_25_pro_c,363,0.971875,1
iterative,gemini_25_pro_c,364,0.97328125,1
iterative,gemini_25_pro_c,365,0.98171875,1
iterative,gemini_25_pro_c,366,0.98171875,1
iterative,gemini_25_pro_c,367,0.97046875,1
iterative,gemini_25_pro_c,368,0.9775,1
iterative,gemini_25_pro_c,369,0.98171875,1
iterative,gemini_25_pro_c,370,0.97609375,1
iterative,gemini_25_pro_c,371,0.9775,1
iterative,gemini_25_pro_c,372,0.97609375,1
iterative,gemini_25_pro_c,373,0.9690625,1
iterative,gemini_25_pro_c,374,0.9746875,1
iterative,gemini_25_pro_c,375,0.97890625,1
iterative,gemini_25_pro_c,376,0.9690625,1
iterative,gemini_25_pro_c,377,0.97890625,1
iterative,gemini_25_pro_c,378,0.97046875,1
iterative,gemini_25_pro_c,379,0.96765625,1
iterative,gemini_25_pro_c,380,0.97046875,1
iterative,gemini_25_pro_c,381,0.97328125,1
iterative,gemini_25_pro_c,382,0.9690625,1
iterative,gemini_25_pro_c,383,0.97890625,1
iterative,gemini_25_pro_c,384,0.97890625,1
iterative,gemini_25_pro_c,385,0.9746875,1
iterative,gemini_25_pro_c,386,0.971875,1
iterative,gemini_25_pro_c,387,0.9746875,1
iterative,gemini_25_pro_c,388,0.9690625,1
iterative,gemini_25_pro_c,389,0.0,0
iterative,gemini_25_pro_c,390,0.971875,1
iterative,gemini_25_pro_c,391,0.97046875,1
iterative,gemini_25_pro_c,392,0.9690625,1
iterative,gemini_25_pro_c,393,0.97328125,1
iterative,gemini_25_pro_c,394,0.971875,1
iterative,gemini_25_pro_c,395,0.9803125,1
iterative,gemini_25_pro_c,396,0.97609375,1
iterative,gemini_25_pro_c,397,0.97328125,1
iterative,gemini_25_pro_c,398,0.9690625,1
iterative,gemini_25_pro_c,399,0.9775,1
iterative,gemini_25_pro_c,400,0.97328125,1
iterative,gemini_25_pro_c,401,0.98171875,1
iterative,gemini_25_pro_c,402,0.9775,1
iterative,gemini_25_pro_c,403,0.983125,1
iterative,gemini_25_pro_c,404,0.98453125,1
iterative,gemini_25_pro_c,405,0.971875,1
iterative,gemini_25_pro_c,406,0.971875,1
iterative,gemini_25_pro_c,407,0.9690625,1
iterative,gemini_25_pro_c,408,0.97046875,1
iterative,gemini_25_pro_c,409,0.0,0
iterative,gemini_25_pro_c,410,0.9746875,1
iterative,gemini_25_pro_c,411,0.0,0
iterative,gemini_25_pro_c,412,0.983125,1
iterative,gemini_25_pro_c,413,0.971875,1
iterative,gemini_25_pro_c,414,0.9775,1
iterative,gemini_25_pro_c,415,0.97046875,1
iterative,gemini_25_pro_c,416,0.96765625,1
iterative,gemini_25_pro_c,417,0.9803125,1
iterative,gemini_25_pro_c,418,0.97890625,1
iterative,gemini_25_pro_c,419,0.9690625,1
iterative,gemini_25_pro_c,420,0.97890625,1
iterative,gemini_25_pro_c,421,0.97609375,1
iterative,gemini_25_pro_c,422,0.97890625,1
iterative,gemini_25_pro_c,423,0.97328125,1
iterative,gemini_25_pro_c,424,0.98453125,1
iterative,gemini_25_pro_c,425,0.0,0
iterative,gemini_25_pro_c,426,0.96765625,1
iterative,gemini_25_pro_c,427,0.97046875,1
iterative,gemini_25_pro_c,428,0.9803125,1
iterative,gemini_25_pro_c,429,0.0,0
iterative,gemini_25_pro_c,430,0.97890625,1
iterative,gemini_25_pro_c,431,0.97328125,1
iterative,gemini_25_pro_c,432,0.97328125,1
iterative,gemini_25_pro_c,433,0.97609375,1
iterative,gemini_25_pro_c,434,0.971875,1
iterative,gemini_25_pro_c,435,0.96484375,1
iterative,gemini_25_pro_c,436,0.97328125,1
iterative,gemini_25_pro_c,437,0.98453125,1
iterative,gemini_25_pro_c,438,0.97609375,1
iterative,gemini_25_pro_c,439,0.9859375,1
iterative,gemini_25_pro_c,440,0.98171875,1
iterative,gemini_25_pro_c,441,0.97609375,1
iterative,gemini_25_pro_c,442,0.97609375,1
iterative,gemini_25_pro_c,443,0.0,0
iterative,gemini_25_pro_c,444,0.9746875,1
iterative,gemini_25_pro_c,445,0.971875,1
iterative,gemini_25_pro_c,446,0.0,0
iterative,gemini_25_pro_c,447,0.97890625,1
iterative,gemini_25_pro_c,448,0.98453125,1
iterative,gemini_25_pro_c,449,0.97328125,1
iterative,gemini_25_pro_c,450,0.97890625,1
iterative,gemini_25_pro_c,451,0.9690625,1
iterative,gemini_25_pro_c,452,0.9803125,1
iterative,gemini_25_pro_c,453,0.9775,1
iterative,gemini_25_pro_c,454,0.97046875,1
iterative,gemini_25_pro_c,455,0.9803125,1
iterative,gemini_25_pro_c,456,0.971875,1
iterative,gemini_25_pro_c,457,0.97890625,1
iterative,gemini_25_pro_c,458,0.971875,1
iterative,gemini_25_pro_c,459,0.97046875,1
iterative,gemini_25_pro_c,460,0.0,0
iterative,gemini_25_pro_c,461,0.97328125,1
iterative,gemini_25_pro_c,462,0.9746875,1
iterative,gemini_25_pro_c,463,0.97046875,1
iterative,gemini_25_pro_c,464,0.97328125,1
iterative,gemini_25_pro_c,465,0.9803125,1
iterative,gemini_25_pro_c,466,0.97046875,1
iterative,gemini_25_pro_c,467,0.0,0
iterative,gemini_25_pro_c,468,0.96625,1
iterative,gemini_25_pro_c,469,0.97328125,1
iterative,gemini_25_pro_c,470,0.9746875,1
iterative,gemini_25_pro_c,471,0.97046875,1
iterative,gemini_25_pro_c,472,0.97046875,1
iterative,gemini_25_pro_c,473,0.9775,1
iterative,gemini_25_pro_c,474,0.9775,1
iterative,gemini_25_pro_c,475,0.97328125,1
iterative,gemini_25_pro_c,476,0.96765625,1
iterative,gemini_25_pro_c,477,0.97890625,1
iterative,gemini_25_pro_c,478,0.97328125,1
iterative,gemini_25_pro_c,479,0.98171875,1
iterative,gemini_25_pro_c,480,0.9803125,1
iterative,gemini_25_pro_c,481,0.97046875,1
iterative,gemini_25_pro_c,482,0.97328125,1
iterative,gemini_25_pro_c,483,0.9746875,1
iterative,gemini_25_pro_c,484,0.96765625,1
iterative,gemini_25_pro_c,485,0.98171875,1
iterative,gemini_25_pro_c,486,0.9746875,1
iterative,gemini_25_pro_c,487,0.97328125,1
iterative,gemini_25_pro_c,488,0.96484375,1
iterative,gemini_25_pro_c,489,0.97046875,1
iterative,gemini_25_pro_c,490,0.9690625,1
iterative,gemini_25_pro_c,491,0.98171875,1
iterative,gemini_25_pro_c,492,0.971875,1
iterative,gemini_25_pro_c,493,0.9746875,1
iterative,gemini_25_pro_c,494,0.97609375,1
iterative,gemini_25_pro_c,495,0.9690625,1
iterative,gemini_25_pro_c,496,0.0,0
iterative,gemini_25_pro_c,497,0.0,0
iterative,gemini_25_pro_c,498,0.97609375,1
iterative,gemini_25_pro_c,499,0.9634375,1
iterative,gemini_25_pro_c,500,0.97609375,1
iterative,gemini_25_pro_c,501,0.971875,1
iterative,gemini_25_pro_c,502,0.0,0
iterative,gemini_25_pro_c,503,0.97046875,1
iterative,gemini_25_pro_c,504,0.9775,1
iterative,gemini_25_pro_c,505,0.98171875,1
iterative,gemini_25_pro_c,506,0.983125,1
iterative,gemini_25_pro_c,507,0.97328125,1
iterative,gemini_25_pro_c,508,0.97328125,1
iterative,gemini_25_pro_c,509,0.98171875,1
iterative,gemini_25_pro_c,510,0.9803125,1
iterative,gemini_25_pro_c,511,0.9634375,1
iterative,gemini_25_pro_c,512,0.97890625,1
iterative,gemini_25_pro_c,513,0.97890625,1
iterative,gemini_25_pro_c,514,0.97890625,1
iterative,gemini_25_pro_c,515,0.0,0
iterative,gemini_25_pro_c,516,0.0,0
iterative,gemini_25_pro_c,517,0.9690625,1
iterative,gemini_25_pro_c,518,0.97328125,1
iterative,gemini_25_pro_c,519,0.96765625,1
iterative,gemini_25_pro_c,520,0.97046875,1
iterative,gemini_25_pro_c,521,0.0,0
iterative,gemini_25_pro_c,522,0.97609375,1
iterative,gemini_25_pro_c,523,0.97328125,1
iterative,gemini_25_pro_c,524,0.9746875,1
iterative,gemini_25_pro_c,525,0.9775,1
iterative,gemini_25_pro_c,526,0.9746875,1
iterative,gemini_25_pro_c,527,0.98453125,1
iterative,gemini_25_pro_c,528,0.97328125,1
iterative,gemini_25_pro_c,529,0.9803125,1
iterative,gemini_25_pro_c,530,0.97328125,1
iterative,gemini_25_pro_c,531,0.971875,1
iterative,gemini_25_pro_c,532,0.97046875,1
iterative,gemini_25_pro_c,533,0.97328125,1
iterative,gemini_25_pro_c,534,0.96625,1
iterative,gemini_25_pro_c,535,0.9634375,1
iterative,gemini_25_pro_c,536,0.97609375,1
iterative,gemini_25_pro_c,537,0.96765625,1
iterative,gemini_25_pro_c,538,0.9775,1
iterative,gemini_25_pro_c,539,0.96765625,1
iterative,gemini_25_pro_c,540,0.9746875,1
iterative,gemini_25_pro_c,541,0.97046875,1
iterative,gemini_25_pro_c,542,0.9746875,1
iterative,gemini_25_pro_c,543,0.9803125,1
iterative,gemini_25_pro_c,544,0.9746875,1
iterative,gemini_25_pro_c,545,0.9746875,1
iterative,gemini_25_pro_c,546,0.97328125,1
iterative,gemini_25_pro_c,547,0.971875,1
iterative,gemini_25_pro_c,548,0.97890625,1
iterative,gemini_25_pro_c,549,0.971875,1
iterative,gemini_25_pro_c,550,0.97328125,1
iterative,gemini_25_pro_c,551,0.97890625,1
iterative,gemini_25_pro_c,552,0.97890625,1
iterative,gemini_25_pro_c,553,0.97609375,1
iterative,gemini_25_pro_c,554,0.97890625,1
iterative,gemini_25_pro_c,555,0.9775,1
iterative,gemini_25_pro_c,556,0.9803125,1
iterative,gemini_25_pro_c,557,0.97609375,1
iterative,gemini_25_pro_c,558,0.9690625,1
iterative,gemini_25_pro_c,559,0.0,0
iterative,gemini_25_pro_c,560,0.97328125,1
iterative,gemini_25_pro_c,561,0.9775,1
iterative,gemini_25_pro_c,562,0.9803125,1
iterative,gemini_25_pro_c,563,0.97609375,1
iterative,gemini_25_pro_c,564,0.0,0
iterative,gemini_25_pro_c,565,0.97328125,1
iterative,gemini_25_pro_c,566,0.971875,1
iterative,gemini_25_pro_c,567,0.98171875,1
iterative,gemini_25_pro_c,568,0.9775,1
iterative,gemini_25_pro_c,569,0.971875,1
iterative,gemini_25_pro_c,570,0.97328125,1
iterative,gemini_25_pro_c,571,0.9746875,1
iterative,gemini_25_pro_c,572,0.97328125,1
iterative,gemini_25_pro_c,573,0.9746875,1
iterative,gemini_25_pro_c,574,0.0,0
iterative,gemini_25_pro_c,575,0.97890625,1
iterative,gemini_25_pro_c,576,0.971875,1
iterative,gemini_25_pro_c,577,0.971875,1
iterative,gemini_25_pro_c,578,0.971875,1
iterative,gemini_25_pro_c,579,0.97046875,1
iterative,gemini_25_pro_c,580,0.97890625,1
iterative,gemini_25_pro_c,581,0.97890625,1
iterative,gemini_25_pro_c,582,0.98171875,1
iterative,gemini_25_pro_c,583,0.971875,1
iterative,gemini_25_pro_c,584,0.9746875,1
iterative,gemini_25_pro_c,585,0.97609375,1
iterative,gemini_25_pro_c,586,0.9746875,1
iterative,gemini_25_pro_c,587,0.97328125,1
iterative,gemini_25_pro_c,588,0.9775,1
iterative,gemini_25_pro_c,589,0.971875,1
iterative,gemini_25_pro_c,590,0.97046875,1
iterative,gemini_25_pro_c,591,0.97328125,1
iterative,gemini_25_pro_c,592,0.97046875,1
iterative,gemini_25_pro_c,593,0.97890625,1
iterative,gemini_25_pro_c,594,0.9746875,1
iterative,gemini_25_pro_c,595,0.9775,1
iterative,gemini_25_pro_c,596,0.96765625,1
iterative,gemini_25_pro_c,597,0.971875,1
iterative,gemini_25_pro_c,598,0.97890625,1
iterative,gemini_25_pro_c,599,0.97609375,1
iterative,gemini_25_pro_c,600,0.9746875,1
iterative,gemini_25_pro_c,601,0.96765625,1
iterative,gemini_25_pro_c,602,0.0,0
iterative,gemini_25_pro_c,603,0.9775,1
iterative,gemini_25_pro_c,604,0.97046875,1
iterative,gemini_25_pro_c,605,0.0,0
iterative,gemini_25_pro_c,606,0.97890625,1
iterative,gemini_25_pro_c,607,0.97046875,1
iterative,gemini_25_pro_c,608,0.97890625,1
iterative,gemini_25_pro_c,609,0.97328125,1
iterative,gemini_25_pro_c,610,0.97328125,1
iterative,gemini_25_pro_c,611,0.9690625,1
iterative,gemini_25_pro_c,612,0.9775,1
iterative,gemini_25_pro_c,613,0.9803125,1
iterative,gemini_25_pro_c,614,0.9775,1
iterative,gemini_25_pro_c,615,0.971875,1
iterative,gemini_25_pro_c,616,0.97890625,1
iterative,gemini_25_pro_c,617,0.971875,1
iterative,gemini_25_pro_c,618,0.0,0
iterative,gemini_25_pro_c,619,0.9775,1
iterative,gemini_25_pro_c,620,0.97328125,1
iterative,gemini_25_pro_c,621,0.9690625,1
iterative,gemini_25_pro_c,622,0.97890625,1
iterative,gemini_25_pro_c,623,0.97890625,1
iterative,gemini_25_pro_c,624,0.9775,1
iterative,gemini_25_pro_c,625,0.97328125,1
iterative,gemini_25_pro_c,626,0.97328125,1
iterative,gemini_25_pro_c,627,0.9775,1
iterative,gemini_25_pro_c,628,0.0,0
iterative,gemini_25_pro_c,629,0.96625,1
iterative,gemini_25_pro_c,630,0.971875,1
iterative,gemini_25_pro_c,631,0.983125,1
iterative,gemini_25_pro_c,632,0.971875,1
iterative,gemini_25_pro_c,633,0.9746875,1
iterative,gemini_25_pro_c,634,0.97046875,1
iterative,gemini_25_pro_c,635,0.98453125,1
iterative,gemini_25_pro_c,636,0.971875,1
iterative,gemini_25_pro_c,637,0.971875,1
iterative,gemini_25_pro_c,638,0.97609375,1
iterative,gemini_25_pro_c,639,0.97609375,1
iterative,gemini_25_pro_c,640,0.97890625,1
iterative,gemini_25_pro_c,641,0.96625,1
iterative,gemini_25_pro_c,642,0.0,0
iterative,gemini_25_pro_c,643,0.97890625,1
iterative,gemini_25_pro_c,644,0.97046875,1
iterative,gemini_25_pro_c,645,0.97890625,1
iterative,gemini_25_pro_c,646,0.97328125,1
iterative,gemini_25_pro_c,647,0.971875,1
iterative,gemini_25_pro_c,648,0.96765625,1
iterative,gemini_25_pro_c,649,0.97609375,1
iterative,gemini_25_pro_c,650,0.97046875,1
iterative,gemini_25_pro_c,651,0.98734375,1
iterative,gemini_25_pro_c,652,0.9746875,1
iterative,gemini_25_pro_c,653,0.9775,1
iterative,gemini_25_pro_c,654,0.971875,1
iterative,gemini_25_pro_c,655,0.9746875,1
iterative,gemini_25_pro_c,656,0.9746875,1
iterative,gemini_25_pro_c,657,0.97328125,1
iterative,gemini_25_pro_c,658,0.9775,1
iterative,gemini_25_pro_c,659,0.97609375,1
iterative,gemini_25_pro_c,660,0.9775,1
iterative,gemini_25_pro_c,661,0.9746875,1
iterative,gemini_25_pro_c,662,0.96625,1
iterative,gemini_25_pro_c,663,0.97046875,1
iterative,gemini_25_pro_c,664,0.97046875,1
iterative,gemini_25_pro_c,665,0.97046875,1
iterative,gemini_25_pro_c,666,0.9746875,1
iterative,gemini_25_pro_c,667,0.9859375,1
iterative,gemini_25_pro_c,668,0.971875,1
iterative,gemini_25_pro_c,669,0.97890625,1
iterative,gemini_25_pro_c,670,0.97890625,1
iterative,gemini_25_pro_c,671,0.98171875,1
iterative,gemini_25_pro_c,672,0.97890625,1
iterative,gemini_25_pro_c,673,0.97609375,1
iterative,gemini_25_pro_c,674,0.96484375,1
iterative,gemini_25_pro_c,675,0.96765625,1
iterative,gemini_25_pro_c,676,0.0,0
iterative,gemini_25_pro_c,677,0.97890625,1
iterative,gemini_25_pro_c,678,0.97328125,1
iterative,gemini_25_pro_c,679,0.9775,1
iterative,gemini_25_pro_c,680,0.96484375,1
iterative,gemini_25_pro_c,681,0.9775,1
iterative,gemini_25_pro_c,682,0.97609375,1
iterative,gemini_25_pro_c,683,0.9746875,1
iterative,gemini_25_pro_c,684,0.97328125,1
iterative,gemini_25_pro_c,685,0.96765625,1
iterative,gemini_25_pro_c,686,0.9690625,1
iterative,gemini_25_pro_c,687,0.971875,1
iterative,gemini_25_pro_c,688,0.0,0
iterative,gemini_25_pro_c,689,0.9803125,1
iterative,gemini_25_pro_c,690,0.9634375,1
iterative,gemini_25_pro_c,691,0.97609375,1
iterative,gemini_25_pro_c,692,0.96765625,1
iterative,gemini_25_pro_c,693,0.97890625,1
iterative,gemini_25_pro_c,694,0.9690625,1
iterative,gemini_25_pro_c,695,0.97890625,1
iterative,gemini_25_pro_c,696,0.97890625,1
iterative,gemini_25_pro_c,697,0.97609375,1
iterative,gemini_25_pro_c,698,0.97328125,1
iterative,gemini_25_pro_c,699,0.971875,1
iterative,gemini_25_pro_c,700,0.97328125,1
iterative,gemini_25_pro_c,701,0.0,0
iterative,gemini_25_pro_c,702,0.97890625,1
iterative,gemini_25_pro_c,703,0.96625,1
iterative,gemini_25_pro_c,704,0.97046875,1
iterative,gemini_25_pro_c,705,0.9775,1
iterative,gemini_25_pro_c,706,0.97890625,1
iterative,gemini_25_pro_c,707,0.96625,1
iterative,gemini_25_pro_c,708,0.9775,1
iterative,gemini_25_pro_c,709,0.971875,1
iterative,gemini_25_pro_c,710,0.97609375,1
iterative,gemini_25_pro_c,711,0.9690625,1
iterative,gemini_25_pro_c,712,0.0,0
iterative,gemini_25_pro_c,713,0.971875,1
iterative,gemini_25_pro_c,714,0.9690625,1
iterative,gemini_25_pro_c,715,0.9690625,1
iterative,gemini_25_pro_c,716,0.971875,1
iterative,gemini_25_pro_c,717,0.98171875,1
iterative,gemini_25_pro_c,718,0.97328125,1
iterative,gemini_25_pro_c,719,0.98171875,1
iterative,gemini_25_pro_c,720,0.971875,1
iterative,gemini_25_pro_c,721,0.97609375,1
iterative,gemini_25_pro_c,722,0.971875,1
iterative,gemini_25_pro_c,723,0.96625,1
iterative,gemini_25_pro_c,724,0.98171875,1
iterative,gemini_25_pro_c,725,0.0,0
iterative,gemini_25_pro_c,726,0.97890625,1
iterative,gemini_25_pro_c,727,0.98171875,1
iterative,gemini_25_pro_c,728,0.9690625,1
iterative,gemini_25_pro_c,729,0.0,0
iterative,gemini_25_pro_c,730,0.97609375,1
iterative,gemini_25_pro_c,731,0.97890625,1
iterative,gemini_25_pro_c,732,0.0,0
iterative,gemini_25_pro_c,733,0.9803125,1
iterative,gemini_25_pro_c,734,0.9746875,1
iterative,gemini_25_pro_c,735,0.9690625,1
iterative,gemini_25_pro_c,736,0.96765625,1
iterative,gemini_25_pro_c,737,0.97609375,1
iterative,gemini_25_pro_c,738,0.97890625,1
iterative,gemini_25_pro_c,739,0.9775,1
iterative,gemini_25_pro_c,740,0.9775,1
iterative,gemini_25_pro_c,741,0.9746875,1
iterative,gemini_25_pro_c,742,0.97328125,1
iterative,gemini_25_pro_c,743,0.9775,1
iterative,gemini_25_pro_c,744,0.9634375,1
iterative,gemini_25_pro_c,745,0.97046875,1
iterative,gemini_25_pro_c,746,0.98171875,1
iterative,gemini_25_pro_c,747,0.971875,1
iterative,gemini_25_pro_c,748,0.97609375,1
iterative,gemini_25_pro_c,749,0.0,0
iterative,gemini_25_pro_c,750,0.97609375,1
iterative,gemini_25_pro_c,751,0.9746875,1
iterative,gemini_25_pro_c,752,0.97609375,1
iterative,gemini_25_pro_c,753,0.97046875,1
iterative,gemini_25_pro_c,754,0.9746875,1
iterative,gemini_25_pro_c,755,0.97328125,1
iterative,gemini_25_pro_c,756,0.9746875,1
iterative,gemini_25_pro_c,757,0.97890625,1
iterative,gemini_25_pro_c,758,0.9746875,1
iterative,gemini_25_pro_c,759,0.9775,1
iterative,gemini_25_pro_c,760,0.97046875,1
iterative,gemini_25_pro_c,761,0.9775,1
iterative,gemini_25_pro_c,762,0.97046875,1
iterative,gemini_25_pro_c,763,0.9746875,1
iterative,gemini_25_pro_c,764,0.971875,1
iterative,gemini_25_pro_c,765,0.9690625,1
iterative,gemini_25_pro_c,766,0.97609375,1
iterative,gemini_25_pro_c,767,0.97328125,1
iterative,gemini_25_pro_c,768,0.97609375,1
iterative,gemini_25_pro_c,769,0.971875,1
iterative,gemini_25_pro_c,770,0.9746875,1
iterative,gemini_25_pro_c,771,0.983125,1
iterative,gemini_25_pro_c,772,0.97328125,1
iterative,gemini_25_pro_c,773,0.97609375,1
iterative,gemini_25_pro_c,774,0.97890625,1
iterative,gemini_25_pro_c,775,0.9746875,1
iterative,gemini_25_pro_c,776,0.97890625,1
iterative,gemini_25_pro_c,777,0.97890625,1
iterative,gemini_25_pro_c,778,0.9775,1
iterative,gemini_25_pro_c,779,0.97328125,1
iterative,gemini_25_pro_c,780,0.9746875,1
iterative,gemini_25_pro_c,781,0.97609375,1
iterative,gemini_25_pro_c,782,0.0,0
iterative,gemini_25_pro_c,783,0.971875,1
iterative,gemini_25_pro_c,784,0.971875,1
iterative,gemini_25_pro_c,785,0.96625,1
iterative,gemini_25_pro_c,786,0.97609375,1
iterative,gemini_25_pro_c,787,0.9746875,1
iterative,gemini_25_pro_c,788,0.97046875,1
iterative,gemini_25_pro_c,789,0.9746875,1
iterative,gemini_25_pro_c,790,0.97328125,1
iterative,gemini_25_pro_c,791,0.97609375,1
iterative,gemini_25_pro_c,792,0.9775,1
iterative,gemini_25_pro_c,793,0.97609375,1
iterative,gemini_25_pro_c,794,0.97609375,1
iterative,gemini_25_pro_c,795,0.96765625,1
iterative,gemini_25_pro_c,796,0.971875,1
iterative,gemini_25_pro_c,797,0.97328125,1
iterative,gemini_25_pro_c,798,0.9803125,1
iterative,gemini_25_pro_c,799,0.97046875,1
iterative,gemini_25_pro_c,800,0.0,0
iterative,gemini_25_pro_c,801,0.96484375,1
iterative,gemini_25_pro_c,802,0.97890625,1
iterative,gemini_25_pro_c,803,0.97890625,1
iterative,gemini_25_pro_c,804,0.9746875,1
iterative,gemini_25_pro_c,805,0.97609375,1
iterative,gemini_25_pro_c,806,0.9690625,1
iterative,gemini_25_pro_c,807,0.9775,1
iterative,gemini_25_pro_c,808,0.97328125,1
iterative,gemini_25_pro_c,809,0.97046875,1
iterative,gemini_25_pro_c,810,0.97328125,1
iterative,gemini_25_pro_c,811,0.97328125,1
iterative,gemini_25_pro_c,812,0.97328125,1
iterative,gemini_25_pro_c,813,0.97328125,1
iterative,gemini_25_pro_c,814,0.97609375,1
iterative,gemini_25_pro_c,815,0.9775,1
iterative,gemini_25_pro_c,816,0.0,0
iterative,gemini_25_pro_c,817,0.98453125,1
iterative,gemini_25_pro_c,818,0.96765625,1
iterative,gemini_25_pro_c,819,0.97046875,1
iterative,gemini_25_pro_c,820,0.9746875,1
iterative,gemini_25_pro_c,821,0.9746875,1
iterative,gemini_25_pro_c,822,0.97609375,1
iterative,gemini_25_pro_c,823,0.97609375,1
iterative,gemini_25_pro_c,824,0.96484375,1
iterative,gemini_25_pro_c,825,0.9746875,1
iterative,gemini_25_pro_c,826,0.97328125,1
iterative,gemini_25_pro_c,827,0.0,0
iterative,gemini_25_pro_c,828,0.971875,1
iterative,gemini_25_pro_c,829,0.97328125,1
iterative,gemini_25_pro_c,830,0.0,0
iterative,gemini_25_pro_c,831,0.97609375,1
iterative,gemini_25_pro_c,832,0.98171875,1
iterative,gemini_25_pro_c,833,0.0,0
iterative,gemini_25_pro_c,834,0.97046875,1
iterative,gemini_25_pro_c,835,0.97046875,1
iterative,gemini_25_pro_c,836,0.9746875,1
iterative,gemini_25_pro_c,837,0.9746875,1
iterative,gemini_25_pro_c,838,0.0,0
iterative,gemini_25_pro_c,839,0.97609375,1
iterative,gemini_25_pro_c,840,0.0,0
iterative,gemini_25_pro_c,841,0.97609375,1
iterative,gemini_25_pro_c,842,0.97328125,1
iterative,gemini_25_pro_c,843,0.96625,1
iterative,gemini_25_pro_c,844,0.97046875,1
iterative,gemini_25_pro_c,845,0.9775,1
iterative,gemini_25_pro_c,846,0.97046875,1
iterative,gemini_25_pro_c,847,0.9803125,1
iterative,gemini_25_pro_c,848,0.0,0
iterative,gemini_25_pro_c,849,0.96765625,1
iterative,gemini_25_pro_c,850,0.9690625,1
iterative,gemini_25_pro_c,851,0.97046875,1
iterative,gemini_25_pro_c,852,0.97890625,1
iterative,gemini_25_pro_c,853,0.98171875,1
iterative,gemini_25_pro_c,854,0.971875,1
iterative,gemini_25_pro_c,855,0.97890625,1
iterative,gemini_25_pro_c,856,0.97609375,1
iterative,gemini_25_pro_c,857,0.971875,1
iterative,gemini_25_pro_c,858,0.97890625,1
iterative,gemini_25_pro_c,859,0.971875,1
iterative,gemini_25_pro_c,860,0.98453125,1
iterative,gemini_25_pro_c,861,0.97328125,1
iterative,gemini_25_pro_c,862,0.97328125,1
iterative,gemini_25_pro_c,863,0.97328125,1
iterative,gemini_25_pro_c,864,0.971875,1
iterative,gemini_25_pro_c,865,0.9690625,1
iterative,gemini_25_pro_c,866,0.9746875,1
iterative,gemini_25_pro_c,867,0.97328125,1
iterative,gemini_25_pro_c,868,0.9775,1
iterative,gemini_25_pro_c,869,0.9775,1
iterative,gemini_25_pro_c,870,0.9746875,1
iterative,gemini_25_pro_c,871,0.0,0
iterative,gemini_25_pro_c,872,0.96484375,1
iterative,gemini_25_pro_c,873,0.97328125,1
iterative,gemini_25_pro_c,874,0.97890625,1
iterative,gemini_25_pro_c,875,0.9690625,1
iterative,gemini_25_pro_c,876,0.9690625,1
iterative,gemini_25_pro_c,877,0.97890625,1
iterative,gemini_25_pro_c,878,0.96484375,1
iterative,gemini_25_pro_c,879,0.97609375,1
iterative,gemini_25_pro_c,880,0.9775,1
iterative,gemini_25_pro_c,881,0.9690625,1
iterative,gemini_25_pro_c,882,0.98171875,1
iterative,gemini_25_pro_c,883,0.97890625,1
iterative,gemini_25_pro_c,884,0.9775,1
iterative,gemini_25_pro_c,885,0.9690625,1
iterative,gemini_25_pro_c,886,0.9690625,1
iterative,gemini_25_pro_c,887,0.9746875,1
iterative,gemini_25_pro_c,888,0.971875,1
iterative,gemini_25_pro_c,889,0.97046875,1
iterative,gemini_25_pro_c,890,0.9746875,1
iterative,gemini_25_pro_c,891,0.9775,1
iterative,gemini_25_pro_c,892,0.9690625,1
iterative,gemini_25_pro_c,893,0.97046875,1
iterative,gemini_25_pro_c,894,0.971875,1
iterative,gemini_25_pro_c,895,0.9803125,1
iterative,gemini_25_pro_c,896,0.97890625,1
iterative,gemini_25_pro_c,897,0.9803125,1
iterative,gemini_25_pro_c,898,0.9775,1
iterative,gemini_25_pro_c,899,0.97609375,1
iterative,gemini_25_pro_c,900,0.9690625,1
iterative,gemini_25_pro_c,901,0.971875,1
iterative,gemini_25_pro_c,902,0.96765625,1
iterative,gemini_25_pro_c,903,0.9746875,1
iterative,gemini_25_pro_c,904,0.9775,1
iterative,gemini_25_pro_c,905,0.9746875,1
iterative,gemini_25_pro_c,906,0.96625,1
iterative,gemini_25_pro_c,907,0.971875,1
iterative,gemini_25_pro_c,908,0.9775,1
iterative,gemini_25_pro_c,909,0.0,0
iterative,gemini_25_pro_c,910,0.97328125,1
iterative,gemini_25_pro_c,911,0.97890625,1
iterative,gemini_25_pro_c,912,0.9746875,1
iterative,gemini_25_pro_c,913,0.97046875,1
iterative,gemini_25_pro_c,914,0.9690625,1
iterative,gemini_25_pro_c,915,0.97890625,1
iterative,gemini_25_pro_c,916,0.96484375,1
iterative,gemini_25_pro_c,917,0.971875,1
iterative,gemini_25_pro_c,918,0.9746875,1
iterative,gemini_25_pro_c,919,0.97609375,1
iterative,gemini_25_pro_c,920,0.9746875,1
iterative,gemini_25_pro_c,921,0.97328125,1
iterative,gemini_25_pro_c,922,0.97328125,1
iterative,gemini_25_pro_c,923,0.971875,1
iterative,gemini_25_pro_c,924,0.97046875,1
iterative,gemini_25_pro_c,925,0.96765625,1
iterative,gemini_25_pro_c,926,0.9690625,1
iterative,gemini_25_pro_c,927,0.971875,1
iterative,gemini_25_pro_c,928,0.0,0
iterative,gemini_25_pro_c,929,0.97328125,1
iterative,gemini_25_pro_c,930,0.97890625,1
iterative,gemini_25_pro_c,931,0.97609375,1
iterative,gemini_25_pro_c,932,0.9803125,1
iterative,gemini_25_pro_c,933,0.97609375,1
iterative,gemini_25_pro_c,934,0.971875,1
iterative,gemini_25_pro_c,935,0.97328125,1
iterative,gemini_25_pro_c,936,0.97609375,1
iterative,gemini_25_pro_c,937,0.97609375,1
iterative,gemini_25_pro_c,938,0.0,0
iterative,gemini_25_pro_c,939,0.0,0
iterative,gemini_25_pro_c,940,0.9746875,1
iterative,gemini_25_pro_c,941,0.983125,1
iterative,gemini_25_pro_c,942,0.9803125,1
iterative,gemini_25_pro_c,943,0.9746875,1
iterative,gemini_25_pro_c,944,0.971875,1
iterative,gemini_25_pro_c,945,0.9746875,1
iterative,gemini_25_pro_c,946,0.96765625,1
iterative,gemini_25_pro_c,947,0.97890625,1
iterative,gemini_25_pro_c,948,0.971875,1
iterative,gemini_25_pro_c,949,0.971875,1
iterative,gemini_25_pro_c,950,0.9775,1
iterative,gemini_25_pro_c,951,0.97328125,1
iterative,gemini_25_pro_c,952,0.971875,1
iterative,gemini_25_pro_c,953,0.97328125,1
iterative,gemini_25_pro_c,954,0.9803125,1
iterative,gemini_25_pro_c,955,0.9746875,1
iterative,gemini_25_pro_c,956,0.96765625,1
iterative,gemini_25_pro_c,957,0.9775,1
iterative,gemini_25_pro_c,958,0.9775,1
iterative,gemini_25_pro_c,959,0.9690625,1
iterative,gemini_25_pro_c,960,0.97890625,1
iterative,gemini_25_pro_c,961,0.97609375,1
iterative,gemini_25_pro_c,962,0.97328125,1
iterative,gemini_25_pro_c,963,0.9775,1
iterative,gemini_25_pro_c,964,0.98453125,1
iterative,gemini_25_pro_c,965,0.9690625,1
iterative,gemini_25_pro_c,966,0.9690625,1
iterative,gemini_25_pro_c,967,0.0,0
iterative,gemini_25_pro_c,968,0.97609375,1
iterative,gemini_25_pro_c,969,0.97328125,1
iterative,gemini_25_pro_c,970,0.97609375,1
iterative,gemini_25_pro_c,971,0.96484375,1
iterative,gemini_25_pro_c,972,0.0,0
iterative,gemini_25_pro_c,973,0.97328125,1
iterative,gemini_25_pro_c,974,0.97609375,1
iterative,gemini_25_pro_c,975,0.9690625,1
iterative,gemini_25_pro_c,976,0.0,0
iterative,gemini_25_pro_c,977,0.96625,1
iterative,gemini_25_pro_c,978,0.0,0
iterative,gemini_25_pro_c,979,0.9746875,1
iterative,gemini_25_pro_c,980,0.97609375,1
iterative,gemini_25_pro_c,981,0.9634375,1
iterative,gemini_25_pro_c,982,0.96765625,1
iterative,gemini_25_pro_c,983,0.9634375,1
iterative,gemini_25_pro_c,984,0.0,0
iterative,gemini_25_pro_c,985,0.97609375,1
iterative,gemini_25_pro_c,986,0.9803125,1
iterative,gemini_25_pro_c,987,0.96484375,1
iterative,gemini_25_pro_c,988,0.9775,1
iterative,gemini_25_pro_c,989,0.9690625,1
iterative,gemini_25_pro_c,990,0.97609375,1
iterative,gemini_25_pro_c,991,0.9746875,1
iterative,gemini_25_pro_c,992,0.96765625,1
iterative,gemini_25_pro_c,993,0.971875,1
iterative,gemini_25_pro_c,994,0.9746875,1
iterative,gemini_25_pro_c,995,0.9775,1
iterative,gemini_25_pro_c,996,0.97609375,1
iterative,gemini_25_pro_c,997,0.9746875,1
iterative,gemini_25_pro_c,998,0.971875,1
iterative,gemini_25_pro_c,999,0.97328125,1
iterative,gemini_25_pro_d,0,0.0,0
iterative,gemini_25_pro_d,1,0.0,0
iterative,gemini_25_pro_d,2,0.0,0
iterative,gemini_25_pro_d,3,0.0,0
iterative,gemini_25_pro_d,4,0.0,0
iterative,gemini_25_pro_d,5,0.0,0
iterative,gemini_25_pro_d,6,0.0,0
iterative,gemini_25_pro_d,7,0.0,0
iterative,gemini_25_pro_d,8,0.0,0
iterative,gemini_25_pro_d,9,0.0,0
iterative,gemini_25_pro_d,10,0.0,0
iterative,gemini_25_pro_d,11,0.0,0
iterative,gemini_25_pro_d,12,0.0,0
iterative,gemini_25_pro_d,13,0.0,0
iterative,gemini_25_pro_d,14,0.0,0
iterative,gemini_25_pro_d,15,0.0,0
iterative,gemini_25_pro_d,16,0.0,0
iterative,gemini_25_pro_d,17,0.0,0
iterative,gemini_25_pro_d,18,0.0,0
iterative,gemini_25_pro_d,19,0.0,0
iterative,gemini_25_pro_d,20,0.0,0
iterative,gemini_25_pro_d,21,0.0,0
iterative,gemini_25_pro_d,22,0.0,0
iterative,gemini_25_pro_d,23,0.0,0
iterative,gemini_25_pro_d,24,0.0,0
iterative,gemini_25_pro_d,25,0.0,0
iterative,gemini_25_pro_d,26,0.0,0
iterative,gemini_25_pro_d,27,0.0,0
iterative,gemini_25_pro_d,28,0.0,0
iterative,gemini_25_pro_d,29,0.0,0
iterative,gemini_25_pro_d,30,0.0,0
iterative,gemini_25_pro_d,31,0.0,0
iterative,gemini_25_pro_d,32,0.0,0
iterative,gemini_25_pro_d,33,0.0,0
iterative,gemini_25_pro_d,34,0.0,0
iterative,gemini_25_pro_d,35,0.0,0
iterative,gemini_25_pro_d,36,0.0,0
iterative,gemini_25_pro_d,37,0.0,0
iterative,gemini_25_pro_d,38,0.0,0
iterative,gemini_25_pro_d,39,0.0,0
iterative,gemini_25_pro_d,40,0.0,0
iterative,gemini_25_pro_d,41,0.0,0
iterative,gemini_25_pro_d,42,0.0,0
iterative,gemini_25_pro_d,43,0.0,0
iterative,gemini_25_pro_d,44,0.0,0
iterative,gemini_25_pro_d,45,0.0,0
iterative,gemini_25_pro_d,46,0.0,0
iterative,gemini_25_pro_d,47,0.0,0
iterative,gemini_25_pro_d,48,0.0,0
iterative,gemini_25_pro_d,49,0.0,0
iterative,gemini_25_pro_d,50,0.0,0
iterative,gemini_25_pro_d,51,0.0,0
iterative,gemini_25_pro_d,52,0.0,0
iterative,gemini_25_pro_d,53,0.0,0
iterative,gemini_25_pro_d,54,0.0,0
iterative,gemini_25_pro_d,55,0.0,0
iterative,gemini_25_pro_d,56,0.0,0
iterative,gemini_25_pro_d,57,0.0,0
iterative,gemini_25_pro_d,58,0.0,0
iterative,gemini_25_pro_d,59,0.0,0
iterative,gemini_25_pro_d,60,0.0,0
iterative,gemini_25_pro_d,61,0.0,0
iterative,gemini_25_pro_d,62,0.0,0
iterative,gemini_25_pro_d,63,0.0,0
iterative,gemini_25_pro_d,64,0.0,0
iterative,gemini_25_pro_d,65,0.0,0
iterative,gemini_25_pro_d,66,0.0,0
iterative,gemini_25_pro_d,67,0.0,0
iterative,gemini_25_pro_d,68,0.0,0
iterative,gemini_25_pro_d,69,0.0,0
iterative,gemini_25_pro_d,70,0.0,0
iterative,gemini_25_pro_d,71,0.0,0
iterative,gemini_25_pro_d,72,0.0,0
iterative,gemini_25_pro_d,73,0.0,0
iterative,gemini_25_pro_d,74,0.0,0
iterative,gemini_25_pro_d,75,0.0,0
iterative,gemini_25_pro_d,76,0.0,0
iterative,gemini_25_pro_d,77,0.0,0
iterative,gemini_25_pro_d,78,0.0,0
iterative,gemini_25_pro_d,79,0.0,0
iterative,gemini_25_pro_d,80,0.0,0
iterative,gemini_25_pro_d,81,0.0,0
iterative,gemini_25_pro_d,82,0.0,0
iterative,gemini_25_pro_d,83,0.0,0
iterative,gemini_25_pro_d,84,0.0,0
iterative,gemini_25_pro_d,85,0.0,0
iterative,gemini_25_pro_d,86,0.0,0
iterative,gemini_25_pro_d,87,0.0,0
iterative,gemini_25_pro_d,88,0.0,0
iterative,gemini_25_pro_d,89,0.0,0
iterative,gemini_25_pro_d,90,0.0,0
iterative,gemini_25_pro_d,91,0.0,0
iterative,gemini_25_pro_d,92,0.0,0
iterative,gemini_25_pro_d,93,0.0,0
iterative,gemini_25_pro_d,94,0.0,0
iterative,gemini_25_pro_d,95,0.0,0
iterative,gemini_25_pro_d,96,0.0,0
iterative,gemini_25_pro_d,97,0.0,0
iterative,gemini_25_pro_d,98,0.0,0
iterative,gemini_25_pro_d,99,0.0,0
iterative,gemini_25_pro_d,100,0.0,0
iterative,gemini_25_pro_d,101,0.0,0
iterative,gemini_25_pro_d,102,0.0,0
iterative,gemini_25_pro_d,103,0.0,0
iterative,gemini_25_pro_d,104,0.0,0
iterative,gemini_25_pro_d,105,0.0,0
iterative,gemini_25_pro_d,106,0.0,0
iterative,gemini_25_pro_d,107,0.0,0
iterative,gemini_25_pro_d,108,0.0,0
iterative,gemini_25_pro_d,109,0.0,0
iterative,gemini_25_pro_d,110,0.0,0
iterative,gemini_25_pro_d,111,0.0,0
iterative,gemini_25_pro_d,112,0.0,0
iterative,gemini_25_pro_d,113,0.0,0
iterative,gemini_25_pro_d,114,0.0,0
iterative,gemini_25_pro_d,115,0.0,0
iterative,gemini_25_pro_d,116,0.0,0
iterative,gemini_25_pro_d,117,0.0,0
iterative,gemini_25_pro_d,118,0.0,0
iterative,gemini_25_pro_d,119,0.0,0
iterative,gemini_25_pro_d,120,0.0,0
iterative,gemini_25_pro_d,121,0.0,0
iterative,gemini_25_pro_d,122,0.0,0
iterative,gemini_25_pro_d,123,0.0,0
iterative,gemini_25_pro_d,124,0.0,0
iterative,gemini_25_pro_d,125,0.0,0
iterative,gemini_25_pro_d,126,0.0,0
iterative,gemini_25_pro_d,127,0.0,0
iterative,gemini_25_pro_d,128,0.0,0
iterative,gemini_25_pro_d,129,0.0,0
iterative,gemini_25_pro_d,130,0.0,0
iterative,gemini_25_pro_d,131,0.0,0
iterative,gemini_25_pro_d,132,0.0,0
iterative,gemini_25_pro_d,133,0.0,0
iterative,gemini_25_pro_d,134,0.0,0
iterative,gemini_25_pro_d,135,0.0,0
iterative,gemini_25_pro_d,136,0.0,0
iterative,gemini_25_pro_d,137,0.0,0
iterative,gemini_25_pro_d,138,0.0,0
iterative,gemini_25_pro_d,139,0.0,0
iterative,gemini_25_pro_d,140,0.0,0
iterative,gemini_25_pro_d,141,0.0,0
iterative,gemini_25_pro_d,142,0.0,0
iterative,gemini_25_pro_d,143,0.0,0
iterative,gemini_25_pro_d,144,0.0,0
iterative,gemini_25_pro_d,145,0.0,0
iterative,gemini_25_pro_d,146,0.0,0
iterative,gemini_25_pro_d,147,0.0,0
iterative,gemini_25_pro_d,148,0.0,0
iterative,gemini_25_pro_d,149,0.0,0
iterative,gemini_25_pro_d,150,0.0,0
iterative,gemini_25_pro_d,151,0.0,0
iterative,gemini_25_pro_d,152,0.0,0
iterative,gemini_25_pro_d,153,0.0,0
iterative,gemini_25_pro_d,154,0.0,0
iterative,gemini_25_pro_d,155,0.0,0
iterative,gemini_25_pro_d,156,0.0,0
iterative,gemini_25_pro_d,157,0.0,0
iterative,gemini_25_pro_d,158,0.0,0
iterative,gemini_25_pro_d,159,0.0,0
iterative,gemini_25_pro_d,160,0.0,0
iterative,gemini_25_pro_d,161,0.0,0
iterative,gemini_25_pro_d,162,0.0,0
iterative,gemini_25_pro_d,163,0.0,0
iterative,gemini_25_pro_d,164,0.0,0
iterative,gemini_25_pro_d,165,0.0,0
iterative,gemini_25_pro_d,166,0.0,0
iterative,gemini_25_pro_d,167,0.0,0
iterative,gemini_25_pro_d,168,0.0,0
iterative,gemini_25_pro_d,169,0.0,0
iterative,gemini_25_pro_d,170,0.0,0
iterative,gemini_25_pro_d,171,0.0,0
iterative,gemini_25_pro_d,172,0.0,0
iterative,gemini_25_pro_d,173,0.0,0
iterative,gemini_25_pro_d,174,0.0,0
iterative,gemini_25_pro_d,175,0.0,0
iterative,gemini_25_pro_d,176,0.0,0
iterative,gemini_25_pro_d,177,0.0,0
iterative,gemini_25_pro_d,178,0.0,0
iterative,gemini_25_pro_d,179,0.0,0
iterative,gemini_25_pro_d,180,0.0,0
iterative,gemini_25_pro_d,181,0.0,0
iterative,gemini_25_pro_d,182,0.0,0
iterative,gemini_25_pro_d,183,0.0,0
iterative,gemini_25_pro_d,184,0.0,0
iterative,gemini_25_pro_d,185,0.0,0
iterative,gemini_25_pro_d,186,0.0,0
iterative,gemini_25_pro_d,187,0.0,0
iterative,gemini_25_pro_d,188,0.0,0
iterative,gemini_25_pro_d,189,0.0,0
iterative,gemini_25_pro_d,190,0.0,0
iterative,gemini_25_pro_d,191,0.0,0
iterative,gemini_25_pro_d,192,0.0,0
iterative,gemini_25_pro_d,193,0.0,0
iterative,gemini_25_pro_d,194,0.0,0
iterative,gemini_25_pro_d,195,0.0,0
iterative,gemini_25_pro_d,196,0.0,0
iterative,gemini_25_pro_d,197,0.0,0
iterative,gemini_25_pro_d,198,0.0,0
iterative,gemini_25_pro_d,199,0.0,0
iterative,gemini_25_pro_d,200,0.0,0
iterative,gemini_25_pro_d,201,0.0,0
iterative,gemini_25_pro_d,202,0.0,0
iterative,gemini_25_pro_d,203,0.0,0
iterative,gemini_25_pro_d,204,0.0,0
iterative,gemini_25_pro_d,205,0.0,0
iterative,gemini_25_pro_d,206,0.0,0
iterative,gemini_25_pro_d,207,0.0,0
iterative,gemini_25_pro_d,208,0.0,0
iterative,gemini_25_pro_d,209,0.0,0
iterative,gemini_25_pro_d,210,0.0,0
iterative,gemini_25_pro_d,211,0.0,0
iterative,gemini_25_pro_d,212,0.0,0
iterative,gemini_25_pro_d,213,0.0,0
iterative,gemini_25_pro_d,214,0.0,0
iterative,gemini_25_pro_d,215,0.0,0
iterative,gemini_25_pro_d,216,0.0,0
iterative,gemini_25_pro_d,217,0.0,0
iterative,gemini_25_pro_d,218,0.0,0
iterative,gemini_25_pro_d,219,0.0,0
iterative,gemini_25_pro_d,220,0.0,0
iterative,gemini_25_pro_d,221,0.0,0
iterative,gemini_25_pro_d,222,0.0,0
iterative,gemini_25_pro_d,223,0.0,0
iterative,gemini_25_pro_d,224,0.0,0
iterative,gemini_25_pro_d,225,0.0,0
iterative,gemini_25_pro_d,226,0.0,0
iterative,gemini_25_pro_d,227,0.0,0
iterative,gemini_25_pro_d,228,0.0,0
iterative,gemini_25_pro_d,229,0.0,0
iterative,gemini_25_pro_d,230,0.0,0
iterative,gemini_25_pro_d,231,0.0,0
iterative,gemini_25_pro_d,232,0.0,0
iterative,gemini_25_pro_d,233,0.0,0
iterative,gemini_25_pro_d,234,0.0,0
iterative,gemini_25_pro_d,235,0.0,0
iterative,gemini_25_pro_d,236,0.0,0
iterative,gemini_25_pro_d,237,0.0,0
iterative,gemini_25_pro_d,238,0.0,0
iterative,gemini_25_pro_d,239,0.0,0
iterative,gemini_25_pro_d,240,0.0,0
iterative,gemini_25_pro_d,241,0.0,0
iterative,gemini_25_pro_d,242,0.0,0
iterative,gemini_25_pro_d,243,0.0,0
iterative,gemini_25_pro_d,244,0.0,0
iterative,gemini_25_pro_d,245,0.0,0
iterative,gemini_25_pro_d,246,0.0,0
iterative,gemini_25_pro_d,247,0.0,0
iterative,gemini_25_pro_d,248,0.0,0
iterative,gemini_25_pro_d,249,0.0,0
iterative,gemini_25_pro_d,250,0.0,0
iterative,gemini_25_pro_d,251,0.0,0
iterative,gemini_25_pro_d,252,0.0,0
iterative,gemini_25_pro_d,253,0.0,0
iterative,gemini_25_pro_d,254,0.0,0
iterative,gemini_25_pro_d,255,0.0,0
iterative,gemini_25_pro_d,256,0.0,0
iterative,gemini_25_pro_d,257,0.0,0
iterative,gemini_25_pro_d,258,0.0,0
iterative,gemini_25_pro_d,259,0.0,0
iterative,gemini_25_pro_d,260,0.0,0
iterative,gemini_25_pro_d,261,0.0,0
iterative,gemini_25_pro_d,262,0.0,0
iterative,gemini_25_pro_d,263,0.0,0
iterative,gemini_25_pro_d,264,0.0,0
iterative,gemini_25_pro_d,265,0.0,0
iterative,gemini_25_pro_d,266,0.0,0
iterative,gemini_25_pro_d,267,0.0,0
iterative,gemini_25_pro_d,268,0.0,0
iterative,gemini_25_pro_d,269,0.0,0
iterative,gemini_25_pro_d,270,0.0,0
iterative,gemini_25_pro_d,271,0.0,0
iterative,gemini_25_pro_d,272,0.0,0
iterative,gemini_25_pro_d,273,0.0,0
iterative,gemini_25_pro_d,274,0.0,0
iterative,gemini_25_pro_d,275,0.0,0
iterative,gemini_25_pro_d,276,0.0,0
iterative,gemini_25_pro_d,277,0.0,0
iterative,gemini_25_pro_d,278,0.0,0
iterative,gemini_25_pro_d,279,0.0,0
iterative,gemini_25_pro_d,280,0.0,0
iterative,gemini_25_pro_d,281,0.0,0
iterative,gemini_25_pro_d,282,0.0,0
iterative,gemini_25_pro_d,283,0.0,0
iterative,gemini_25_pro_d,284,0.0,0
iterative,gemini_25_pro_d,285,0.0,0
iterative,gemini_25_pro_d,286,0.0,0
iterative,gemini_25_pro_d,287,0.0,0
iterative,gemini_25_pro_d,288,0.0,0
iterative,gemini_25_pro_d,289,0.0,0
iterative,gemini_25_pro_d,290,0.0,0
iterative,gemini_25_pro_d,291,0.0,0
iterative,gemini_25_pro_d,292,0.0,0
iterative,gemini_25_pro_d,293,0.0,0
iterative,gemini_25_pro_d,294,0.0,0
iterative,gemini_25_pro_d,295,0.0,0
iterative,gemini_25_pro_d,296,0.0,0
iterative,gemini_25_pro_d,297,0.0,0
iterative,gemini_25_pro_d,298,0.0,0
iterative,gemini_25_pro_d,299,0.0,0
iterative,gemini_25_pro_d,300,0.0,0
iterative,gemini_25_pro_d,301,0.0,0
iterative,gemini_25_pro_d,302,0.0,0
iterative,gemini_25_pro_d,303,0.0,0
iterative,gemini_25_pro_d,304,0.0,0
iterative,gemini_25_pro_d,305,0.0,0
iterative,gemini_25_pro_d,306,0.0,0
iterative,gemini_25_pro_d,307,0.0,0
iterative,gemini_25_pro_d,308,0.0,0
iterative,gemini_25_pro_d,309,0.0,0
iterative,gemini_25_pro_d,310,0.0,0
iterative,gemini_25_pro_d,311,0.0,0
iterative,gemini_25_pro_d,312,0.0,0
iterative,gemini_25_pro_d,313,0.0,0
iterative,gemini_25_pro_d,314,0.0,0
iterative,gemini_25_pro_d,315,0.0,0
iterative,gemini_25_pro_d,316,0.0,0
iterative,gemini_25_pro_d,317,0.0,0
iterative,gemini_25_pro_d,318,0.0,0
iterative,gemini_25_pro_d,319,0.0,0
iterative,gemini_25_pro_d,320,0.0,0
iterative,gemini_25_pro_d,321,0.0,0
iterative,gemini_25_pro_d,322,0.0,0
iterative,gemini_25_pro_d,323,0.0,0
iterative,gemini_25_pro_d,324,0.0,0
iterative,gemini_25_pro_d,325,0.0,0
iterative,gemini_25_pro_d,326,0.0,0
iterative,gemini_25_pro_d,327,0.0,0
iterative,gemini_25_pro_d,328,0.0,0
iterative,gemini_25_pro_d,329,0.0,0
iterative,gemini_25_pro_d,330,0.0,0
iterative,gemini_25_pro_d,331,0.0,0
iterative,gemini_25_pro_d,332,0.0,0
iterative,gemini_25_pro_d,333,0.0,0
iterative,gemini_25_pro_d,334,0.0,0
iterative,gemini_25_pro_d,335,0.0,0
iterative,gemini_25_pro_d,336,0.0,0
iterative,gemini_25_pro_d,337,0.0,0
iterative,gemini_25_pro_d,338,0.0,0
iterative,gemini_25_pro_d,339,0.0,0
iterative,gemini_25_pro_d,340,0.0,0
iterative,gemini_25_pro_d,341,0.0,0
iterative,gemini_25_pro_d,342,0.0,0
iterative,gemini_25_pro_d,343,0.0,0
iterative,gemini_25_pro_d,344,0.0,0
iterative,gemini_25_pro_d,345,0.0,0
iterative,gemini_25_pro_d,346,0.0,0
iterative,gemini_25_pro_d,347,0.0,0
iterative,gemini_25_pro_d,348,0.0,0
iterative,gemini_25_pro_d,349,0.0,0
iterative,gemini_25_pro_d,350,0.0,0
iterative,gemini_25_pro_d,351,0.0,0
iterative,gemini_25_pro_d,352,0.0,0
iterative,gemini_25_pro_d,353,0.0,0
iterative,gemini_25_pro_d,354,0.0,0
iterative,gemini_25_pro_d,355,0.0,0
iterative,gemini_25_pro_d,356,0.0,0
iterative,gemini_25_pro_d,357,0.0,0
iterative,gemini_25_pro_d,358,0.0,0
iterative,gemini_25_pro_d,359,0.0,0
iterative,gemini_25_pro_d,360,0.0,0
iterative,gemini_25_pro_d,361,0.0,0
iterative,gemini_25_pro_d,362,0.0,0
iterative,gemini_25_pro_d,363,0.0,0
iterative,gemini_25_pro_d,364,0.0,0
iterative,gemini_25_pro_d,365,0.0,0
iterative,gemini_25_pro_d,366,0.0,0
iterative,gemini_25_pro_d,367,0.0,0
iterative,gemini_25_pro_d,368,0.0,0
iterative,gemini_25_pro_d,369,0.0,0
iterative,gemini_25_pro_d,370,0.0,0
iterative,gemini_25_pro_d,371,0.0,0
iterative,gemini_25_pro_d,372,0.0,0
iterative,gemini_25_pro_d,373,0.0,0
iterative,gemini_25_pro_d,374,0.0,0
iterative,gemini_25_pro_d,375,0.0,0
iterative,gemini_25_pro_d,376,0.0,0
iterative,gemini_25_pro_d,377,0.0,0
iterative,gemini_25_pro_d,378,0.0,0
iterative,gemini_25_pro_d,379,0.0,0
iterative,gemini_25_pro_d,380,0.0,0
iterative,gemini_25_pro_d,381,0.0,0
iterative,gemini_25_pro_d,382,0.0,0
iterative,gemini_25_pro_d,383,0.0,0
iterative,gemini_25_pro_d,384,0.0,0
iterative,gemini_25_pro_d,385,0.0,0
iterative,gemini_25_pro_d,386,0.0,0
iterative,gemini_25_pro_d,387,0.0,0
iterative,gemini_25_pro_d,388,0.0,0
iterative,gemini_25_pro_d,389,0.0,0
iterative,gemini_25_pro_d,390,0.0,0
iterative,gemini_25_pro_d,391,0.0,0
iterative,gemini_25_pro_d,392,0.0,0
iterative,gemini_25_pro_d,393,0.0,0
iterative,gemini_25_pro_d,394,0.0,0
iterative,gemini_25_pro_d,395,0.0,0
iterative,gemini_25_pro_d,396,0.0,0
iterative,gemini_25_pro_d,397,0.0,0
iterative,gemini_25_pro_d,398,0.0,0
iterative,gemini_25_pro_d,399,0.0,0
iterative,gemini_25_pro_d,400,0.0,0
iterative,gemini_25_pro_d,401,0.0,0
iterative,gemini_25_pro_d,402,0.0,0
iterative,gemini_25_pro_d,403,0.0,0
iterative,gemini_25_pro_d,404,0.0,0
iterative,gemini_25_pro_d,405,0.0,0
iterative,gemini_25_pro_d,406,0.0,0
iterative,gemini_25_pro_d,407,0.0,0
iterative,gemini_25_pro_d,408,0.0,0
iterative,gemini_25_pro_d,409,0.0,0
iterative,gemini_25_pro_d,410,0.0,0
iterative,gemini_25_pro_d,411,0.0,0
iterative,gemini_25_pro_d,412,0.0,0
iterative,gemini_25_pro_d,413,0.0,0
iterative,gemini_25_pro_d,414,0.0,0
iterative,gemini_25_pro_d,415,0.0,0
iterative,gemini_25_pro_d,416,0.0,0
iterative,gemini_25_pro_d,417,0.0,0
iterative,gemini_25_pro_d,418,0.0,0
iterative,gemini_25_pro_d,419,0.0,0
iterative,gemini_25_pro_d,420,0.0,0
iterative,gemini_25_pro_d,421,0.0,0
iterative,gemini_25_pro_d,422,0.0,0
iterative,gemini_25_pro_d,423,0.0,0
iterative,gemini_25_pro_d,424,0.0,0
iterative,gemini_25_pro_d,425,0.0,0
iterative,gemini_25_pro_d,426,0.0,0
iterative,gemini_25_pro_d,427,0.0,0
iterative,gemini_25_pro_d,428,0.0,0
iterative,gemini_25_pro_d,429,0.0,0
iterative,gemini_25_pro_d,430,0.0,0
iterative,gemini_25_pro_d,431,0.0,0
iterative,gemini_25_pro_d,432,0.0,0
iterative,gemini_25_pro_d,433,0.0,0
iterative,gemini_25_pro_d,434,0.0,0
iterative,gemini_25_pro_d,435,0.0,0
iterative,gemini_25_pro_d,436,0.0,0
iterative,gemini_25_pro_d,437,0.0,0
iterative,gemini_25_pro_d,438,0.0,0
iterative,gemini_25_pro_d,439,0.0,0
iterative,gemini_25_pro_d,440,0.0,0
iterative,gemini_25_pro_d,441,0.0,0
iterative,gemini_25_pro_d,442,0.0,0
iterative,gemini_25_pro_d,443,0.0,0
iterative,gemini_25_pro_d,444,0.0,0
iterative,gemini_25_pro_d,445,0.0,0
iterative,gemini_25_pro_d,446,0.0,0
iterative,gemini_25_pro_d,447,0.0,0
iterative,gemini_25_pro_d,448,0.0,0
iterative,gemini_25_pro_d,449,0.0,0
iterative,gemini_25_pro_d,450,0.0,0
iterative,gemini_25_pro_d,451,0.0,0
iterative,gemini_25_pro_d,452,0.0,0
iterative,gemini_25_pro_d,453,0.0,0
iterative,gemini_25_pro_d,454,0.0,0
iterative,gemini_25_pro_d,455,0.0,0
iterative,gemini_25_pro_d,456,0.0,0
iterative,gemini_25_pro_d,457,0.0,0
iterative,gemini_25_pro_d,458,0.0,0
iterative,gemini_25_pro_d,459,0.0,0
iterative,gemini_25_pro_d,460,0.0,0
iterative,gemini_25_pro_d,461,0.0,0
iterative,gemini_25_pro_d,462,0.0,0
iterative,gemini_25_pro_d,463,0.0,0
iterative,gemini_25_pro_d,464,0.0,0
iterative,gemini_25_pro_d,465,0.0,0
iterative,gemini_25_pro_d,466,0.0,0
iterative,gemini_25_pro_d,467,0.0,0
iterative,gemini_25_pro_d,468,0.0,0
iterative,gemini_25_pro_d,469,0.0,0
iterative,gemini_25_pro_d,470,0.0,0
iterative,gemini_25_pro_d,471,0.0,0
iterative,gemini_25_pro_d,472,0.0,0
iterative,gemini_25_pro_d,473,0.0,0
iterative,gemini_25_pro_d,474,0.0,0
iterative,gemini_25_pro_d,475,0.0,0
iterative,gemini_25_pro_d,476,0.0,0
iterative,gemini_25_pro_d,477,0.0,0
iterative,gemini_25_pro_d,478,0.0,0
iterative,gemini_25_pro_d,479,0.0,0
iterative,gemini_25_pro_d,480,0.0,0
iterative,gemini_25_pro_d,481,0.0,0
iterative,gemini_25_pro_d,482,0.0,0
iterative,gemini_25_pro_d,483,0.0,0
iterative,gemini_25_pro_d,484,0.0,0
iterative,gemini_25_pro_d,485,0.0,0
iterative,gemini_25_pro_d,486,0.0,0
iterative,gemini_25_pro_d,487,0.0,0
iterative,gemini_25_pro_d,488,0.0,0
iterative,gemini_25_pro_d,489,0.0,0
iterative,gemini_25_pro_d,490,0.0,0
iterative,gemini_25_pro_d,491,0.0,0
iterative,gemini_25_pro_d,492,0.0,0
iterative,gemini_25_pro_d,493,0.0,0
iterative,gemini_25_pro_d,494,0.0,0
iterative,gemini_25_pro_d,495,0.0,0
iterative,gemini_25_pro_d,496,0.0,0
iterative,gemini_25_pro_d,497,0.0,0
iterative,gemini_25_pro_d,498,0.0,0
iterative,gemini_25_pro_d,499,0.0,0
iterative,gemini_25_pro_d,500,0.0,0
iterative,gemini_25_pro_d,501,0.0,0
iterative,gemini_25_pro_d,502,0.0,0
iterative,gemini_25_pro_d,503,0.0,0
iterative,gemini_25_pro_d,504,0.0,0
iterative,gemini_25_pro_d,505,0.0,0
iterative,gemini_25_pro_d,506,0.0,0
iterative,gemini_25_pro_d,507,0.0,0
iterative,gemini_25_pro_d,508,0.0,0
iterative,gemini_25_pro_d,509,0.0,0
iterative,gemini_25_pro_d,510,0.0,0
iterative,gemini_25_pro_d,511,0.0,0
iterative,gemini_25_pro_d,512,0.0,0
iterative,gemini_25_pro_d,513,0.0,0
iterative,gemini_25_pro_d,514,0.0,0
iterative,gemini_25_pro_d,515,0.0,0
iterative,gemini_25_pro_d,516,0.0,0
iterative,gemini_25_pro_d,517,0.0,0
iterative,gemini_25_pro_d,518,0.0,0
iterative,gemini_25_pro_d,519,0.0,0
iterative,gemini_25_pro_d,520,0.0,0
iterative,gemini_25_pro_d,521,0.0,0
iterative,gemini_25_pro_d,522,0.0,0
iterative,gemini_25_pro_d,523,0.0,0
iterative,gemini_25_pro_d,524,0.0,0
iterative,gemini_25_pro_d,525,0.0,0
iterative,gemini_25_pro_d,526,0.0,0
iterative,gemini_25_pro_d,527,0.0,0
iterative,gemini_25_pro_d,528,0.0,0
iterative,gemini_25_pro_d,529,0.0,0
iterative,gemini_25_pro_d,530,0.0,0
iterative,gemini_25_pro_d,531,0.0,0
iterative,gemini_25_pro_d,532,0.0,0
iterative,gemini_25_pro_d,533,0.0,0
iterative,gemini_25_pro_d,534,0.0,0
iterative,gemini_25_pro_d,535,0.0,0
iterative,gemini_25_pro_d,536,0.0,0
iterative,gemini_25_pro_d,537,0.0,0
iterative,gemini_25_pro_d,538,0.0,0
iterative,gemini_25_pro_d,539,0.0,0
iterative,gemini_25_pro_d,540,0.0,0
iterative,gemini_25_pro_d,541,0.0,0
iterative,gemini_25_pro_d,542,0.0,0
iterative,gemini_25_pro_d,543,0.0,0
iterative,gemini_25_pro_d,544,0.0,0
iterative,gemini_25_pro_d,545,0.0,0
iterative,gemini_25_pro_d,546,0.0,0
iterative,gemini_25_pro_d,547,0.0,0
iterative,gemini_25_pro_d,548,0.0,0
iterative,gemini_25_pro_d,549,0.0,0
iterative,gemini_25_pro_d,550,0.0,0
iterative,gemini_25_pro_d,551,0.0,0
iterative,gemini_25_pro_d,552,0.0,0
iterative,gemini_25_pro_d,553,0.0,0
iterative,gemini_25_pro_d,554,0.0,0
iterative,gemini_25_pro_d,555,0.0,0
iterative,gemini_25_pro_d,556,0.0,0
iterative,gemini_25_pro_d,557,0.0,0
iterative,gemini_25_pro_d,558,0.0,0
iterative,gemini_25_pro_d,559,0.0,0
iterative,gemini_25_pro_d,560,0.0,0
iterative,gemini_25_pro_d,561,0.0,0
iterative,gemini_25_pro_d,562,0.0,0
iterative,gemini_25_pro_d,563,0.0,0
iterative,gemini_25_pro_d,564,0.0,0
iterative,gemini_25_pro_d,565,0.0,0
iterative,gemini_25_pro_d,566,0.0,0
iterative,gemini_25_pro_d,567,0.0,0
iterative,gemini_25_pro_d,568,0.0,0
iterative,gemini_25_pro_d,569,0.0,0
iterative,gemini_25_pro_d,570,0.0,0
iterative,gemini_25_pro_d,571,0.0,0
iterative,gemini_25_pro_d,572,0.0,0
iterative,gemini_25_pro_d,573,0.0,0
iterative,gemini_25_pro_d,574,0.0,0
iterative,gemini_25_pro_d,575,0.0,0
iterative,gemini_25_pro_d,576,0.0,0
iterative,gemini_25_pro_d,577,0.0,0
iterative,gemini_25_pro_d,578,0.0,0
iterative,gemini_25_pro_d,579,0.0,0
iterative,gemini_25_pro_d,580,0.0,0
iterative,gemini_25_pro_d,581,0.0,0
iterative,gemini_25_pro_d,582,0.0,0
iterative,gemini_25_pro_d,583,0.0,0
iterative,gemini_25_pro_d,584,0.0,0
iterative,gemini_25_pro_d,585,0.0,0
iterative,gemini_25_pro_d,586,0.0,0
iterative,gemini_25_pro_d,587,0.0,0
iterative,gemini_25_pro_d,588,0.0,0
iterative,gemini_25_pro_d,589,0.0,0
iterative,gemini_25_pro_d,590,0.0,0
iterative,gemini_25_pro_d,591,0.0,0
iterative,gemini_25_pro_d,592,0.0,0
iterative,gemini_25_pro_d,593,0.0,0
iterative,gemini_25_pro_d,594,0.0,0
iterative,gemini_25_pro_d,595,0.0,0
iterative,gemini_25_pro_d,596,0.0,0
iterative,gemini_25_pro_d,597,0.0,0
iterative,gemini_25_pro_d,598,0.0,0
iterative,gemini_25_pro_d,599,0.0,0
iterative,gemini_25_pro_d,600,0.0,0
iterative,gemini_25_pro_d,601,0.0,0
iterative,gemini_25_pro_d,602,0.0,0
iterative,gemini_25_pro_d,603,0.0,0
iterative,gemini_25_pro_d,604,0.0,0
iterative,gemini_25_pro_d,605,0.0,0
iterative,gemini_25_pro_d,606,0.0,0
iterative,gemini_25_pro_d,607,0.0,0
iterative,gemini_25_pro_d,608,0.0,0
iterative,gemini_25_pro_d,609,0.0,0
iterative,gemini_25_pro_d,610,0.0,0
iterative,gemini_25_pro_d,611,0.0,0
iterative,gemini_25_pro_d,612,0.0,0
iterative,gemini_25_pro_d,613,0.0,0
iterative,gemini_25_pro_d,614,0.0,0
iterative,gemini_25_pro_d,615,0.0,0
iterative,gemini_25_pro_d,616,0.0,0
iterative,gemini_25_pro_d,617,0.0,0
iterative,gemini_25_pro_d,618,0.0,0
iterative,gemini_25_pro_d,619,0.0,0
iterative,gemini_25_pro_d,620,0.0,0
iterative,gemini_25_pro_d,621,0.0,0
iterative,gemini_25_pro_d,622,0.0,0
iterative,gemini_25_pro_d,623,0.0,0
iterative,gemini_25_pro_d,624,0.0,0
iterative,gemini_25_pro_d,625,0.0,0
iterative,gemini_25_pro_d,626,0.0,0
iterative,gemini_25_pro_d,627,0.0,0
iterative,gemini_25_pro_d,628,0.0,0
iterative,gemini_25_pro_d,629,0.0,0
iterative,gemini_25_pro_d,630,0.0,0
iterative,gemini_25_pro_d,631,0.0,0
iterative,gemini_25_pro_d,632,0.0,0
iterative,gemini_25_pro_d,633,0.0,0
iterative,gemini_25_pro_d,634,0.0,0
iterative,gemini_25_pro_d,635,0.0,0
iterative,gemini_25_pro_d,636,0.0,0
iterative,gemini_25_pro_d,637,0.0,0
iterative,gemini_25_pro_d,638,0.0,0
iterative,gemini_25_pro_d,639,0.0,0
iterative,gemini_25_pro_d,640,0.0,0
iterative,gemini_25_pro_d,641,0.0,0
iterative,gemini_25_pro_d,642,0.0,0
iterative,gemini_25_pro_d,643,0.0,0
iterative,gemini_25_pro_d,644,0.0,0
iterative,gemini_25_pro_d,645,0.0,0
iterative,gemini_25_pro_d,646,0.0,0
iterative,gemini_25_pro_d,647,0.0,0
iterative,gemini_25_pro_d,648,0.0,0
iterative,gemini_25_pro_d,649,0.0,0
iterative,gemini_25_pro_d,650,0.0,0
iterative,gemini_25_pro_d,651,0.0,0
iterative,gemini_25_pro_d,652,0.0,0
iterative,gemini_25_pro_d,653,0.0,0
iterative,gemini_25_pro_d,654,0.0,0
iterative,gemini_25_pro_d,655,0.0,0
iterative,gemini_25_pro_d,656,0.0,0
iterative,gemini_25_pro_d,657,0.0,0
iterative,gemini_25_pro_d,658,0.0,0
iterative,gemini_25_pro_d,659,0.0,0
iterative,gemini_25_pro_d,660,0.0,0
iterative,gemini_25_pro_d,661,0.0,0
iterative,gemini_25_pro_d,662,0.0,0
iterative,gemini_25_pro_d,663,0.0,0
iterative,gemini_25_pro_d,664,0.0,0
iterative,gemini_25_pro_d,665,0.0,0
iterative,gemini_25_pro_d,666,0.0,0
iterative,gemini_25_pro_d,667,0.0,0
iterative,gemini_25_pro_d,668,0.0,0
iterative,gemini_25_pro_d,669,0.0,0
iterative,gemini_25_pro_d,670,0.0,0
iterative,gemini_25_pro_d,671,0.0,0
iterative,gemini_25_pro_d,672,0.0,0
iterative,gemini_25_pro_d,673,0.0,0
iterative,gemini_25_pro_d,674,0.0,0
iterative,gemini_25_pro_d,675,0.0,0
iterative,gemini_25_pro_d,676,0.0,0
iterative,gemini_25_pro_d,677,0.0,0
iterative,gemini_25_pro_d,678,0.0,0
iterative,gemini_25_pro_d,679,0.0,0
iterative,gemini_25_pro_d,680,0.0,0
iterative,gemini_25_pro_d,681,0.0,0
iterative,gemini_25_pro_d,682,0.0,0
iterative,gemini_25_pro_d,683,0.0,0
iterative,gemini_25_pro_d,684,0.0,0
iterative,gemini_25_pro_d,685,0.0,0
iterative,gemini_25_pro_d,686,0.0,0
iterative,gemini_25_pro_d,687,0.0,0
iterative,gemini_25_pro_d,688,0.0,0
iterative,gemini_25_pro_d,689,0.0,0
iterative,gemini_25_pro_d,690,0.0,0
iterative,gemini_25_pro_d,691,0.0,0
iterative,gemini_25_pro_d,692,0.0,0
iterative,gemini_25_pro_d,693,0.0,0
iterative,gemini_25_pro_d,694,0.0,0
iterative,gemini_25_pro_d,695,0.0,0
iterative,gemini_25_pro_d,696,0.0,0
iterative,gemini_25_pro_d,697,0.0,0
iterative,gemini_25_pro_d,698,0.0,0
iterative,gemini_25_pro_d,699,0.0,0
iterative,gemini_25_pro_d,700,0.0,0
iterative,gemini_25_pro_d,701,0.0,0
iterative,gemini_25_pro_d,702,0.0,0
iterative,gemini_25_pro_d,703,0.0,0
iterative,gemini_25_pro_d,704,0.0,0
iterative,gemini_25_pro_d,705,0.0,0
iterative,gemini_25_pro_d,706,0.0,0
iterative,gemini_25_pro_d,707,0.0,0
iterative,gemini_25_pro_d,708,0.0,0
iterative,gemini_25_pro_d,709,0.0,0
iterative,gemini_25_pro_d,710,0.0,0
iterative,gemini_25_pro_d,711,0.0,0
iterative,gemini_25_pro_d,712,0.0,0
iterative,gemini_25_pro_d,713,0.0,0
iterative,gemini_25_pro_d,714,0.0,0
iterative,gemini_25_pro_d,715,0.0,0
iterative,gemini_25_pro_d,716,0.0,0
iterative,gemini_25_pro_d,717,0.0,0
iterative,gemini_25_pro_d,718,0.0,0
iterative,gemini_25_pro_d,719,0.0,0
iterative,gemini_25_pro_d,720,0.0,0
iterative,gemini_25_pro_d,721,0.0,0
iterative,gemini_25_pro_d,722,0.0,0
iterative,gemini_25_pro_d,723,0.0,0
iterative,gemini_25_pro_d,724,0.0,0
iterative,gemini_25_pro_d,725,0.0,0
iterative,gemini_25_pro_d,726,0.0,0
iterative,gemini_25_pro_d,727,0.0,0
iterative,gemini_25_pro_d,728,0.0,0
iterative,gemini_25_pro_d,729,0.0,0
iterative,gemini_25_pro_d,730,0.0,0
iterative,gemini_25_pro_d,731,0.0,0
iterative,gemini_25_pro_d,732,0.0,0
iterative,gemini_25_pro_d,733,0.0,0
iterative,gemini_25_pro_d,734,0.0,0
iterative,gemini_25_pro_d,735,0.0,0
iterative,gemini_25_pro_d,736,0.0,0
iterative,gemini_25_pro_d,737,0.0,0
iterative,gemini_25_pro_d,738,0.0,0
iterative,gemini_25_pro_d,739,0.0,0
iterative,gemini_25_pro_d,740,0.0,0
iterative,gemini_25_pro_d,741,0.0,0
iterative,gemini_25_pro_d,742,0.0,0
iterative,gemini_25_pro_d,743,0.0,0
iterative,gemini_25_pro_d,744,0.0,0
iterative,gemini_25_pro_d,745,0.0,0
iterative,gemini_25_pro_d,746,0.0,0
iterative,gemini_25_pro_d,747,0.0,0
iterative,gemini_25_pro_d,748,0.0,0
iterative,gemini_25_pro_d,749,0.0,0
iterative,gemini_25_pro_d,750,0.0,0
iterative,gemini_25_pro_d,751,0.0,0
iterative,gemini_25_pro_d,752,0.0,0
iterative,gemini_25_pro_d,753,0.0,0
iterative,gemini_25_pro_d,754,0.0,0
iterative,gemini_25_pro_d,755,0.0,0
iterative,gemini_25_pro_d,756,0.0,0
iterative,gemini_25_pro_d,757,0.0,0
iterative,gemini_25_pro_d,758,0.0,0
iterative,gemini_25_pro_d,759,0.0,0
iterative,gemini_25_pro_d,760,0.0,0
iterative,gemini_25_pro_d,761,0.0,0
iterative,gemini_25_pro_d,762,0.0,0
iterative,gemini_25_pro_d,763,0.0,0
iterative,gemini_25_pro_d,764,0.0,0
iterative,gemini_25_pro_d,765,0.0,0
iterative,gemini_25_pro_d,766,0.0,0
iterative,gemini_25_pro_d,767,0.0,0
iterative,gemini_25_pro_d,768,0.0,0
iterative,gemini_25_pro_d,769,0.0,0
iterative,gemini_25_pro_d,770,0.0,0
iterative,gemini_25_pro_d,771,0.0,0
iterative,gemini_25_pro_d,772,0.0,0
iterative,gemini_25_pro_d,773,0.0,0
iterative,gemini_25_pro_d,774,0.0,0
iterative,gemini_25_pro_d,775,0.0,0
iterative,gemini_25_pro_d,776,0.0,0
iterative,gemini_25_pro_d,777,0.0,0
iterative,gemini_25_pro_d,778,0.0,0
iterative,gemini_25_pro_d,779,0.0,0
iterative,gemini_25_pro_d,780,0.0,0
iterative,gemini_25_pro_d,781,0.0,0
iterative,gemini_25_pro_d,782,0.0,0
iterative,gemini_25_pro_d,783,0.0,0
iterative,gemini_25_pro_d,784,0.0,0
iterative,gemini_25_pro_d,785,0.0,0
iterative,gemini_25_pro_d,786,0.0,0
iterative,gemini_25_pro_d,787,0.0,0
iterative,gemini_25_pro_d,788,0.0,0
iterative,gemini_25_pro_d,789,0.0,0
iterative,gemini_25_pro_d,790,0.0,0
iterative,gemini_25_pro_d,791,0.0,0
iterative,gemini_25_pro_d,792,0.0,0
iterative,gemini_25_pro_d,793,0.0,0
iterative,gemini_25_pro_d,794,0.0,0
iterative,gemini_25_pro_d,795,0.0,0
iterative,gemini_25_pro_d,796,0.0,0
iterative,gemini_25_pro_d,797,0.0,0
iterative,gemini_25_pro_d,798,0.0,0
iterative,gemini_25_pro_d,799,0.0,0
iterative,gemini_25_pro_d,800,0.0,0
iterative,gemini_25_pro_d,801,0.0,0
iterative,gemini_25_pro_d,802,0.0,0
iterative,gemini_25_pro_d,803,0.0,0
iterative,gemini_25_pro_d,804,0.0,0
iterative,gemini_25_pro_d,805,0.0,0
iterative,gemini_25_pro_d,806,0.0,0
iterative,gemini_25_pro_d,807,0.0,0
iterative,gemini_25_pro_d,808,0.0,0
iterative,gemini_25_pro_d,809,0.0,0
iterative,gemini_25_pro_d,810,0.0,0
iterative,gemini_25_pro_d,811,0.0,0
iterative,gemini_25_pro_d,812,0.0,0
iterative,gemini_25_pro_d,813,0.0,0
iterative,gemini_25_pro_d,814,0.0,0
iterative,gemini_25_pro_d,815,0.0,0
iterative,gemini_25_pro_d,816,0.0,0
iterative,gemini_25_pro_d,817,0.0,0
iterative,gemini_25_pro_d,818,0.0,0
iterative,gemini_25_pro_d,819,0.0,0
iterative,gemini_25_pro_d,820,0.0,0
iterative,gemini_25_pro_d,821,0.0,0
iterative,gemini_25_pro_d,822,0.0,0
iterative,gemini_25_pro_d,823,0.0,0
iterative,gemini_25_pro_d,824,0.0,0
iterative,gemini_25_pro_d,825,0.0,0
iterative,gemini_25_pro_d,826,0.0,0
iterative,gemini_25_pro_d,827,0.0,0
iterative,gemini_25_pro_d,828,0.0,0
iterative,gemini_25_pro_d,829,0.0,0
iterative,gemini_25_pro_d,830,0.0,0
iterative,gemini_25_pro_d,831,0.0,0
iterative,gemini_25_pro_d,832,0.0,0
iterative,gemini_25_pro_d,833,0.0,0
iterative,gemini_25_pro_d,834,0.0,0
iterative,gemini_25_pro_d,835,0.0,0
iterative,gemini_25_pro_d,836,0.0,0
iterative,gemini_25_pro_d,837,0.0,0
iterative,gemini_25_pro_d,838,0.0,0
iterative,gemini_25_pro_d,839,0.0,0
iterative,gemini_25_pro_d,840,0.0,0
iterative,gemini_25_pro_d,841,0.0,0
iterative,gemini_25_pro_d,842,0.0,0
iterative,gemini_25_pro_d,843,0.0,0
iterative,gemini_25_pro_d,844,0.0,0
iterative,gemini_25_pro_d,845,0.0,0
iterative,gemini_25_pro_d,846,0.0,0
iterative,gemini_25_pro_d,847,0.0,0
iterative,gemini_25_pro_d,848,0.0,0
iterative,gemini_25_pro_d,849,0.0,0
iterative,gemini_25_pro_d,850,0.0,0
iterative,gemini_25_pro_d,851,0.0,0
iterative,gemini_25_pro_d,852,0.0,0
iterative,gemini_25_pro_d,853,0.0,0
iterative,gemini_25_pro_d,854,0.0,0
iterative,gemini_25_pro_d,855,0.0,0
iterative,gemini_25_pro_d,856,0.0,0
iterative,gemini_25_pro_d,857,0.0,0
iterative,gemini_25_pro_d,858,0.0,0
iterative,gemini_25_pro_d,859,0.0,0
iterative,gemini_25_pro_d,860,0.0,0
iterative,gemini_25_pro_d,861,0.0,0
iterative,gemini_25_pro_d,862,0.0,0
iterative,gemini_25_pro_d,863,0.0,0
iterative,gemini_25_pro_d,864,0.0,0
iterative,gemini_25_pro_d,865,0.0,0
iterative,gemini_25_pro_d,866,0.0,0
iterative,gemini_25_pro_d,867,0.0,0
iterative,gemini_25_pro_d,868,0.0,0
iterative,gemini_25_pro_d,869,0.0,0
iterative,gemini_25_pro_d,870,0.0,0
iterative,gemini_25_pro_d,871,0.0,0
iterative,gemini_25_pro_d,872,0.0,0
iterative,gemini_25_pro_d,873,0.0,0
iterative,gemini_25_pro_d,874,0.0,0
iterative,gemini_25_pro_d,875,0.0,0
iterative,gemini_25_pro_d,876,0.0,0
iterative,gemini_25_pro_d,877,0.0,0
iterative,gemini_25_pro_d,878,0.0,0
iterative,gemini_25_pro_d,879,0.0,0
iterative,gemini_25_pro_d,880,0.0,0
iterative,gemini_25_pro_d,881,0.0,0
iterative,gemini_25_pro_d,882,0.0,0
iterative,gemini_25_pro_d,883,0.0,0
iterative,gemini_25_pro_d,884,0.0,0
iterative,gemini_25_pro_d,885,0.0,0
iterative,gemini_25_pro_d,886,0.0,0
iterative,gemini_25_pro_d,887,0.0,0
iterative,gemini_25_pro_d,888,0.0,0
iterative,gemini_25_pro_d,889,0.0,0
iterative,gemini_25_pro_d,890,0.0,0
iterative,gemini_25_pro_d,891,0.0,0
iterative,gemini_25_pro_d,892,0.0,0
iterative,gemini_25_pro_d,893,0.0,0
iterative,gemini_25_pro_d,894,0.0,0
iterative,gemini_25_pro_d,895,0.0,0
iterative,gemini_25_pro_d,896,0.0,0
iterative,gemini_25_pro_d,897,0.0,0
iterative,gemini_25_pro_d,898,0.0,0
iterative,gemini_25_pro_d,899,0.0,0
iterative,gemini_25_pro_d,900,0.0,0
iterative,gemini_25_pro_d,901,0.0,0
iterative,gemini_25_pro_d,902,0.0,0
iterative,gemini_25_pro_d,903,0.0,0
iterative,gemini_25_pro_d,904,0.0,0
iterative,gemini_25_pro_d,905,0.0,0
iterative,gemini_25_pro_d,906,0.0,0
iterative,gemini_25_pro_d,907,0.0,0
iterative,gemini_25_pro_d,908,0.0,0
iterative,gemini_25_pro_d,909,0.0,0
iterative,gemini_25_pro_d,910,0.0,0
iterative,gemini_25_pro_d,911,0.0,0
iterative,gemini_25_pro_d,912,0.0,0
iterative,gemini_25_pro_d,913,0.0,0
iterative,gemini_25_pro_d,914,0.0,0
iterative,gemini_25_pro_d,915,0.0,0
iterative,gemini_25_pro_d,916,0.0,0
iterative,gemini_25_pro_d,917,0.0,0
iterative,gemini_25_pro_d,918,0.0,0
iterative,gemini_25_pro_d,919,0.0,0
iterative,gemini_25_pro_d,920,0.0,0
iterative,gemini_25_pro_d,921,0.0,0
iterative,gemini_25_pro_d,922,0.0,0
iterative,gemini_25_pro_d,923,0.0,0
iterative,gemini_25_pro_d,924,0.0,0
iterative,gemini_25_pro_d,925,0.0,0
iterative,gemini_25_pro_d,926,0.0,0
iterative,gemini_25_pro_d,927,0.0,0
iterative,gemini_25_pro_d,928,0.0,0
iterative,gemini_25_pro_d,929,0.0,0
iterative,gemini_25_pro_d,930,0.0,0
iterative,gemini_25_pro_d,931,0.0,0
iterative,gemini_25_pro_d,932,0.0,0
iterative,gemini_25_pro_d,933,0.0,0
iterative,gemini_25_pro_d,934,0.0,0
iterative,gemini_25_pro_d,935,0.0,0
iterative,gemini_25_pro_d,936,0.0,0
iterative,gemini_25_pro_d,937,0.0,0
iterative,gemini_25_pro_d,938,0.0,0
iterative,gemini_25_pro_d,939,0.0,0
iterative,gemini_25_pro_d,940,0.0,0
iterative,gemini_25_pro_d,941,0.0,0
iterative,gemini_25_pro_d,942,0.0,0
iterative,gemini_25_pro_d,943,0.0,0
iterative,gemini_25_pro_d,944,0.0,0
iterative,gemini_25_pro_d,945,0.0,0
iterative,gemini_25_pro_d,946,0.0,0
iterative,gemini_25_pro_d,947,0.0,0
iterative,gemini_25_pro_d,948,0.0,0
iterative,gemini_25_pro_d,949,0.0,0
iterative,gemini_25_pro_d,950,0.0,0
iterative,gemini_25_pro_d,951,0.0,0
iterative,gemini_25_pro_d,952,0.0,0
iterative,gemini_25_pro_d,953,0.0,0
iterative,gemini_25_pro_d,954,0.0,0
iterative,gemini_25_pro_d,955,0.0,0
iterative,gemini_25_pro_d,956,0.0,0
iterative,gemini_25_pro_d,957,0.0,0
iterative,gemini_25_pro_d,958,0.0,0
iterative,gemini_25_pro_d,959,0.0,0
iterative,gemini_25_pro_d,960,0.0,0
iterative,gemini_25_pro_d,961,0.0,0
iterative,gemini_25_pro_d,962,0.0,0
iterative,gemini_25_pro_d,963,0.0,0
iterative,gemini_25_pro_d,964,0.0,0
iterative,gemini_25_pro_d,965,0.0,0
iterative,gemini_25_pro_d,966,0.0,0
iterative,gemini_25_pro_d,967,0.0,0
iterative,gemini_25_pro_d,968,0.0,0
iterative,gemini_25_pro_d,969,0.0,0
iterative,gemini_25_pro_d,970,0.0,0
iterative,gemini_25_pro_d,971,0.0,0
iterative,gemini_25_pro_d,972,0.0,0
iterative,gemini_25_pro_d,973,0.0,0
iterative,gemini_25_pro_d,974,0.0,0
iterative,gemini_25_pro_d,975,0.0,0
iterative,gemini_25_pro_d,976,0.0,0
iterative,gemini_25_pro_d,977,0.0,0
iterative,gemini_25_pro_d,978,0.0,0
iterative,gemini_25_pro_d,979,0.0,0
iterative,gemini_25_pro_d,980,0.0,0
iterative,gemini_25_pro_d,981,0.0,0
iterative,gemini_25_pro_d,982,0.0,0
iterative,gemini_25_pro_d,983,0.0,0
iterative,gemini_25_pro_d,984,0.0,0
iterative,gemini_25_pro_d,985,0.0,0
iterative,gemini_25_pro_d,986,0.0,0
iterative,gemini_25_pro_d,987,0.0,0
iterative,gemini_25_pro_d,988,0.0,0
iterative,gemini_25_pro_d,989,0.0,0
iterative,gemini_25_pro_d,990,0.0,0
iterative,gemini_25_pro_d,991,0.0,0
iterative,gemini_25_pro_d,992,0.0,0
iterative,gemini_25_pro_d,993,0.0,0
iterative,gemini_25_pro_d,994,0.0,0
iterative,gemini_25_pro_d,995,0.0,0
iterative,gemini_25_pro_d,996,0.0,0
iterative,gemini_25_pro_d,997,0.0,0
iterative,gemini_25_pro_d,998,0.0,0
iterative,gemini_25_pro_d,999,0.0,0
iterative,deepseek_b,0,0.97609375,1
iterative,deepseek_b,1,0.97328125,1
iterative,deepseek_b,2,0.971875,1
iterative,deepseek_b,3,0.9775,1
iterative,deepseek_b,4,0.983125,1
iterative,deepseek_b,5,0.97890625,1
iterative,deepseek_b,6,0.0,0
iterative,deepseek_b,7,0.9775,1
iterative,deepseek_b,8,0.96625,1
iterative,deepseek_b,9,0.9803125,1
iterative,deepseek_b,10,0.98453125,1
iterative,deepseek_b,11,0.97890625,1
iterative,deepseek_b,12,0.98171875,1
iterative,deepseek_b,13,0.9690625,1
iterative,deepseek_b,14,0.971875,1
iterative,deepseek_b,15,0.971875,1
iterative,deepseek_b,16,0.9803125,1
iterative,deepseek_b,17,0.9690625,1
iterative,deepseek_b,18,0.97890625,1
iterative,deepseek_b,19,0.98171875,1
iterative,deepseek_b,20,0.97609375,1
iterative,deepseek_b,21,0.983125,1
iterative,deepseek_b,22,0.97328125,1
iterative,deepseek_b,23,0.0,0
iterative,deepseek_b,24,0.971875,1
iterative,deepseek_b,25,0.97890625,1
iterative,deepseek_b,26,0.97328125,1
iterative,deepseek_b,27,0.9803125,1
iterative,deepseek_b,28,0.9803125,1
iterative,deepseek_b,29,0.9775,1
iterative,deepseek_b,30,0.0,0
iterative,deepseek_b,31,0.0,0
iterative,deepseek_b,32,0.97046875,1
iterative,deepseek_b,33,0.9775,1
iterative,deepseek_b,34,0.97328125,1
iterative,deepseek_b,35,0.9775,1
iterative,deepseek_b,36,0.9803125,1
iterative,deepseek_b,37,0.97609375,1
iterative,deepseek_b,38,0.97609375,1
iterative,deepseek_b,39,0.971875,1
iterative,deepseek_b,40,0.97046875,1
iterative,deepseek_b,41,0.97890625,1
iterative,deepseek_b,42,0.971875,1
iterative,deepseek_b,43,0.0,0
iterative,deepseek_b,44,0.971875,1
iterative,deepseek_b,45,0.9775,1
iterative,deepseek_b,46,0.97609375,1
iterative,deepseek_b,47,0.98171875,1
iterative,deepseek_b,48,0.97046875,1
iterative,deepseek_b,49,0.9803125,1
iterative,deepseek_b,50,0.971875,1
iterative,deepseek_b,51,0.9746875,1
iterative,deepseek_b,52,0.971875,1
iterative,deepseek_b,53,0.97890625,1
iterative,deepseek_b,54,0.983125,1
iterative,deepseek_b,55,0.96765625,1
iterative,deepseek_b,56,0.983125,1
iterative,deepseek_b,57,0.98171875,1
iterative,deepseek_b,58,0.0,0
iterative,deepseek_b,59,0.97609375,1
iterative,deepseek_b,60,0.9775,1
iterative,deepseek_b,61,0.97609375,1
iterative,deepseek_b,62,0.971875,1
iterative,deepseek_b,63,0.97890625,1
iterative,deepseek_b,64,0.971875,1
iterative,deepseek_b,65,0.0,0
iterative,deepseek_b,66,0.97609375,1
iterative,deepseek_b,67,0.97328125,1
iterative,deepseek_b,68,0.97328125,1
iterative,deepseek_b,69,0.98171875,1
iterative,deepseek_b,70,0.96625,1
iterative,deepseek_b,71,0.98171875,1
iterative,deepseek_b,72,0.97890625,1
iterative,deepseek_b,73,0.971875,1
iterative,deepseek_b,74,0.9803125,1
iterative,deepseek_b,75,0.97890625,1
iterative,deepseek_b,76,0.0,0
iterative,deepseek_b,77,0.97328125,1
iterative,deepseek_b,78,0.9803125,1
iterative,deepseek_b,79,0.9803125,1
iterative,deepseek_b,80,0.96625,1
iterative,deepseek_b,81,0.97609375,1
iterative,deepseek_b,82,0.0,0
iterative,deepseek_b,83,0.9775,1
iterative,deepseek_b,84,0.97890625,1
iterative,deepseek_b,85,0.98453125,1
iterative,deepseek_b,86,0.96484375,1
iterative,deepseek_b,87,0.0,0
iterative,deepseek_b,88,0.9803125,1
iterative,deepseek_b,89,0.9803125,1
iterative,deepseek_b,90,0.971875,1
iterative,deepseek_b,91,0.96484375,1
iterative,deepseek_b,92,0.9775,1
iterative,deepseek_b,93,0.9746875,1
iterative,deepseek_b,94,0.9775,1
iterative,deepseek_b,95,0.9803125,1
iterative,deepseek_b,96,0.9746875,1
iterative,deepseek_b,97,0.0,0
iterative,deepseek_b,98,0.97890625,1
iterative,deepseek_b,99,0.97046875,1
iterative,deepseek_b,100,0.0,0
iterative,deepseek_b,101,0.97328125,1
iterative,deepseek_b,102,0.9690625,1
iterative,deepseek_b,103,0.97609375,1
iterative,deepseek_b,104,0.0,0
iterative,deepseek_b,105,0.9775,1
iterative,deepseek_b,106,0.97328125,1
iterative,deepseek_b,107,0.9803125,1
iterative,deepseek_b,108,0.97890625,1
iterative,deepseek_b,109,0.9775,1
iterative,deepseek_b,110,0.0,0
iterative,deepseek_b,111,0.9803125,1
iterative,deepseek_b,112,0.0,0
iterative,deepseek_b,113,0.97046875,1
iterative,deepseek_b,114,0.9803125,1
iterative,deepseek_b,115,0.9803125,1
iterative,deepseek_b,116,0.9775,1
iterative,deepseek_b,117,0.0,0
iterative,deepseek_b,118,0.97890625,1
iterative,deepseek_b,119,0.0,0
iterative,deepseek_b,120,0.9775,1
iterative,deepseek_b,121,0.9746875,1
iterative,deepseek_b,122,0.9746875,1
iterative,deepseek_b,123,0.9803125,1
iterative,deepseek_b,124,0.97609375,1
iterative,deepseek_b,125,0.97890625,1
iterative,deepseek_b,126,0.9859375,1
iterative,deepseek_b,127,0.971875,1
iterative,deepseek_b,128,0.97046875,1
iterative,deepseek_b,129,0.97328125,1
iterative,deepseek_b,130,0.9803125,1
iterative,deepseek_b,131,0.9775,1
iterative,deepseek_b,132,0.9775,1
iterative,deepseek_b,133,0.98171875,1
iterative,deepseek_b,134,0.0,0
iterative,deepseek_b,135,0.0,0
iterative,deepseek_b,136,0.9746875,1
iterative,deepseek_b,137,0.97890625,1
iterative,deepseek_b,138,0.97328125,1
iterative,deepseek_b,139,0.9775,1
iterative,deepseek_b,140,0.9746875,1
iterative,deepseek_b,141,0.983125,1
iterative,deepseek_b,142,0.9746875,1
iterative,deepseek_b,143,0.97046875,1
iterative,deepseek_b,144,0.98171875,1
iterative,deepseek_b,145,0.9775,1
iterative,deepseek_b,146,0.98171875,1
iterative,deepseek_b,147,0.0,0
iterative,deepseek_b,148,0.0,0
iterative,deepseek_b,149,0.0,0
iterative,deepseek_b,150,0.96625,1
iterative,deepseek_b,151,0.97609375,1
iterative,deepseek_b,152,0.97328125,1
iterative,deepseek_b,153,0.9859375,1
iterative,deepseek_b,154,0.9775,1
iterative,deepseek_b,155,0.0,0
iterative,deepseek_b,156,0.9803125,1
iterative,deepseek_b,157,0.0,0
iterative,deepseek_b,158,0.971875,1
iterative,deepseek_b,159,0.96625,1
iterative,deepseek_b,160,0.0,0
iterative,deepseek_b,161,0.97609375,1
iterative,deepseek_b,162,0.983125,1
iterative,deepseek_b,163,0.0,0
iterative,deepseek_b,164,0.9803125,1
iterative,deepseek_b,165,0.97328125,1
iterative,deepseek_b,166,0.0,0
iterative,deepseek_b,167,0.971875,1
iterative,deepseek_b,168,0.9775,1
iterative,deepseek_b,169,0.0,0
iterative,deepseek_b,170,0.98171875,1
iterative,deepseek_b,171,0.97328125,1
iterative,deepseek_b,172,0.9803125,1
iterative,deepseek_b,173,0.98453125,1
iterative,deepseek_b,174,0.9775,1
iterative,deepseek_b,175,0.971875,1
iterative,deepseek_b,176,0.0,0
iterative,deepseek_b,177,0.97328125,1
iterative,deepseek_b,178,0.0,0
iterative,deepseek_b,179,0.98171875,1
iterative,deepseek_b,180,0.9803125,1
iterative,deepseek_b,181,0.97328125,1
iterative,deepseek_b,182,0.9775,1
iterative,deepseek_b,183,0.97328125,1
iterative,deepseek_b,184,0.97890625,1
iterative,deepseek_b,185,0.971875,1
iterative,deepseek_b,186,0.9803125,1
iterative,deepseek_b,187,0.97609375,1
iterative,deepseek_b,188,0.9803125,1
iterative,deepseek_b,189,0.0,0
iterative,deepseek_b,190,0.0,0
iterative,deepseek_b,191,0.0,0
iterative,deepseek_b,192,0.97890625,1
iterative,deepseek_b,193,0.9775,1
iterative,deepseek_b,194,0.97609375,1
iterative,deepseek_b,195,0.9746875,1
iterative,deepseek_b,196,0.9775,1
iterative,deepseek_b,197,0.9803125,1
iterative,deepseek_b,198,0.971875,1
iterative,deepseek_b,199,0.97046875,1
iterative,deepseek_b,200,0.97890625,1
iterative,deepseek_b,201,0.9775,1
iterative,deepseek_b,202,0.0,0
iterative,deepseek_b,203,0.97046875,1
iterative,deepseek_b,204,0.97046875,1
iterative,deepseek_b,205,0.9746875,1
iterative,deepseek_b,206,0.9690625,1
iterative,deepseek_b,207,0.9746875,1
iterative,deepseek_b,208,0.98453125,1
iterative,deepseek_b,209,0.9690625,1
iterative,deepseek_b,210,0.9746875,1
iterative,deepseek_b,211,0.0,0
iterative,deepseek_b,212,0.97328125,1
iterative,deepseek_b,213,0.0,0
iterative,deepseek_b,214,0.9803125,1
iterative,deepseek_b,215,0.983125,1
iterative,deepseek_b,216,0.9775,1
iterative,deepseek_b,217,0.97328125,1
iterative,deepseek_b,218,0.9803125,1
iterative,deepseek_b,219,0.9746875,1
iterative,deepseek_b,220,0.97890625,1
iterative,deepseek_b,221,0.9775,1
iterative,deepseek_b,222,0.9634375,1
iterative,deepseek_b,223,0.0,0
iterative,deepseek_b,224,0.9775,1
iterative,deepseek_b,225,0.97328125,1
iterative,deepseek_b,226,0.9746875,1
iterative,deepseek_b,227,0.0,0
iterative,deepseek_b,228,0.9775,1
iterative,deepseek_b,229,0.97046875,1
iterative,deepseek_b,230,0.97328125,1
iterative,deepseek_b,231,0.0,0
iterative,deepseek_b,232,0.97890625,1
iterative,deepseek_b,233,0.971875,1
iterative,deepseek_b,234,0.9746875,1
iterative,deepseek_b,235,0.9803125,1
iterative,deepseek_b,236,0.971875,1
iterative,deepseek_b,237,0.9803125,1
iterative,deepseek_b,238,0.97046875,1
iterative,deepseek_b,239,0.97046875,1
iterative,deepseek_b,240,0.97328125,1
iterative,deepseek_b,241,0.97890625,1
iterative,deepseek_b,242,0.98171875,1
iterative,deepseek_b,243,0.98171875,1
iterative,deepseek_b,244,0.9775,1
iterative,deepseek_b,245,0.97609375,1
iterative,deepseek_b,246,0.97890625,1
iterative,deepseek_b,247,0.97609375,1
iterative,deepseek_b,248,0.97046875,1
iterative,deepseek_b,249,0.96765625,1
iterative,deepseek_b,250,0.97890625,1
iterative,deepseek_b,251,0.971875,1
iterative,deepseek_b,252,0.97046875,1
iterative,deepseek_b,253,0.97890625,1
iterative,deepseek_b,254,0.971875,1
iterative,deepseek_b,255,0.971875,1
iterative,deepseek_b,256,0.97328125,1
iterative,deepseek_b,257,0.983125,1
iterative,deepseek_b,258,0.97890625,1
iterative,deepseek_b,259,0.97890625,1
iterative,deepseek_b,260,0.9634375,1
iterative,deepseek_b,261,0.9775,1
iterative,deepseek_b,262,0.9803125,1
iterative,deepseek_b,263,0.0,0
iterative,deepseek_b,264,0.97609375,1
iterative,deepseek_b,265,0.97609375,1
iterative,deepseek_b,266,0.97328125,1
iterative,deepseek_b,267,0.96765625,1
iterative,deepseek_b,268,0.97328125,1
iterative,deepseek_b,269,0.97609375,1
iterative,deepseek_b,270,0.0,0
iterative,deepseek_b,271,0.0,0
iterative,deepseek_b,272,0.97328125,1
iterative,deepseek_b,273,0.0,0
iterative,deepseek_b,274,0.0,0
iterative,deepseek_b,275,0.9746875,1
iterative,deepseek_b,276,0.97609375,1
iterative,deepseek_b,277,0.971875,1
iterative,deepseek_b,278,0.983125,1
iterative,deepseek_b,279,0.98171875,1
iterative,deepseek_b,280,0.971875,1
iterative,deepseek_b,281,0.97328125,1
iterative,deepseek_b,282,0.98171875,1
iterative,deepseek_b,283,0.97046875,1
iterative,deepseek_b,284,0.97890625,1
iterative,deepseek_b,285,0.97609375,1
iterative,deepseek_b,286,0.971875,1
iterative,deepseek_b,287,0.9803125,1
iterative,deepseek_b,288,0.0,0
iterative,deepseek_b,289,0.9775,1
iterative,deepseek_b,290,0.97046875,1
iterative,deepseek_b,291,0.97890625,1
iterative,deepseek_b,292,0.97328125,1
iterative,deepseek_b,293,0.0,0
iterative,deepseek_b,294,0.0,0
iterative,deepseek_b,295,0.97609375,1
iterative,deepseek_b,296,0.0,0
iterative,deepseek_b,297,0.97890625,1
iterative,deepseek_b,298,0.9803125,1
iterative,deepseek_b,299,0.9746875,1
iterative,deepseek_b,300,0.9803125,1
iterative,deepseek_b,301,0.0,0
iterative,deepseek_b,302,0.9746875,1
iterative,deepseek_b,303,0.9775,1
iterative,deepseek_b,304,0.971875,1
iterative,deepseek_b,305,0.971875,1
iterative,deepseek_b,306,0.98171875,1
iterative,deepseek_b,307,0.97046875,1
iterative,deepseek_b,308,0.9746875,1
iterative,deepseek_b,309,0.971875,1
iterative,deepseek_b,310,0.9746875,1
iterative,deepseek_b,311,0.9746875,1
iterative,deepseek_b,312,0.97328125,1
iterative,deepseek_b,313,0.96625,1
iterative,deepseek_b,314,0.9746875,1
iterative,deepseek_b,315,0.97046875,1
iterative,deepseek_b,316,0.0,0
iterative,deepseek_b,317,0.9803125,1
iterative,deepseek_b,318,0.97609375,1
iterative,deepseek_b,319,0.97328125,1
iterative,deepseek_b,320,0.0,0
iterative,deepseek_b,321,0.9775,1
iterative,deepseek_b,322,0.9746875,1
iterative,deepseek_b,323,0.971875,1
iterative,deepseek_b,324,0.0,0
iterative,deepseek_b,325,0.971875,1
iterative,deepseek_b,326,0.9746875,1
iterative,deepseek_b,327,0.9746875,1
iterative,deepseek_b,328,0.0,0
iterative,deepseek_b,329,0.9775,1
iterative,deepseek_b,330,0.9746875,1
iterative,deepseek_b,331,0.0,0
iterative,deepseek_b,332,0.97890625,1
iterative,deepseek_b,333,0.0,0
iterative,deepseek_b,334,0.9775,1
iterative,deepseek_b,335,0.9803125,1
iterative,deepseek_b,336,0.983125,1
iterative,deepseek_b,337,0.97890625,1
iterative,deepseek_b,338,0.97609375,1
iterative,deepseek_b,339,0.0,0
iterative,deepseek_b,340,0.97046875,1
iterative,deepseek_b,341,0.9803125,1
iterative,deepseek_b,342,0.97328125,1
iterative,deepseek_b,343,0.0,0
iterative,deepseek_b,344,0.0,0
iterative,deepseek_b,345,0.9690625,1
iterative,deepseek_b,346,0.9690625,1
iterative,deepseek_b,347,0.9803125,1
iterative,deepseek_b,348,0.0,0
iterative,deepseek_b,349,0.96765625,1
iterative,deepseek_b,350,0.97609375,1
iterative,deepseek_b,351,0.9803125,1
iterative,deepseek_b,352,0.0,0
iterative,deepseek_b,353,0.97609375,1
iterative,deepseek_b,354,0.97328125,1
iterative,deepseek_b,355,0.9746875,1
iterative,deepseek_b,356,0.9803125,1
iterative,deepseek_b,357,0.9775,1
iterative,deepseek_b,358,0.9746875,1
iterative,deepseek_b,359,0.9803125,1
iterative,deepseek_b,360,0.9803125,1
iterative,deepseek_b,361,0.97046875,1
iterative,deepseek_b,362,0.97890625,1
iterative,deepseek_b,363,0.971875,1
iterative,deepseek_b,364,0.97328125,1
iterative,deepseek_b,365,0.98171875,1
iterative,deepseek_b,366,0.98171875,1
iterative,deepseek_b,367,0.97046875,1
iterative,deepseek_b,368,0.9775,1
iterative,deepseek_b,369,0.98171875,1
iterative,deepseek_b,370,0.97609375,1
iterative,deepseek_b,371,0.983125,1
iterative,deepseek_b,372,0.97890625,1
iterative,deepseek_b,373,0.9746875,1
iterative,deepseek_b,374,0.9746875,1
iterative,deepseek_b,375,0.98171875,1
iterative,deepseek_b,376,0.971875,1
iterative,deepseek_b,377,0.97890625,1
iterative,deepseek_b,378,0.97609375,1
iterative,deepseek_b,379,0.97328125,1
iterative,deepseek_b,380,0.97890625,1
iterative,deepseek_b,381,0.98453125,1
iterative,deepseek_b,382,0.0,0
iterative,deepseek_b,383,0.97890625,1
iterative,deepseek_b,384,0.97890625,1
iterative,deepseek_b,385,0.9803125,1
iterative,deepseek_b,386,0.971875,1
iterative,deepseek_b,387,0.9775,1
iterative,deepseek_b,388,0.9746875,1
iterative,deepseek_b,389,0.97328125,1
iterative,deepseek_b,390,0.9746875,1
iterative,deepseek_b,391,0.0,0
iterative,deepseek_b,392,0.9690625,1
iterative,deepseek_b,393,0.97328125,1
iterative,deepseek_b,394,0.9775,1
iterative,deepseek_b,395,0.9803125,1
iterative,deepseek_b,396,0.97609375,1
iterative,deepseek_b,397,0.98171875,1
iterative,deepseek_b,398,0.0,0
iterative,deepseek_b,399,0.0,0
iterative,deepseek_b,400,0.97609375,1
iterative,deepseek_b,401,0.98171875,1
iterative,deepseek_b,402,0.9775,1
iterative,deepseek_b,403,0.0,0
iterative,deepseek_b,404,0.0,0
iterative,deepseek_b,405,0.0,0
iterative,deepseek_b,406,0.971875,1
iterative,deepseek_b,407,0.0,0
iterative,deepseek_b,408,0.97609375,1
iterative,deepseek_b,409,0.0,0
iterative,deepseek_b,410,0.9803125,1
iterative,deepseek_b,411,0.9746875,1
iterative,deepseek_b,412,0.9859375,1
iterative,deepseek_b,413,0.9775,1
iterative,deepseek_b,414,0.9775,1
iterative,deepseek_b,415,0.98171875,1
iterative,deepseek_b,416,0.96765625,1
iterative,deepseek_b,417,0.0,0
iterative,deepseek_b,418,0.97890625,1
iterative,deepseek_b,419,0.9746875,1
iterative,deepseek_b,420,0.97609375,1
iterative,deepseek_b,421,0.97609375,1
iterative,deepseek_b,422,0.97890625,1
iterative,deepseek_b,423,0.97609375,1
iterative,deepseek_b,424,0.98453125,1
iterative,deepseek_b,425,0.98171875,1
iterative,deepseek_b,426,0.0,0
iterative,deepseek_b,427,0.97609375,1
iterative,deepseek_b,428,0.9803125,1
iterative,deepseek_b,429,0.9803125,1
iterative,deepseek_b,430,0.97890625,1
iterative,deepseek_b,431,0.97890625,1
iterative,deepseek_b,432,0.97609375,1
iterative,deepseek_b,433,0.97890625,1
iterative,deepseek_b,434,0.9775,1
iterative,deepseek_b,435,0.97046875,1
iterative,deepseek_b,436,0.97328125,1
iterative,deepseek_b,437,0.0,0
iterative,deepseek_b,438,0.98171875,1
iterative,deepseek_b,439,0.9859375,1
iterative,deepseek_b,440,0.98171875,1
iterative,deepseek_b,441,0.97609375,1
iterative,deepseek_b,442,0.97890625,1
iterative,deepseek_b,443,0.9746875,1
iterative,deepseek_b,444,0.9746875,1
iterative,deepseek_b,445,0.971875,1
iterative,deepseek_b,446,0.98171875,1
iterative,deepseek_b,447,0.97890625,1
iterative,deepseek_b,448,0.98453125,1
iterative,deepseek_b,449,0.97046875,1
iterative,deepseek_b,450,0.97890625,1
iterative,deepseek_b,451,0.9690625,1
iterative,deepseek_b,452,0.9803125,1
iterative,deepseek_b,453,0.9746875,1
iterative,deepseek_b,454,0.97328125,1
iterative,deepseek_b,455,0.9803125,1
iterative,deepseek_b,456,0.971875,1
iterative,deepseek_b,457,0.97890625,1
iterative,deepseek_b,458,0.971875,1
iterative,deepseek_b,459,0.97328125,1
iterative,deepseek_b,460,0.9803125,1
iterative,deepseek_b,461,0.97609375,1
iterative,deepseek_b,462,0.9775,1
iterative,deepseek_b,463,0.97328125,1
iterative,deepseek_b,464,0.97328125,1
iterative,deepseek_b,465,0.9803125,1
iterative,deepseek_b,466,0.97328125,1
iterative,deepseek_b,467,0.971875,1
iterative,deepseek_b,468,0.0,0
iterative,deepseek_b,469,0.97328125,1
iterative,deepseek_b,470,0.9803125,1
iterative,deepseek_b,471,0.97046875,1
iterative,deepseek_b,472,0.97046875,1
iterative,deepseek_b,473,0.9775,1
iterative,deepseek_b,474,0.9775,1
iterative,deepseek_b,475,0.0,0
iterative,deepseek_b,476,0.96765625,1
iterative,deepseek_b,477,0.97890625,1
iterative,deepseek_b,478,0.97328125,1
iterative,deepseek_b,479,0.0,0
iterative,deepseek_b,480,0.9775,1
iterative,deepseek_b,481,0.97609375,1
iterative,deepseek_b,482,0.97328125,1
iterative,deepseek_b,483,0.0,0
iterative,deepseek_b,484,0.96765625,1
iterative,deepseek_b,485,0.0,0
iterative,deepseek_b,486,0.9746875,1
iterative,deepseek_b,487,0.97328125,1
iterative,deepseek_b,488,0.97046875,1
iterative,deepseek_b,489,0.97046875,1
iterative,deepseek_b,490,0.9690625,1
iterative,deepseek_b,491,0.98171875,1
iterative,deepseek_b,492,0.9803125,1
iterative,deepseek_b,493,0.9803125,1
iterative,deepseek_b,494,0.97609375,1
iterative,deepseek_b,495,0.9690625,1
iterative,deepseek_b,496,0.9746875,1
iterative,deepseek_b,497,0.0,0
iterative,deepseek_b,498,0.98171875,1
iterative,deepseek_b,499,0.0,0
iterative,deepseek_b,500,0.97609375,1
iterative,deepseek_b,501,0.0,0
iterative,deepseek_b,502,0.97609375,1
iterative,deepseek_b,503,0.0,0
iterative,deepseek_b,504,0.9803125,1
iterative,deepseek_b,505,0.98171875,1
iterative,deepseek_b,506,0.983125,1
iterative,deepseek_b,507,0.97328125,1
iterative,deepseek_b,508,0.97328125,1
iterative,deepseek_b,509,0.98171875,1
iterative,deepseek_b,510,0.9775,1
iterative,deepseek_b,511,0.9690625,1
iterative,deepseek_b,512,0.97890625,1
iterative,deepseek_b,513,0.98171875,1
iterative,deepseek_b,514,0.97890625,1
iterative,deepseek_b,515,0.97328125,1
iterative,deepseek_b,516,0.97609375,1
iterative,deepseek_b,517,0.9775,1
iterative,deepseek_b,518,0.97328125,1
iterative,deepseek_b,519,0.97046875,1
iterative,deepseek_b,520,0.97328125,1
iterative,deepseek_b,521,0.97609375,1
iterative,deepseek_b,522,0.0,0
iterative,deepseek_b,523,0.97890625,1
iterative,deepseek_b,524,0.0,0
iterative,deepseek_b,525,0.9775,1
iterative,deepseek_b,526,0.9746875,1
iterative,deepseek_b,527,0.98453125,1
iterative,deepseek_b,528,0.0,0
iterative,deepseek_b,529,0.9803125,1
iterative,deepseek_b,530,0.97328125,1
iterative,deepseek_b,531,0.9775,1
iterative,deepseek_b,532,0.97609375,1
iterative,deepseek_b,533,0.97046875,1
iterative,deepseek_b,534,0.971875,1
iterative,deepseek_b,535,0.0,0
iterative,deepseek_b,536,0.98453125,1
iterative,deepseek_b,537,0.97609375,1
iterative,deepseek_b,538,0.9775,1
iterative,deepseek_b,539,0.97046875,1
iterative,deepseek_b,540,0.9746875,1
iterative,deepseek_b,541,0.97890625,1
iterative,deepseek_b,542,0.9803125,1
iterative,deepseek_b,543,0.9803125,1
iterative,deepseek_b,544,0.9746875,1
iterative,deepseek_b,545,0.0,0
iterative,deepseek_b,546,0.97328125,1
iterative,deepseek_b,547,0.0,0
iterative,deepseek_b,548,0.97890625,1
iterative,deepseek_b,549,0.9746875,1
iterative,deepseek_b,550,0.97609375,1
iterative,deepseek_b,551,0.97890625,1
iterative,deepseek_b,552,0.97890625,1
iterative,deepseek_b,553,0.97328125,1
iterative,deepseek_b,554,0.97890625,1
iterative,deepseek_b,555,0.9775,1
iterative,deepseek_b,556,0.9803125,1
iterative,deepseek_b,557,0.97609375,1
iterative,deepseek_b,558,0.9775,1
iterative,deepseek_b,559,0.0,0
iterative,deepseek_b,560,0.97890625,1
iterative,deepseek_b,561,0.9775,1
iterative,deepseek_b,562,0.9803125,1
iterative,deepseek_b,563,0.0,0
iterative,deepseek_b,564,0.9775,1
iterative,deepseek_b,565,0.97609375,1
iterative,deepseek_b,566,0.9775,1
iterative,deepseek_b,567,0.98171875,1
iterative,deepseek_b,568,0.9775,1
iterative,deepseek_b,569,0.9803125,1
iterative,deepseek_b,570,0.97328125,1
iterative,deepseek_b,571,0.9746875,1
iterative,deepseek_b,572,0.97890625,1
iterative,deepseek_b,573,0.9746875,1
iterative,deepseek_b,574,0.97328125,1
iterative,deepseek_b,575,0.98171875,1
iterative,deepseek_b,576,0.971875,1
iterative,deepseek_b,577,0.971875,1
iterative,deepseek_b,578,0.971875,1
iterative,deepseek_b,579,0.97890625,1
iterative,deepseek_b,580,0.0,0
iterative,deepseek_b,581,0.97890625,1
iterative,deepseek_b,582,0.98171875,1
iterative,deepseek_b,583,0.971875,1
iterative,deepseek_b,584,0.983125,1
iterative,deepseek_b,585,0.0,0
iterative,deepseek_b,586,0.9746875,1
iterative,deepseek_b,587,0.98453125,1
iterative,deepseek_b,588,0.9775,1
iterative,deepseek_b,589,0.9775,1
iterative,deepseek_b,590,0.97328125,1
iterative,deepseek_b,591,0.97328125,1
iterative,deepseek_b,592,0.97328125,1
iterative,deepseek_b,593,0.98171875,1
iterative,deepseek_b,594,0.9746875,1
iterative,deepseek_b,595,0.9775,1
iterative,deepseek_b,596,0.97609375,1
iterative,deepseek_b,597,0.9746875,1
iterative,deepseek_b,598,0.97890625,1
iterative,deepseek_b,599,0.97890625,1
iterative,deepseek_b,600,0.0,0
iterative,deepseek_b,601,0.98171875,1
iterative,deepseek_b,602,0.0,0
iterative,deepseek_b,603,0.9775,1
iterative,deepseek_b,604,0.0,0
iterative,deepseek_b,605,0.98171875,1
iterative,deepseek_b,606,0.97890625,1
iterative,deepseek_b,607,0.97046875,1
iterative,deepseek_b,608,0.97890625,1
iterative,deepseek_b,609,0.97890625,1
iterative,deepseek_b,610,0.97328125,1
iterative,deepseek_b,611,0.9690625,1
iterative,deepseek_b,612,0.9775,1
iterative,deepseek_b,613,0.983125,1
iterative,deepseek_b,614,0.9746875,1
iterative,deepseek_b,615,0.0,0
iterative,deepseek_b,616,0.0,0
iterative,deepseek_b,617,0.0,0
iterative,deepseek_b,618,0.971875,1
iterative,deepseek_b,619,0.9775,1
iterative,deepseek_b,620,0.97609375,1
iterative,deepseek_b,621,0.9746875,1
iterative,deepseek_b,622,0.97890625,1
iterative,deepseek_b,623,0.97890625,1
iterative,deepseek_b,624,0.9775,1
iterative,deepseek_b,625,0.97328125,1
iterative,deepseek_b,626,0.97890625,1
iterative,deepseek_b,627,0.9775,1
iterative,deepseek_b,628,0.9775,1
iterative,deepseek_b,629,0.9775,1
iterative,deepseek_b,630,0.971875,1
iterative,deepseek_b,631,0.983125,1
iterative,deepseek_b,632,0.0,0
iterative,deepseek_b,633,0.9775,1
iterative,deepseek_b,634,0.97609375,1
iterative,deepseek_b,635,0.98453125,1
iterative,deepseek_b,636,0.971875,1
iterative,deepseek_b,637,0.971875,1
iterative,deepseek_b,638,0.97890625,1
iterative,deepseek_b,639,0.97609375,1
iterative,deepseek_b,640,0.97890625,1
iterative,deepseek_b,641,0.0,0
iterative,deepseek_b,642,0.97609375,1
iterative,deepseek_b,643,0.97890625,1
iterative,deepseek_b,644,0.98171875,1
iterative,deepseek_b,645,0.97890625,1
iterative,deepseek_b,646,0.0,0
iterative,deepseek_b,647,0.0,0
iterative,deepseek_b,648,0.0,0
iterative,deepseek_b,649,0.97609375,1
iterative,deepseek_b,650,0.97328125,1
iterative,deepseek_b,651,0.98734375,1
iterative,deepseek_b,652,0.9746875,1
iterative,deepseek_b,653,0.9775,1
iterative,deepseek_b,654,0.0,0
iterative,deepseek_b,655,0.0,0
iterative,deepseek_b,656,0.0,0
iterative,deepseek_b,657,0.97328125,1
iterative,deepseek_b,658,0.9775,1
iterative,deepseek_b,659,0.97890625,1
iterative,deepseek_b,660,0.9775,1
iterative,deepseek_b,661,0.0,0
iterative,deepseek_b,662,0.9803125,1
iterative,deepseek_b,663,0.97890625,1
iterative,deepseek_b,664,0.97046875,1
iterative,deepseek_b,665,0.97046875,1
iterative,deepseek_b,666,0.0,0
iterative,deepseek_b,667,0.9859375,1
iterative,deepseek_b,668,0.9746875,1
iterative,deepseek_b,669,0.0,0
iterative,deepseek_b,670,0.0,0
iterative,deepseek_b,671,0.98171875,1
iterative,deepseek_b,672,0.98171875,1
iterative,deepseek_b,673,0.98171875,1
iterative,deepseek_b,674,0.97890625,1
iterative,deepseek_b,675,0.97046875,1
iterative,deepseek_b,676,0.983125,1
iterative,deepseek_b,677,0.97890625,1
iterative,deepseek_b,678,0.97890625,1
iterative,deepseek_b,679,0.9775,1
iterative,deepseek_b,680,0.97046875,1
iterative,deepseek_b,681,0.9746875,1
iterative,deepseek_b,682,0.97609375,1
iterative,deepseek_b,683,0.9746875,1
iterative,deepseek_b,684,0.97328125,1
iterative,deepseek_b,685,0.96765625,1
iterative,deepseek_b,686,0.9690625,1
iterative,deepseek_b,687,0.9775,1
iterative,deepseek_b,688,0.9746875,1
iterative,deepseek_b,689,0.9803125,1
iterative,deepseek_b,690,0.0,0
iterative,deepseek_b,691,0.0,0
iterative,deepseek_b,692,0.97328125,1
iterative,deepseek_b,693,0.97890625,1
iterative,deepseek_b,694,0.9690625,1
iterative,deepseek_b,695,0.97890625,1
iterative,deepseek_b,696,0.97890625,1
iterative,deepseek_b,697,0.97890625,1
iterative,deepseek_b,698,0.0,0
iterative,deepseek_b,699,0.971875,1
iterative,deepseek_b,700,0.97328125,1
iterative,deepseek_b,701,0.0,0
iterative,deepseek_b,702,0.97890625,1
iterative,deepseek_b,703,0.9746875,1
iterative,deepseek_b,704,0.97046875,1
iterative,deepseek_b,705,0.9775,1
iterative,deepseek_b,706,0.97890625,1
iterative,deepseek_b,707,0.9803125,1
iterative,deepseek_b,708,0.9803125,1
iterative,deepseek_b,709,0.9803125,1
iterative,deepseek_b,710,0.97328125,1
iterative,deepseek_b,711,0.9746875,1
iterative,deepseek_b,712,0.97609375,1
iterative,deepseek_b,713,0.9746875,1
iterative,deepseek_b,714,0.9746875,1
iterative,deepseek_b,715,0.9775,1
iterative,deepseek_b,716,0.9690625,1
iterative,deepseek_b,717,0.98171875,1
iterative,deepseek_b,718,0.97890625,1
iterative,deepseek_b,719,0.98171875,1
iterative,deepseek_b,720,0.9775,1
iterative,deepseek_b,721,0.97890625,1
iterative,deepseek_b,722,0.971875,1
iterative,deepseek_b,723,0.971875,1
iterative,deepseek_b,724,0.98171875,1
iterative,deepseek_b,725,0.97890625,1
iterative,deepseek_b,726,0.97890625,1
iterative,deepseek_b,727,0.0,0
iterative,deepseek_b,728,0.96625,1
iterative,deepseek_b,729,0.0,0
iterative,deepseek_b,730,0.97609375,1
iterative,deepseek_b,731,0.97890625,1
iterative,deepseek_b,732,0.971875,1
iterative,deepseek_b,733,0.0,0
iterative,deepseek_b,734,0.9746875,1
iterative,deepseek_b,735,0.0,0
iterative,deepseek_b,736,0.97609375,1
iterative,deepseek_b,737,0.97609375,1
iterative,deepseek_b,738,0.98453125,1
iterative,deepseek_b,739,0.9775,1
iterative,deepseek_b,740,0.9775,1
iterative,deepseek_b,741,0.9746875,1
iterative,deepseek_b,742,0.97609375,1
iterative,deepseek_b,743,0.9775,1
iterative,deepseek_b,744,0.9690625,1
iterative,deepseek_b,745,0.97046875,1
iterative,deepseek_b,746,0.98171875,1
iterative,deepseek_b,747,0.0,0
iterative,deepseek_b,748,0.0,0
iterative,deepseek_b,749,0.97890625,1
iterative,deepseek_b,750,0.97890625,1
iterative,deepseek_b,751,0.9746875,1
iterative,deepseek_b,752,0.0,0
iterative,deepseek_b,753,0.97046875,1
iterative,deepseek_b,754,0.9746875,1
iterative,deepseek_b,755,0.97609375,1
iterative,deepseek_b,756,0.9775,1
iterative,deepseek_b,757,0.97890625,1
iterative,deepseek_b,758,0.9803125,1
iterative,deepseek_b,759,0.9775,1
iterative,deepseek_b,760,0.97046875,1
iterative,deepseek_b,761,0.9803125,1
iterative,deepseek_b,762,0.0,0
iterative,deepseek_b,763,0.9746875,1
iterative,deepseek_b,764,0.0,0
iterative,deepseek_b,765,0.9775,1
iterative,deepseek_b,766,0.97890625,1
iterative,deepseek_b,767,0.97328125,1
iterative,deepseek_b,768,0.97609375,1
iterative,deepseek_b,769,0.971875,1
iterative,deepseek_b,770,0.0,0
iterative,deepseek_b,771,0.983125,1
iterative,deepseek_b,772,0.0,0
iterative,deepseek_b,773,0.0,0
iterative,deepseek_b,774,0.98453125,1
iterative,deepseek_b,775,0.9746875,1
iterative,deepseek_b,776,0.97890625,1
iterative,deepseek_b,777,0.0,0
iterative,deepseek_b,778,0.9775,1
iterative,deepseek_b,779,0.97328125,1
iterative,deepseek_b,780,0.9746875,1
iterative,deepseek_b,781,0.97609375,1
iterative,deepseek_b,782,0.9775,1
iterative,deepseek_b,783,0.971875,1
iterative,deepseek_b,784,0.971875,1
iterative,deepseek_b,785,0.9775,1
iterative,deepseek_b,786,0.97328125,1
iterative,deepseek_b,787,0.971875,1
iterative,deepseek_b,788,0.97046875,1
iterative,deepseek_b,789,0.9746875,1
iterative,deepseek_b,790,0.97328125,1
iterative,deepseek_b,791,0.97609375,1
iterative,deepseek_b,792,0.983125,1
iterative,deepseek_b,793,0.97609375,1
iterative,deepseek_b,794,0.97609375,1
iterative,deepseek_b,795,0.96765625,1
iterative,deepseek_b,796,0.971875,1
iterative,deepseek_b,797,0.97328125,1
iterative,deepseek_b,798,0.9803125,1
iterative,deepseek_b,799,0.0,0
iterative,deepseek_b,800,0.9803125,1
iterative,deepseek_b,801,0.96484375,1
iterative,deepseek_b,802,0.0,0
iterative,deepseek_b,803,0.98171875,1
iterative,deepseek_b,804,0.0,0
iterative,deepseek_b,805,0.97609375,1
iterative,deepseek_b,806,0.9746875,1
iterative,deepseek_b,807,0.9803125,1
iterative,deepseek_b,808,0.97890625,1
iterative,deepseek_b,809,0.97328125,1
iterative,deepseek_b,810,0.97328125,1
iterative,deepseek_b,811,0.0,0
iterative,deepseek_b,812,0.97890625,1
iterative,deepseek_b,813,0.97890625,1
iterative,deepseek_b,814,0.97609375,1
iterative,deepseek_b,815,0.9775,1
iterative,deepseek_b,816,0.97328125,1
iterative,deepseek_b,817,0.98453125,1
iterative,deepseek_b,818,0.97609375,1
iterative,deepseek_b,819,0.97609375,1
iterative,deepseek_b,820,0.9859375,1
iterative,deepseek_b,821,0.9746875,1
iterative,deepseek_b,822,0.98453125,1
iterative,deepseek_b,823,0.97609375,1
iterative,deepseek_b,824,0.97046875,1
iterative,deepseek_b,825,0.9746875,1
iterative,deepseek_b,826,0.97046875,1
iterative,deepseek_b,827,0.97328125,1
iterative,deepseek_b,828,0.971875,1
iterative,deepseek_b,829,0.98171875,1
iterative,deepseek_b,830,0.98171875,1
iterative,deepseek_b,831,0.97609375,1
iterative,deepseek_b,832,0.98171875,1
iterative,deepseek_b,833,0.97890625,1
iterative,deepseek_b,834,0.97328125,1
iterative,deepseek_b,835,0.97890625,1
iterative,deepseek_b,836,0.9746875,1
iterative,deepseek_b,837,0.9746875,1
iterative,deepseek_b,838,0.97890625,1
iterative,deepseek_b,839,0.98171875,1
iterative,deepseek_b,840,0.97609375,1
iterative,deepseek_b,841,0.98171875,1
iterative,deepseek_b,842,0.97609375,1
iterative,deepseek_b,843,0.0,0
iterative,deepseek_b,844,0.97328125,1
iterative,deepseek_b,845,0.9803125,1
iterative,deepseek_b,846,0.97890625,1
iterative,deepseek_b,847,0.9803125,1
iterative,deepseek_b,848,0.97046875,1
iterative,deepseek_b,849,0.96765625,1
iterative,deepseek_b,850,0.9803125,1
iterative,deepseek_b,851,0.97609375,1
iterative,deepseek_b,852,0.97890625,1
iterative,deepseek_b,853,0.98171875,1
iterative,deepseek_b,854,0.971875,1
iterative,deepseek_b,855,0.0,0
iterative,deepseek_b,856,0.97890625,1
iterative,deepseek_b,857,0.971875,1
iterative,deepseek_b,858,0.97890625,1
iterative,deepseek_b,859,0.0,0
iterative,deepseek_b,860,0.98453125,1
iterative,deepseek_b,861,0.98171875,1
iterative,deepseek_b,862,0.97328125,1
iterative,deepseek_b,863,0.0,0
iterative,deepseek_b,864,0.9775,1
iterative,deepseek_b,865,0.0,0
iterative,deepseek_b,866,0.9746875,1
iterative,deepseek_b,867,0.97890625,1
iterative,deepseek_b,868,0.9746875,1
iterative,deepseek_b,869,0.9775,1
iterative,deepseek_b,870,0.9746875,1
iterative,deepseek_b,871,0.98171875,1
iterative,deepseek_b,872,0.97046875,1
iterative,deepseek_b,873,0.97328125,1
iterative,deepseek_b,874,0.97890625,1
iterative,deepseek_b,875,0.971875,1
iterative,deepseek_b,876,0.9690625,1
iterative,deepseek_b,877,0.97890625,1
iterative,deepseek_b,878,0.97328125,1
iterative,deepseek_b,879,0.97890625,1
iterative,deepseek_b,880,0.9775,1
iterative,deepseek_b,881,0.9803125,1
iterative,deepseek_b,882,0.98171875,1
iterative,deepseek_b,883,0.98171875,1
iterative,deepseek_b,884,0.9746875,1
iterative,deepseek_b,885,0.9690625,1
iterative,deepseek_b,886,0.971875,1
iterative,deepseek_b,887,0.9775,1
iterative,deepseek_b,888,0.983125,1
iterative,deepseek_b,889,0.97046875,1
iterative,deepseek_b,890,0.0,0
iterative,deepseek_b,891,0.9775,1
iterative,deepseek_b,892,0.96625,1
iterative,deepseek_b,893,0.97328125,1
iterative,deepseek_b,894,0.9746875,1
iterative,deepseek_b,895,0.983125,1
iterative,deepseek_b,896,0.98171875,1
iterative,deepseek_b,897,0.9803125,1
iterative,deepseek_b,898,0.9775,1
iterative,deepseek_b,899,0.97609375,1
iterative,deepseek_b,900,0.9803125,1
iterative,deepseek_b,901,0.9746875,1
iterative,deepseek_b,902,0.0,0
iterative,deepseek_b,903,0.9746875,1
iterative,deepseek_b,904,0.9775,1
iterative,deepseek_b,905,0.9803125,1
iterative,deepseek_b,906,0.971875,1
iterative,deepseek_b,907,0.971875,1
iterative,deepseek_b,908,0.9746875,1
iterative,deepseek_b,909,0.97328125,1
iterative,deepseek_b,910,0.97609375,1
iterative,deepseek_b,911,0.97890625,1
iterative,deepseek_b,912,0.0,0
iterative,deepseek_b,913,0.0,0
iterative,deepseek_b,914,0.971875,1
iterative,deepseek_b,915,0.98734375,1
iterative,deepseek_b,916,0.96484375,1
iterative,deepseek_b,917,0.971875,1
iterative,deepseek_b,918,0.9775,1
iterative,deepseek_b,919,0.97609375,1
iterative,deepseek_b,920,0.9746875,1
iterative,deepseek_b,921,0.97328125,1
iterative,deepseek_b,922,0.97328125,1
iterative,deepseek_b,923,0.9775,1
iterative,deepseek_b,924,0.0,0
iterative,deepseek_b,925,0.97046875,1
iterative,deepseek_b,926,0.9690625,1
iterative,deepseek_b,927,0.983125,1
iterative,deepseek_b,928,0.9775,1
iterative,deepseek_b,929,0.97328125,1
iterative,deepseek_b,930,0.97890625,1
iterative,deepseek_b,931,0.97609375,1
iterative,deepseek_b,932,0.9803125,1
iterative,deepseek_b,933,0.97890625,1
iterative,deepseek_b,934,0.971875,1
iterative,deepseek_b,935,0.97890625,1
iterative,deepseek_b,936,0.97609375,1
iterative,deepseek_b,937,0.97890625,1
iterative,deepseek_b,938,0.9746875,1
iterative,deepseek_b,939,0.98171875,1
iterative,deepseek_b,940,0.9775,1
iterative,deepseek_b,941,0.983125,1
iterative,deepseek_b,942,0.9803125,1
iterative,deepseek_b,943,0.9803125,1
iterative,deepseek_b,944,0.971875,1
iterative,deepseek_b,945,0.9803125,1
iterative,deepseek_b,946,0.96765625,1
iterative,deepseek_b,947,0.97890625,1
iterative,deepseek_b,948,0.971875,1
iterative,deepseek_b,949,0.9775,1
iterative,deepseek_b,950,0.0,0
iterative,deepseek_b,951,0.98171875,1
iterative,deepseek_b,952,0.971875,1
iterative,deepseek_b,953,0.97609375,1
iterative,deepseek_b,954,0.9803125,1
iterative,deepseek_b,955,0.9746875,1
iterative,deepseek_b,956,0.96765625,1
iterative,deepseek_b,957,0.9859375,1
iterative,deepseek_b,958,0.9775,1
iterative,deepseek_b,959,0.9690625,1
iterative,deepseek_b,960,0.97890625,1
iterative,deepseek_b,961,0.0,0
iterative,deepseek_b,962,0.97328125,1
iterative,deepseek_b,963,0.9775,1
iterative,deepseek_b,964,0.0,0
iterative,deepseek_b,965,0.9690625,1
iterative,deepseek_b,966,0.971875,1
iterative,deepseek_b,967,0.9746875,1
iterative,deepseek_b,968,0.97609375,1
iterative,deepseek_b,969,0.97609375,1
iterative,deepseek_b,970,0.0,0
iterative,deepseek_b,971,0.0,0
iterative,deepseek_b,972,0.0,0
iterative,deepseek_b,973,0.97328125,1
iterative,deepseek_b,974,0.97890625,1
iterative,deepseek_b,975,0.9690625,1
iterative,deepseek_b,976,0.97890625,1
iterative,deepseek_b,977,0.9775,1
iterative,deepseek_b,978,0.0,0
iterative,deepseek_b,979,0.9746875,1
iterative,deepseek_b,980,0.0,0
iterative,deepseek_b,981,0.9634375,1
iterative,deepseek_b,982,0.97328125,1
iterative,deepseek_b,983,0.9746875,1
iterative,deepseek_b,984,0.9803125,1
iterative,deepseek_b,985,0.97609375,1
iterative,deepseek_b,986,0.9803125,1
iterative,deepseek_b,987,0.0,0
iterative,deepseek_b,988,0.9775,1
iterative,deepseek_b,989,0.9690625,1
iterative,deepseek_b,990,0.97609375,1
iterative,deepseek_b,991,0.971875,1
iterative,deepseek_b,992,0.0,0
iterative,deepseek_b,993,0.9775,1
iterative,deepseek_b,994,0.0,0
iterative,deepseek_b,995,0.9775,1
iterative,deepseek_b,996,0.98171875,1
iterative,deepseek_b,997,0.9746875,1
iterative,deepseek_b,998,0.971875,1
iterative,deepseek_b,999,0.97328125,1
iterative,gpt_4o_b,0,0.0,0
iterative,gpt_4o_b,1,0.0,0
iterative,gpt_4o_b,2,0.0,0
iterative,gpt_4o_b,3,0.0,0
iterative,gpt_4o_b,4,0.0,0
iterative,gpt_4o_b,5,0.0,0
iterative,gpt_4o_b,6,0.0,0
iterative,gpt_4o_b,7,0.0,0
iterative,gpt_4o_b,8,0.0,0
iterative,gpt_4o_b,9,0.0,0
iterative,gpt_4o_b,10,0.0,0
iterative,gpt_4o_b,11,0.0,0
iterative,gpt_4o_b,12,0.0,0
iterative,gpt_4o_b,13,0.0,0
iterative,gpt_4o_b,14,0.0,0
iterative,gpt_4o_b,15,0.0,0
iterative,gpt_4o_b,16,0.0,0
iterative,gpt_4o_b,17,0.0,0
iterative,gpt_4o_b,18,0.0,0
iterative,gpt_4o_b,19,0.0,0
iterative,gpt_4o_b,20,0.0,0
iterative,gpt_4o_b,21,0.0,0
iterative,gpt_4o_b,22,0.0,0
iterative,gpt_4o_b,23,0.0,0
iterative,gpt_4o_b,24,0.0,0
iterative,gpt_4o_b,25,0.0,0
iterative,gpt_4o_b,26,0.0,0
iterative,gpt_4o_b,27,0.0,0
iterative,gpt_4o_b,28,0.0,0
iterative,gpt_4o_b,29,0.0,0
iterative,gpt_4o_b,30,0.0,0
iterative,gpt_4o_b,31,0.0,0
iterative,gpt_4o_b,32,0.0,0
iterative,gpt_4o_b,33,0.0,0
iterative,gpt_4o_b,34,0.0,0
iterative,gpt_4o_b,35,0.0,0
iterative,gpt_4o_b,36,0.0,0
iterative,gpt_4o_b,37,0.0,0
iterative,gpt_4o_b,38,0.0,0
iterative,gpt_4o_b,39,0.0,0
iterative,gpt_4o_b,40,0.0,0
iterative,gpt_4o_b,41,0.0,0
iterative,gpt_4o_b,42,0.0,0
iterative,gpt_4o_b,43,0.0,0
iterative,gpt_4o_b,44,0.0,0
iterative,gpt_4o_b,45,0.0,0
iterative,gpt_4o_b,46,0.0,0
iterative,gpt_4o_b,47,0.0,0
iterative,gpt_4o_b,48,0.0,0
iterative,gpt_4o_b,49,0.0,0
iterative,gpt_4o_b,50,0.0,0
iterative,gpt_4o_b,51,0.0,0
iterative,gpt_4o_b,52,0.0,0
iterative,gpt_4o_b,53,0.0,0
iterative,gpt_4o_b,54,0.0,0
iterative,gpt_4o_b,55,0.0,0
iterative,gpt_4o_b,56,0.0,0
iterative,gpt_4o_b,57,0.0,0
iterative,gpt_4o_b,58,0.0,0
iterative,gpt_4o_b,59,0.0,0
iterative,gpt_4o_b,60,0.0,0
iterative,gpt_4o_b,61,0.0,0
iterative,gpt_4o_b,62,0.0,0
iterative,gpt_4o_b,63,0.0,0
iterative,gpt_4o_b,64,0.0,0
iterative,gpt_4o_b,65,0.0,0
iterative,gpt_4o_b,66,0.0,0
iterative,gpt_4o_b,67,0.0,0
iterative,gpt_4o_b,68,0.0,0
iterative,gpt_4o_b,69,0.0,0
iterative,gpt_4o_b,70,0.0,0
iterative,gpt_4o_b,71,0.0,0
iterative,gpt_4o_b,72,0.0,0
iterative,gpt_4o_b,73,0.0,0
iterative,gpt_4o_b,74,0.0,0
iterative,gpt_4o_b,75,0.0,0
iterative,gpt_4o_b,76,0.0,0
iterative,gpt_4o_b,77,0.0,0
iterative,gpt_4o_b,78,0.0,0
iterative,gpt_4o_b,79,0.0,0
iterative,gpt_4o_b,80,0.0,0
iterative,gpt_4o_b,81,0.0,0
iterative,gpt_4o_b,82,0.0,0
iterative,gpt_4o_b,83,0.0,0
iterative,gpt_4o_b,84,0.0,0
iterative,gpt_4o_b,85,0.0,0
iterative,gpt_4o_b,86,0.0,0
iterative,gpt_4o_b,87,0.0,0
iterative,gpt_4o_b,88,0.0,0
iterative,gpt_4o_b,89,0.0,0
iterative,gpt_4o_b,90,0.0,0
iterative,gpt_4o_b,91,0.0,0
iterative,gpt_4o_b,92,0.0,0
iterative,gpt_4o_b,93,0.0,0
iterative,gpt_4o_b,94,0.0,0
iterative,gpt_4o_b,95,0.0,0
iterative,gpt_4o_b,96,0.0,0
iterative,gpt_4o_b,97,0.0,0
iterative,gpt_4o_b,98,0.0,0
iterative,gpt_4o_b,99,0.0,0
iterative,gpt_4o_b,100,0.0,0
iterative,gpt_4o_b,101,0.0,0
iterative,gpt_4o_b,102,0.0,0
iterative,gpt_4o_b,103,0.0,0
iterative,gpt_4o_b,104,0.0,0
iterative,gpt_4o_b,105,0.0,0
iterative,gpt_4o_b,106,0.0,0
iterative,gpt_4o_b,107,0.0,0
iterative,gpt_4o_b,108,0.0,0
iterative,gpt_4o_b,109,0.0,0
iterative,gpt_4o_b,110,0.0,0
iterative,gpt_4o_b,111,0.0,0
iterative,gpt_4o_b,112,0.0,0
iterative,gpt_4o_b,113,0.0,0
iterative,gpt_4o_b,114,0.0,0
iterative,gpt_4o_b,115,0.0,0
iterative,gpt_4o_b,116,0.0,0
iterative,gpt_4o_b,117,0.0,0
iterative,gpt_4o_b,118,0.0,0
iterative,gpt_4o_b,119,0.0,0
iterative,gpt_4o_b,120,0.0,0
iterative,gpt_4o_b,121,0.0,0
iterative,gpt_4o_b,122,0.0,0
iterative,gpt_4o_b,123,0.0,0
iterative,gpt_4o_b,124,0.0,0
iterative,gpt_4o_b,125,0.0,0
iterative,gpt_4o_b,126,0.0,0
iterative,gpt_4o_b,127,0.0,0
iterative,gpt_4o_b,128,0.0,0
iterative,gpt_4o_b,129,0.0,0
iterative,gpt_4o_b,130,0.0,0
iterative,gpt_4o_b,131,0.0,0
iterative,gpt_4o_b,132,0.0,0
iterative,gpt_4o_b,133,0.0,0
iterative,gpt_4o_b,134,0.0,0
iterative,gpt_4o_b,135,0.0,0
iterative,gpt_4o_b,136,0.0,0
iterative,gpt_4o_b,137,0.0,0
iterative,gpt_4o_b,138,0.0,0
iterative,gpt_4o_b,139,0.0,0
iterative,gpt_4o_b,140,0.0,0
iterative,gpt_4o_b,141,0.0,0
iterative,gpt_4o_b,142,0.0,0
iterative,gpt_4o_b,143,0.0,0
iterative,gpt_4o_b,144,0.0,0
iterative,gpt_4o_b,145,0.0,0
iterative,gpt_4o_b,146,0.0,0
iterative,gpt_4o_b,147,0.0,0
iterative,gpt_4o_b,148,0.0,0
iterative,gpt_4o_b,149,0.0,0
iterative,gpt_4o_b,150,0.0,0
iterative,gpt_4o_b,151,0.0,0
iterative,gpt_4o_b,152,0.0,0
iterative,gpt_4o_b,153,0.0,0
iterative,gpt_4o_b,154,0.0,0
iterative,gpt_4o_b,155,0.0,0
iterative,gpt_4o_b,156,0.0,0
iterative,gpt_4o_b,157,0.0,0
iterative,gpt_4o_b,158,0.0,0
iterative,gpt_4o_b,159,0.0,0
iterative,gpt_4o_b,160,0.0,0
iterative,gpt_4o_b,161,0.0,0
iterative,gpt_4o_b,162,0.0,0
iterative,gpt_4o_b,163,0.0,0
iterative,gpt_4o_b,164,0.0,0
iterative,gpt_4o_b,165,0.0,0
iterative,gpt_4o_b,166,0.0,0
iterative,gpt_4o_b,167,0.0,0
iterative,gpt_4o_b,168,0.0,0
iterative,gpt_4o_b,169,0.0,0
iterative,gpt_4o_b,170,0.0,0
iterative,gpt_4o_b,171,0.0,0
iterative,gpt_4o_b,172,0.0,0
iterative,gpt_4o_b,173,0.0,0
iterative,gpt_4o_b,174,0.0,0
iterative,gpt_4o_b,175,0.0,0
iterative,gpt_4o_b,176,0.0,0
iterative,gpt_4o_b,177,0.0,0
iterative,gpt_4o_b,178,0.0,0
iterative,gpt_4o_b,179,0.0,0
iterative,gpt_4o_b,180,0.0,0
iterative,gpt_4o_b,181,0.0,0
iterative,gpt_4o_b,182,0.0,0
iterative,gpt_4o_b,183,0.0,0
iterative,gpt_4o_b,184,0.0,0
iterative,gpt_4o_b,185,0.0,0
iterative,gpt_4o_b,186,0.0,0
iterative,gpt_4o_b,187,0.0,0
iterative,gpt_4o_b,188,0.0,0
iterative,gpt_4o_b,189,0.0,0
iterative,gpt_4o_b,190,0.0,0
iterative,gpt_4o_b,191,0.0,0
iterative,gpt_4o_b,192,0.0,0
iterative,gpt_4o_b,193,0.0,0
iterative,gpt_4o_b,194,0.0,0
iterative,gpt_4o_b,195,0.0,0
iterative,gpt_4o_b,196,0.0,0
iterative,gpt_4o_b,197,0.0,0
iterative,gpt_4o_b,198,0.0,0
iterative,gpt_4o_b,199,0.0,0
iterative,gpt_4o_b,200,0.0,0
iterative,gpt_4o_b,201,0.0,0
iterative,gpt_4o_b,202,0.0,0
iterative,gpt_4o_b,203,0.0,0
iterative,gpt_4o_b,204,0.0,0
iterative,gpt_4o_b,205,0.0,0
iterative,gpt_4o_b,206,0.0,0
iterative,gpt_4o_b,207,0.0,0
iterative,gpt_4o_b,208,0.0,0
iterative,gpt_4o_b,209,0.0,0
iterative,gpt_4o_b,210,0.0,0
iterative,gpt_4o_b,211,0.0,0
iterative,gpt_4o_b,212,0.0,0
iterative,gpt_4o_b,213,0.0,0
iterative,gpt_4o_b,214,0.0,0
iterative,gpt_4o_b,215,0.0,0
iterative,gpt_4o_b,216,0.0,0
iterative,gpt_4o_b,217,0.0,0
iterative,gpt_4o_b,218,0.0,0
iterative,gpt_4o_b,219,0.0,0
iterative,gpt_4o_b,220,0.0,0
iterative,gpt_4o_b,221,0.0,0
iterative,gpt_4o_b,222,0.0,0
iterative,gpt_4o_b,223,0.0,0
iterative,gpt_4o_b,224,0.0,0
iterative,gpt_4o_b,225,0.0,0
iterative,gpt_4o_b,226,0.0,0
iterative,gpt_4o_b,227,0.0,0
iterative,gpt_4o_b,228,0.0,0
iterative,gpt_4o_b,229,0.0,0
iterative,gpt_4o_b,230,0.0,0
iterative,gpt_4o_b,231,0.0,0
iterative,gpt_4o_b,232,0.0,0
iterative,gpt_4o_b,233,0.0,0
iterative,gpt_4o_b,234,0.0,0
iterative,gpt_4o_b,235,0.0,0
iterative,gpt_4o_b,236,0.0,0
iterative,gpt_4o_b,237,0.0,0
iterative,gpt_4o_b,238,0.0,0
iterative,gpt_4o_b,239,0.0,0
iterative,gpt_4o_b,240,0.0,0
iterative,gpt_4o_b,241,0.0,0
iterative,gpt_4o_b,242,0.0,0
iterative,gpt_4o_b,243,0.0,0
iterative,gpt_4o_b,244,0.0,0
iterative,gpt_4o_b,245,0.0,0
iterative,gpt_4o_b,246,0.0,0
iterative,gpt_4o_b,247,0.0,0
iterative,gpt_4o_b,248,0.0,0
iterative,gpt_4o_b,249,0.0,0
iterative,gpt_4o_b,250,0.0,0
iterative,gpt_4o_b,251,0.0,0
iterative,gpt_4o_b,252,0.0,0
iterative,gpt_4o_b,253,0.0,0
iterative,gpt_4o_b,254,0.0,0
iterative,gpt_4o_b,255,0.0,0
iterative,gpt_4o_b,256,0.0,0
iterative,gpt_4o_b,257,0.0,0
iterative,gpt_4o_b,258,0.0,0
iterative,gpt_4o_b,259,0.0,0
iterative,gpt_4o_b,260,0.0,0
iterative,gpt_4o_b,261,0.0,0
iterative,gpt_4o_b,262,0.0,0
iterative,gpt_4o_b,263,0.0,0
iterative,gpt_4o_b,264,0.0,0
iterative,gpt_4o_b,265,0.0,0
iterative,gpt_4o_b,266,0.0,0
iterative,gpt_4o_b,267,0.0,0
iterative,gpt_4o_b,268,0.0,0
iterative,gpt_4o_b,269,0.0,0
iterative,gpt_4o_b,270,0.0,0
iterative,gpt_4o_b,271,0.0,0
iterative,gpt_4o_b,272,0.0,0
iterative,gpt_4o_b,273,0.0,0
iterative,gpt_4o_b,274,0.0,0
iterative,gpt_4o_b,275,0.0,0
iterative,gpt_4o_b,276,0.0,0
iterative,gpt_4o_b,277,0.0,0
iterative,gpt_4o_b,278,0.0,0
iterative,gpt_4o_b,279,0.0,0
iterative,gpt_4o_b,280,0.0,0
iterative,gpt_4o_b,281,0.0,0
iterative,gpt_4o_b,282,0.0,0
iterative,gpt_4o_b,283,0.0,0
iterative,gpt_4o_b,284,0.0,0
iterative,gpt_4o_b,285,0.0,0
iterative,gpt_4o_b,286,0.0,0
iterative,gpt_4o_b,287,0.0,0
iterative,gpt_4o_b,288,0.0,0
iterative,gpt_4o_b,289,0.0,0
iterative,gpt_4o_b,290,0.0,0
iterative,gpt_4o_b,291,0.0,0
iterative,gpt_4o_b,292,0.0,0
iterative,gpt_4o_b,293,0.0,0
iterative,gpt_4o_b,294,0.0,0
iterative,gpt_4o_b,295,0.0,0
iterative,gpt_4o_b,296,0.0,0
iterative,gpt_4o_b,297,0.0,0
iterative,gpt_4o_b,298,0.0,0
iterative,gpt_4o_b,299,0.0,0
iterative,gpt_4o_b,300,0.0,0
iterative,gpt_4o_b,301,0.0,0
iterative,gpt_4o_b,302,0.0,0
iterative,gpt_4o_b,303,0.0,0
iterative,gpt_4o_b,304,0.0,0
iterative,gpt_4o_b,305,0.0,0
iterative,gpt_4o_b,306,0.0,0
iterative,gpt_4o_b,307,0.0,0
iterative,gpt_4o_b,308,0.0,0
iterative,gpt_4o_b,309,0.0,0
iterative,gpt_4o_b,310,0.0,0
iterative,gpt_4o_b,311,0.0,0
iterative,gpt_4o_b,312,0.0,0
iterative,gpt_4o_b,313,0.0,0
iterative,gpt_4o_b,314,0.0,0
iterative,gpt_4o_b,315,0.0,0
iterative,gpt_4o_b,316,0.0,0
iterative,gpt_4o_b,317,0.0,0
iterative,gpt_4o_b,318,0.0,0
iterative,gpt_4o_b,319,0.0,0
iterative,gpt_4o_b,320,0.0,0
iterative,gpt_4o_b,321,0.0,0
iterative,gpt_4o_b,322,0.0,0
iterative,gpt_4o_b,323,0.0,0
iterative,gpt_4o_b,324,0.0,0
iterative,gpt_4o_b,325,0.0,0
iterative,gpt_4o_b,326,0.0,0
iterative,gpt_4o_b,327,0.0,0
iterative,gpt_4o_b,328,0.0,0
iterative,gpt_4o_b,329,0.0,0
iterative,gpt_4o_b,330,0.0,0
iterative,gpt_4o_b,331,0.0,0
iterative,gpt_4o_b,332,0.0,0
iterative,gpt_4o_b,333,0.0,0
iterative,gpt_4o_b,334,0.0,0
iterative,gpt_4o_b,335,0.0,0
iterative,gpt_4o_b,336,0.0,0
iterative,gpt_4o_b,337,0.0,0
iterative,gpt_4o_b,338,0.0,0
iterative,gpt_4o_b,339,0.0,0
iterative,gpt_4o_b,340,0.0,0
iterative,gpt_4o_b,341,0.0,0
iterative,gpt_4o_b,342,0.0,0
iterative,gpt_4o_b,343,0.0,0
iterative,gpt_4o_b,344,0.0,0
iterative,gpt_4o_b,345,0.0,0
iterative,gpt_4o_b,346,0.0,0
iterative,gpt_4o_b,347,0.0,0
iterative,gpt_4o_b,348,0.0,0
iterative,gpt_4o_b,349,0.0,0
iterative,gpt_4o_b,350,0.0,0
iterative,gpt_4o_b,351,0.0,0
iterative,gpt_4o_b,352,0.0,0
iterative,gpt_4o_b,353,0.0,0
iterative,gpt_4o_b,354,0.0,0
iterative,gpt_4o_b,355,0.0,0
iterative,gpt_4o_b,356,0.0,0
iterative,gpt_4o_b,357,0.0,0
iterative,gpt_4o_b,358,0.0,0
iterative,gpt_4o_b,359,0.0,0
iterative,gpt_4o_b,360,0.0,0
iterative,gpt_4o_b,361,0.0,0
iterative,gpt_4o_b,362,0.0,0
iterative,gpt_4o_b,363,0.0,0
iterative,gpt_4o_b,364,0.0,0
iterative,gpt_4o_b,365,0.0,0
iterative,gpt_4o_b,366,0.0,0
iterative,gpt_4o_b,367,0.0,0
iterative,gpt_4o_b,368,0.0,0
iterative,gpt_4o_b,369,0.0,0
iterative,gpt_4o_b,370,0.0,0
iterative,gpt_4o_b,371,0.0,0
iterative,gpt_4o_b,372,0.0,0
iterative,gpt_4o_b,373,0.0,0
iterative,gpt_4o_b,374,0.0,0
iterative,gpt_4o_b,375,0.0,0
iterative,gpt_4o_b,376,0.0,0
iterative,gpt_4o_b,377,0.0,0
iterative,gpt_4o_b,378,0.0,0
iterative,gpt_4o_b,379,0.0,0
iterative,gpt_4o_b,380,0.0,0
iterative,gpt_4o_b,381,0.0,0
iterative,gpt_4o_b,382,0.0,0
iterative,gpt_4o_b,383,0.0,0
iterative,gpt_4o_b,384,0.0,0
iterative,gpt_4o_b,385,0.0,0
iterative,gpt_4o_b,386,0.0,0
iterative,gpt_4o_b,387,0.0,0
iterative,gpt_4o_b,388,0.0,0
iterative,gpt_4o_b,389,0.0,0
iterative,gpt_4o_b,390,0.0,0
iterative,gpt_4o_b,391,0.0,0
iterative,gpt_4o_b,392,0.0,0
iterative,gpt_4o_b,393,0.0,0
iterative,gpt_4o_b,394,0.0,0
iterative,gpt_4o_b,395,0.0,0
iterative,gpt_4o_b,396,0.0,0
iterative,gpt_4o_b,397,0.0,0
iterative,gpt_4o_b,398,0.0,0
iterative,gpt_4o_b,399,0.0,0
iterative,gpt_4o_b,400,0.0,0
iterative,gpt_4o_b,401,0.0,0
iterative,gpt_4o_b,402,0.0,0
iterative,gpt_4o_b,403,0.0,0
iterative,gpt_4o_b,404,0.0,0
iterative,gpt_4o_b,405,0.0,0
iterative,gpt_4o_b,406,0.0,0
iterative,gpt_4o_b,407,0.0,0
iterative,gpt_4o_b,408,0.0,0
iterative,gpt_4o_b,409,0.0,0
iterative,gpt_4o_b,410,0.0,0
iterative,gpt_4o_b,411,0.0,0
iterative,gpt_4o_b,412,0.0,0
iterative,gpt_4o_b,413,0.0,0
iterative,gpt_4o_b,414,0.0,0
iterative,gpt_4o_b,415,0.0,0
iterative,gpt_4o_b,416,0.0,0
iterative,gpt_4o_b,417,0.0,0
iterative,gpt_4o_b,418,0.0,0
iterative,gpt_4o_b,419,0.0,0
iterative,gpt_4o_b,420,0.0,0
iterative,gpt_4o_b,421,0.0,0
iterative,gpt_4o_b,422,0.0,0
iterative,gpt_4o_b,423,0.0,0
iterative,gpt_4o_b,424,0.0,0
iterative,gpt_4o_b,425,0.0,0
iterative,gpt_4o_b,426,0.0,0
iterative,gpt_4o_b,427,0.0,0
iterative,gpt_4o_b,428,0.0,0
iterative,gpt_4o_b,429,0.0,0
iterative,gpt_4o_b,430,0.0,0
iterative,gpt_4o_b,431,0.0,0
iterative,gpt_4o_b,432,0.0,0
iterative,gpt_4o_b,433,0.0,0
iterative,gpt_4o_b,434,0.0,0
iterative,gpt_4o_b,435,0.0,0
iterative,gpt_4o_b,436,0.0,0
iterative,gpt_4o_b,437,0.0,0
iterative,gpt_4o_b,438,0.0,0
iterative,gpt_4o_b,439,0.0,0
iterative,gpt_4o_b,440,0.0,0
iterative,gpt_4o_b,441,0.0,0
iterative,gpt_4o_b,442,0.0,0
iterative,gpt_4o_b,443,0.0,0
iterative,gpt_4o_b,444,0.0,0
iterative,gpt_4o_b,445,0.0,0
iterative,gpt_4o_b,446,0.0,0
iterative,gpt_4o_b,447,0.0,0
iterative,gpt_4o_b,448,0.0,0
iterative,gpt_4o_b,449,0.0,0
iterative,gpt_4o_b,450,0.0,0
iterative,gpt_4o_b,451,0.0,0
iterative,gpt_4o_b,452,0.0,0
iterative,gpt_4o_b,453,0.0,0
iterative,gpt_4o_b,454,0.0,0
iterative,gpt_4o_b,455,0.0,0
iterative,gpt_4o_b,456,0.0,0
iterative,gpt_4o_b,457,0.0,0
iterative,gpt_4o_b,458,0.0,0
iterative,gpt_4o_b,459,0.0,0
iterative,gpt_4o_b,460,0.0,0
iterative,gpt_4o_b,461,0.0,0
iterative,gpt_4o_b,462,0.0,0
iterative,gpt_4o_b,463,0.0,0
iterative,gpt_4o_b,464,0.0,0
iterative,gpt_4o_b,465,0.0,0
iterative,gpt_4o_b,466,0.0,0
iterative,gpt_4o_b,467,0.0,0
iterative,gpt_4o_b,468,0.0,0
iterative,gpt_4o_b,469,0.0,0
iterative,gpt_4o_b,470,0.0,0
iterative,gpt_4o_b,471,0.0,0
iterative,gpt_4o_b,472,0.0,0
iterative,gpt_4o_b,473,0.0,0
iterative,gpt_4o_b,474,0.0,0
iterative,gpt_4o_b,475,0.0,0
iterative,gpt_4o_b,476,0.0,0
iterative,gpt_4o_b,477,0.0,0
iterative,gpt_4o_b,478,0.0,0
iterative,gpt_4o_b,479,0.0,0
iterative,gpt_4o_b,480,0.0,0
iterative,gpt_4o_b,481,0.0,0
iterative,gpt_4o_b,482,0.0,0
iterative,gpt_4o_b,483,0.0,0
iterative,gpt_4o_b,484,0.0,0
iterative,gpt_4o_b,485,0.0,0
iterative,gpt_4o_b,486,0.0,0
iterative,gpt_4o_b,487,0.0,0
iterative,gpt_4o_b,488,0.0,0
iterative,gpt_4o_b,489,0.0,0
iterative,gpt_4o_b,490,0.0,0
iterative,gpt_4o_b,491,0.0,0
iterative,gpt_4o_b,492,0.0,0
iterative,gpt_4o_b,493,0.0,0
iterative,gpt_4o_b,494,0.0,0
iterative,gpt_4o_b,495,0.0,0
iterative,gpt_4o_b,496,0.0,0
iterative,gpt_4o_b,497,0.0,0
iterative,gpt_4o_b,498,0.0,0
iterative,gpt_4o_b,499,0.0,0
iterative,gpt_4o_b,500,0.0,0
iterative,gpt_4o_b,501,0.0,0
iterative,gpt_4o_b,502,0.0,0
iterative,gpt_4o_b,503,0.0,0
iterative,gpt_4o_b,504,0.0,0
iterative,gpt_4o_b,505,0.0,0
iterative,gpt_4o_b,506,0.0,0
iterative,gpt_4o_b,507,0.0,0
iterative,gpt_4o_b,508,0.0,0
iterative,gpt_4o_b,509,0.0,0
iterative,gpt_4o_b,510,0.0,0
iterative,gpt_4o_b,511,0.0,0
iterative,gpt_4o_b,512,0.0,0
iterative,gpt_4o_b,513,0.0,0
iterative,gpt_4o_b,514,0.0,0
iterative,gpt_4o_b,515,0.0,0
iterative,gpt_4o_b,516,0.0,0
iterative,gpt_4o_b,517,0.0,0
iterative,gpt_4o_b,518,0.0,0
iterative,gpt_4o_b,519,0.0,0
iterative,gpt_4o_b,520,0.0,0
iterative,gpt_4o_b,521,0.0,0
iterative,gpt_4o_b,522,0.0,0
iterative,gpt_4o_b,523,0.0,0
iterative,gpt_4o_b,524,0.0,0
iterative,gpt_4o_b,525,0.0,0
iterative,gpt_4o_b,526,0.0,0
iterative,gpt_4o_b,527,0.0,0
iterative,gpt_4o_b,528,0.0,0
iterative,gpt_4o_b,529,0.0,0
iterative,gpt_4o_b,530,0.0,0
iterative,gpt_4o_b,531,0.0,0
iterative,gpt_4o_b,532,0.0,0
iterative,gpt_4o_b,533,0.0,0
iterative,gpt_4o_b,534,0.0,0
iterative,gpt_4o_b,535,0.0,0
iterative,gpt_4o_b,536,0.0,0
iterative,gpt_4o_b,537,0.0,0
iterative,gpt_4o_b,538,0.0,0
iterative,gpt_4o_b,539,0.0,0
iterative,gpt_4o_b,540,0.0,0
iterative,gpt_4o_b,541,0.0,0
iterative,gpt_4o_b,542,0.0,0
iterative,gpt_4o_b,543,0.0,0
iterative,gpt_4o_b,544,0.0,0
iterative,gpt_4o_b,545,0.0,0
iterative,gpt_4o_b,546,0.0,0
iterative,gpt_4o_b,547,0.0,0
iterative,gpt_4o_b,548,0.0,0
iterative,gpt_4o_b,549,0.0,0
iterative,gpt_4o_b,550,0.0,0
iterative,gpt_4o_b,551,0.0,0
iterative,gpt_4o_b,552,0.0,0
iterative,gpt_4o_b,553,0.0,0
iterative,gpt_4o_b,554,0.0,0
iterative,gpt_4o_b,555,0.0,0
iterative,gpt_4o_b,556,0.0,0
iterative,gpt_4o_b,557,0.0,0
iterative,gpt_4o_b,558,0.0,0
iterative,gpt_4o_b,559,0.0,0
iterative,gpt_4o_b,560,0.0,0
iterative,gpt_4o_b,561,0.0,0
iterative,gpt_4o_b,562,0.0,0
iterative,gpt_4o_b,563,0.0,0
iterative,gpt_4o_b,564,0.0,0
iterative,gpt_4o_b,565,0.0,0
iterative,gpt_4o_b,566,0.0,0
iterative,gpt_4o_b,567,0.0,0
iterative,gpt_4o_b,568,0.0,0
iterative,gpt_4o_b,569,0.0,0
iterative,gpt_4o_b,570,0.0,0
iterative,gpt_4o_b,571,0.0,0
iterative,gpt_4o_b,572,0.0,0
iterative,gpt_4o_b,573,0.0,0
iterative,gpt_4o_b,574,0.0,0
iterative,gpt_4o_b,575,0.0,0
iterative,gpt_4o_b,576,0.0,0
iterative,gpt_4o_b,577,0.0,0
iterative,gpt_4o_b,578,0.0,0
iterative,gpt_4o_b,579,0.0,0
iterative,gpt_4o_b,580,0.0,0
iterative,gpt_4o_b,581,0.0,0
iterative,gpt_4o_b,582,0.0,0
iterative,gpt_4o_b,583,0.0,0
iterative,gpt_4o_b,584,0.0,0
iterative,gpt_4o_b,585,0.0,0
iterative,gpt_4o_b,586,0.0,0
iterative,gpt_4o_b,587,0.0,0
iterative,gpt_4o_b,588,0.0,0
iterative,gpt_4o_b,589,0.0,0
iterative,gpt_4o_b,590,0.0,0
iterative,gpt_4o_b,591,0.0,0
iterative,gpt_4o_b,592,0.0,0
iterative,gpt_4o_b,593,0.0,0
iterative,gpt_4o_b,594,0.0,0
iterative,gpt_4o_b,595,0.0,0
iterative,gpt_4o_b,596,0.0,0
iterative,gpt_4o_b,597,0.0,0
iterative,gpt_4o_b,598,0.0,0
iterative,gpt_4o_b,599,0.0,0
iterative,gpt_4o_b,600,0.0,0
iterative,gpt_4o_b,601,0.0,0
iterative,gpt_4o_b,602,0.0,0
iterative,gpt_4o_b,603,0.0,0
iterative,gpt_4o_b,604,0.0,0
iterative,gpt_4o_b,605,0.0,0
iterative,gpt_4o_b,606,0.0,0
iterative,gpt_4o_b,607,0.0,0
iterative,gpt_4o_b,608,0.0,0
iterative,gpt_4o_b,609,0.0,0
iterative,gpt_4o_b,610,0.0,0
iterative,gpt_4o_b,611,0.0,0
iterative,gpt_4o_b,612,0.0,0
iterative,gpt_4o_b,613,0.0,0
iterative,gpt_4o_b,614,0.0,0
iterative,gpt_4o_b,615,0.0,0
iterative,gpt_4o_b,616,0.0,0
iterative,gpt_4o_b,617,0.0,0
iterative,gpt_4o_b,618,0.0,0
iterative,gpt_4o_b,619,0.0,0
iterative,gpt_4o_b,620,0.0,0
iterative,gpt_4o_b,621,0.0,0
iterative,gpt_4o_b,622,0.0,0
iterative,gpt_4o_b,623,0.0,0
iterative,gpt_4o_b,624,0.0,0
iterative,gpt_4o_b,625,0.0,0
iterative,gpt_4o_b,626,0.0,0
iterative,gpt_4o_b,627,0.0,0
iterative,gpt_4o_b,628,0.0,0
iterative,gpt_4o_b,629,0.0,0
iterative,gpt_4o_b,630,0.0,0
iterative,gpt_4o_b,631,0.0,0
iterative,gpt_4o_b,632,0.0,0
iterative,gpt_4o_b,633,0.0,0
iterative,gpt_4o_b,634,0.0,0
iterative,gpt_4o_b,635,0.0,0
iterative,gpt_4o_b,636,0.0,0
iterative,gpt_4o_b,637,0.0,0
iterative,gpt_4o_b,638,0.0,0
iterative,gpt_4o_b,639,0.0,0
iterative,gpt_4o_b,640,0.0,0
iterative,gpt_4o_b,641,0.0,0
iterative,gpt_4o_b,642,0.0,0
iterative,gpt_4o_b,643,0.0,0
iterative,gpt_4o_b,644,0.0,0
iterative,gpt_4o_b,645,0.0,0
iterative,gpt_4o_b,646,0.0,0
iterative,gpt_4o_b,647,0.0,0
iterative,gpt_4o_b,648,0.0,0
iterative,gpt_4o_b,649,0.0,0
iterative,gpt_4o_b,650,0.0,0
iterative,gpt_4o_b,651,0.0,0
iterative,gpt_4o_b,652,0.0,0
iterative,gpt_4o_b,653,0.0,0
iterative,gpt_4o_b,654,0.0,0
iterative,gpt_4o_b,655,0.0,0
iterative,gpt_4o_b,656,0.0,0
iterative,gpt_4o_b,657,0.0,0
iterative,gpt_4o_b,658,0.0,0
iterative,gpt_4o_b,659,0.0,0
iterative,gpt_4o_b,660,0.0,0
iterative,gpt_4o_b,661,0.0,0
iterative,gpt_4o_b,662,0.0,0
iterative,gpt_4o_b,663,0.0,0
iterative,gpt_4o_b,664,0.0,0
iterative,gpt_4o_b,665,0.0,0
iterative,gpt_4o_b,666,0.0,0
iterative,gpt_4o_b,667,0.0,0
iterative,gpt_4o_b,668,0.0,0
iterative,gpt_4o_b,669,0.0,0
iterative,gpt_4o_b,670,0.0,0
iterative,gpt_4o_b,671,0.0,0
iterative,gpt_4o_b,672,0.0,0
iterative,gpt_4o_b,673,0.0,0
iterative,gpt_4o_b,674,0.0,0
iterative,gpt_4o_b,675,0.0,0
iterative,gpt_4o_b,676,0.0,0
iterative,gpt_4o_b,677,0.0,0
iterative,gpt_4o_b,678,0.0,0
iterative,gpt_4o_b,679,0.0,0
iterative,gpt_4o_b,680,0.0,0
iterative,gpt_4o_b,681,0.0,0
iterative,gpt_4o_b,682,0.0,0
iterative,gpt_4o_b,683,0.0,0
iterative,gpt_4o_b,684,0.0,0
iterative,gpt_4o_b,685,0.0,0
iterative,gpt_4o_b,686,0.0,0
iterative,gpt_4o_b,687,0.0,0
iterative,gpt_4o_b,688,0.0,0
iterative,gpt_4o_b,689,0.0,0
iterative,gpt_4o_b,690,0.0,0
iterative,gpt_4o_b,691,0.0,0
iterative,gpt_4o_b,692,0.0,0
iterative,gpt_4o_b,693,0.0,0
iterative,gpt_4o_b,694,0.0,0
iterative,gpt_4o_b,695,0.0,0
iterative,gpt_4o_b,696,0.0,0
iterative,gpt_4o_b,697,0.0,0
iterative,gpt_4o_b,698,0.0,0
iterative,gpt_4o_b,699,0.0,0
iterative,gpt_4o_b,700,0.0,0
iterative,gpt_4o_b,701,0.0,0
iterative,gpt_4o_b,702,0.0,0
iterative,gpt_4o_b,703,0.0,0
iterative,gpt_4o_b,704,0.0,0
iterative,gpt_4o_b,705,0.0,0
iterative,gpt_4o_b,706,0.0,0
iterative,gpt_4o_b,707,0.0,0
iterative,gpt_4o_b,708,0.0,0
iterative,gpt_4o_b,709,0.0,0
iterative,gpt_4o_b,710,0.0,0
iterative,gpt_4o_b,711,0.0,0
iterative,gpt_4o_b,712,0.0,0
iterative,gpt_4o_b,713,0.0,0
iterative,gpt_4o_b,714,0.0,0
iterative,gpt_4o_b,715,0.0,0
iterative,gpt_4o_b,716,0.0,0
iterative,gpt_4o_b,717,0.0,0
iterative,gpt_4o_b,718,0.0,0
iterative,gpt_4o_b,719,0.0,0
iterative,gpt_4o_b,720,0.0,0
iterative,gpt_4o_b,721,0.0,0
iterative,gpt_4o_b,722,0.0,0
iterative,gpt_4o_b,723,0.0,0
iterative,gpt_4o_b,724,0.0,0
iterative,gpt_4o_b,725,0.0,0
iterative,gpt_4o_b,726,0.0,0
iterative,gpt_4o_b,727,0.0,0
iterative,gpt_4o_b,728,0.0,0
iterative,gpt_4o_b,729,0.0,0
iterative,gpt_4o_b,730,0.0,0
iterative,gpt_4o_b,731,0.0,0
iterative,gpt_4o_b,732,0.0,0
iterative,gpt_4o_b,733,0.0,0
iterative,gpt_4o_b,734,0.0,0
iterative,gpt_4o_b,735,0.0,0
iterative,gpt_4o_b,736,0.0,0
iterative,gpt_4o_b,737,0.0,0
iterative,gpt_4o_b,738,0.0,0
iterative,gpt_4o_b,739,0.0,0
iterative,gpt_4o_b,740,0.0,0
iterative,gpt_4o_b,741,0.0,0
iterative,gpt_4o_b,742,0.0,0
iterative,gpt_4o_b,743,0.0,0
iterative,gpt_4o_b,744,0.0,0
iterative,gpt_4o_b,745,0.0,0
iterative,gpt_4o_b,746,0.0,0
iterative,gpt_4o_b,747,0.0,0
iterative,gpt_4o_b,748,0.0,0
iterative,gpt_4o_b,749,0.0,0
iterative,gpt_4o_b,750,0.0,0
iterative,gpt_4o_b,751,0.0,0
iterative,gpt_4o_b,752,0.0,0
iterative,gpt_4o_b,753,0.0,0
iterative,gpt_4o_b,754,0.0,0
iterative,gpt_4o_b,755,0.0,0
iterative,gpt_4o_b,756,0.0,0
iterative,gpt_4o_b,757,0.0,0
iterative,gpt_4o_b,758,0.0,0
iterative,gpt_4o_b,759,0.0,0
iterative,gpt_4o_b,760,0.0,0
iterative,gpt_4o_b,761,0.0,0
iterative,gpt_4o_b,762,0.0,0
iterative,gpt_4o_b,763,0.0,0
iterative,gpt_4o_b,764,0.0,0
iterative,gpt_4o_b,765,0.0,0
iterative,gpt_4o_b,766,0.0,0
iterative,gpt_4o_b,767,0.0,0
iterative,gpt_4o_b,768,0.0,0
iterative,gpt_4o_b,769,0.0,0
iterative,gpt_4o_b,770,0.0,0
iterative,gpt_4o_b,771,0.0,0
iterative,gpt_4o_b,772,0.0,0
iterative,gpt_4o_b,773,0.0,0
iterative,gpt_4o_b,774,0.0,0
iterative,gpt_4o_b,775,0.0,0
iterative,gpt_4o_b,776,0.0,0
iterative,gpt_4o_b,777,0.0,0
iterative,gpt_4o_b,778,0.0,0
iterative,gpt_4o_b,779,0.0,0
iterative,gpt_4o_b,780,0.0,0
iterative,gpt_4o_b,781,0.0,0
iterative,gpt_4o_b,782,0.0,0
iterative,gpt_4o_b,783,0.0,0
iterative,gpt_4o_b,784,0.0,0
iterative,gpt_4o_b,785,0.0,0
iterative,gpt_4o_b,786,0.0,0
iterative,gpt_4o_b,787,0.0,0
iterative,gpt_4o_b,788,0.0,0
iterative,gpt_4o_b,789,0.0,0
iterative,gpt_4o_b,790,0.0,0
iterative,gpt_4o_b,791,0.0,0
iterative,gpt_4o_b,792,0.0,0
iterative,gpt_4o_b,793,0.0,0
iterative,gpt_4o_b,794,0.0,0
iterative,gpt_4o_b,795,0.0,0
iterative,gpt_4o_b,796,0.0,0
iterative,gpt_4o_b,797,0.0,0
iterative,gpt_4o_b,798,0.0,0
iterative,gpt_4o_b,799,0.0,0
iterative,gpt_4o_b,800,0.0,0
iterative,gpt_4o_b,801,0.0,0
iterative,gpt_4o_b,802,0.0,0
iterative,gpt_4o_b,803,0.0,0
iterative,gpt_4o_b,804,0.0,0
iterative,gpt_4o_b,805,0.0,0
iterative,gpt_4o_b,806,0.0,0
iterative,gpt_4o_b,807,0.0,0
iterative,gpt_4o_b,808,0.0,0
iterative,gpt_4o_b,809,0.0,0
iterative,gpt_4o_b,810,0.0,0
iterative,gpt_4o_b,811,0.0,0
iterative,gpt_4o_b,812,0.0,0
iterative,gpt_4o_b,813,0.0,0
iterative,gpt_4o_b,814,0.0,0
iterative,gpt_4o_b,815,0.0,0
iterative,gpt_4o_b,816,0.0,0
iterative,gpt_4o_b,817,0.0,0
iterative,gpt_4o_b,818,0.0,0
iterative,gpt_4o_b,819,0.0,0
iterative,gpt_4o_b,820,0.0,0
iterative,gpt_4o_b,821,0.0,0
iterative,gpt_4o_b,822,0.0,0
iterative,gpt_4o_b,823,0.0,0
iterative,gpt_4o_b,824,0.0,0
iterative,gpt_4o_b,825,0.0,0
iterative,gpt_4o_b,826,0.0,0
iterative,gpt_4o_b,827,0.0,0
iterative,gpt_4o_b,828,0.0,0
iterative,gpt_4o_b,829,0.0,0
iterative,gpt_4o_b,830,0.0,0
iterative,gpt_4o_b,831,0.0,0
iterative,gpt_4o_b,832,0.0,0
iterative,gpt_4o_b,833,0.0,0
iterative,gpt_4o_b,834,0.0,0
iterative,gpt_4o_b,835,0.0,0
iterative,gpt_4o_b,836,0.0,0
iterative,gpt_4o_b,837,0.0,0
iterative,gpt_4o_b,838,0.0,0
iterative,gpt_4o_b,839,0.0,0
iterative,gpt_4o_b,840,0.0,0
iterative,gpt_4o_b,841,0.0,0
iterative,gpt_4o_b,842,0.0,0
iterative,gpt_4o_b,843,0.0,0
iterative,gpt_4o_b,844,0.0,0
iterative,gpt_4o_b,845,0.0,0
iterative,gpt_4o_b,846,0.0,0
iterative,gpt_4o_b,847,0.0,0
iterative,gpt_4o_b,848,0.0,0
iterative,gpt_4o_b,849,0.0,0
iterative,gpt_4o_b,850,0.0,0
iterative,gpt_4o_b,851,0.0,0
iterative,gpt_4o_b,852,0.0,0
iterative,gpt_4o_b,853,0.0,0
iterative,gpt_4o_b,854,0.0,0
iterative,gpt_4o_b,855,0.0,0
iterative,gpt_4o_b,856,0.0,0
iterative,gpt_4o_b,857,0.0,0
iterative,gpt_4o_b,858,0.0,0
iterative,gpt_4o_b,859,0.0,0
iterative,gpt_4o_b,860,0.0,0
iterative,gpt_4o_b,861,0.0,0
iterative,gpt_4o_b,862,0.0,0
iterative,gpt_4o_b,863,0.0,0
iterative,gpt_4o_b,864,0.0,0
iterative,gpt_4o_b,865,0.0,0
iterative,gpt_4o_b,866,0.0,0
iterative,gpt_4o_b,867,0.0,0
iterative,gpt_4o_b,868,0.0,0
iterative,gpt_4o_b,869,0.0,0
iterative,gpt_4o_b,870,0.0,0
iterative,gpt_4o_b,871,0.0,0
iterative,gpt_4o_b,872,0.0,0
iterative,gpt_4o_b,873,0.0,0
iterative,gpt_4o_b,874,0.0,0
iterative,gpt_4o_b,875,0.0,0
iterative,gpt_4o_b,876,0.0,0
iterative,gpt_4o_b,877,0.0,0
iterative,gpt_4o_b,878,0.0,0
iterative,gpt_4o_b,879,0.0,0
iterative,gpt_4o_b,880,0.0,0
iterative,gpt_4o_b,881,0.0,0
iterative,gpt_4o_b,882,0.0,0
iterative,gpt_4o_b,883,0.0,0
iterative,gpt_4o_b,884,0.0,0
iterative,gpt_4o_b,885,0.0,0
iterative,gpt_4o_b,886,0.0,0
iterative,gpt_4o_b,887,0.0,0
iterative,gpt_4o_b,888,0.0,0
iterative,gpt_4o_b,889,0.0,0
iterative,gpt_4o_b,890,0.0,0
iterative,gpt_4o_b,891,0.0,0
iterative,gpt_4o_b,892,0.0,0
iterative,gpt_4o_b,893,0.0,0
iterative,gpt_4o_b,894,0.0,0
iterative,gpt_4o_b,895,0.0,0
iterative,gpt_4o_b,896,0.0,0
iterative,gpt_4o_b,897,0.0,0
iterative,gpt_4o_b,898,0.0,0
iterative,gpt_4o_b,899,0.0,0
iterative,gpt_4o_b,900,0.0,0
iterative,gpt_4o_b,901,0.0,0
iterative,gpt_4o_b,902,0.0,0
iterative,gpt_4o_b,903,0.0,0
iterative,gpt_4o_b,904,0.0,0
iterative,gpt_4o_b,905,0.0,0
iterative,gpt_4o_b,906,0.0,0
iterative,gpt_4o_b,907,0.0,0
iterative,gpt_4o_b,908,0.0,0
iterative,gpt_4o_b,909,0.0,0
iterative,gpt_4o_b,910,0.0,0
iterative,gpt_4o_b,911,0.0,0
iterative,gpt_4o_b,912,0.0,0
iterative,gpt_4o_b,913,0.0,0
iterative,gpt_4o_b,914,0.0,0
iterative,gpt_4o_b,915,0.0,0
iterative,gpt_4o_b,916,0.0,0
iterative,gpt_4o_b,917,0.0,0
iterative,gpt_4o_b,918,0.0,0
iterative,gpt_4o_b,919,0.0,0
iterative,gpt_4o_b,920,0.0,0
iterative,gpt_4o_b,921,0.0,0
iterative,gpt_4o_b,922,0.0,0
iterative,gpt_4o_b,923,0.0,0
iterative,gpt_4o_b,924,0.0,0
iterative,gpt_4o_b,925,0.0,0
iterative,gpt_4o_b,926,0.0,0
iterative,gpt_4o_b,927,0.0,0
iterative,gpt_4o_b,928,0.0,0
iterative,gpt_4o_b,929,0.0,0
iterative,gpt_4o_b,930,0.0,0
iterative,gpt_4o_b,931,0.0,0
iterative,gpt_4o_b,932,0.0,0
iterative,gpt_4o_b,933,0.0,0
iterative,gpt_4o_b,934,0.0,0
iterative,gpt_4o_b,935,0.0,0
iterative,gpt_4o_b,936,0.0,0
iterative,gpt_4o_b,937,0.0,0
iterative,gpt_4o_b,938,0.0,0
iterative,gpt_4o_b,939,0.0,0
iterative,gpt_4o_b,940,0.0,0
iterative,gpt_4o_b,941,0.0,0
iterative,gpt_4o_b,942,0.0,0
iterative,gpt_4o_b,943,0.0,0
iterative,gpt_4o_b,944,0.0,0
iterative,gpt_4o_b,945,0.0,0
iterative,gpt_4o_b,946,0.0,0
iterative,gpt_4o_b,947,0.0,0
iterative,gpt_4o_b,948,0.0,0
iterative,gpt_4o_b,949,0.0,0
iterative,gpt_4o_b,950,0.0,0
iterative,gpt_4o_b,951,0.0,0
iterative,gpt_4o_b,952,0.0,0
iterative,gpt_4o_b,953,0.0,0
iterative,gpt_4o_b,954,0.0,0
iterative,gpt_4o_b,955,0.0,0
iterative,gpt_4o_b,956,0.0,0
iterative,gpt_4o_b,957,0.0,0
iterative,gpt_4o_b,958,0.0,0
iterative,gpt_4o_b,959,0.0,0
iterative,gpt_4o_b,960,0.0,0
iterative,gpt_4o_b,961,0.0,0
iterative,gpt_4o_b,962,0.0,0
iterative,gpt_4o_b,963,0.0,0
iterative,gpt_4o_b,964,0.0,0
iterative,gpt_4o_b,965,0.0,0
iterative,gpt_4o_b,966,0.0,0
iterative,gpt_4o_b,967,0.0,0
iterative,gpt_4o_b,968,0.0,0
iterative,gpt_4o_b,969,0.0,0
iterative,gpt_4o_b,970,0.0,0
iterative,gpt_4o_b,971,0.0,0
iterative,gpt_4o_b,972,0.0,0
iterative,gpt_4o_b,973,0.0,0
iterative,gpt_4o_b,974,0.0,0
iterative,gpt_4o_b,975,0.0,0
iterative,gpt_4o_b,976,0.0,0
iterative,gpt_4o_b,977,0.0,0
iterative,gpt_4o_b,978,0.0,0
iterative,gpt_4o_b,979,0.0,0
iterative,gpt_4o_b,980,0.0,0
iterative,gpt_4o_b,981,0.0,0
iterative,gpt_4o_b,982,0.0,0
iterative,gpt_4o_b,983,0.0,0
iterative,gpt_4o_b,984,0.0,0
iterative,gpt_4o_b,985,0.0,0
iterative,gpt_4o_b,986,0.0,0
iterative,gpt_4o_b,987,0.0,0
iterative,gpt_4o_b,988,0.0,0
iterative,gpt_4o_b,989,0.0,0
iterative,gpt_4o_b,990,0.0,0
iterative,gpt_4o_b,991,0.0,0
iterative,gpt_4o_b,992,0.0,0
iterative,gpt_4o_b,993,0.0,0
iterative,gpt_4o_b,994,0.0,0
iterative,gpt_4o_b,995,0.0,0
iterative,gpt_4o_b,996,0.0,0
iterative,gpt_4o_b,997,0.0,0
iterative,gpt_4o_b,998,0.0,0
iterative,gpt_4o_b,999,0.0,0
